{
"type": "FeatureCollection",
"name": "bofedales_v2",
"crs": { "type": "name", "properties": { "name": "urn:ogc:def:crs:OGC:1.3:CRS84" } },
"features": [
{ "type": "Feature", "properties": { "raster_value": 1, "overlap_with_reference": 0.5454545454471641, "bofedal_id": "f95efd6e-560d-524a-8c02-65202c05a203" }, "geometry": { "type": "Polygon", "coordinates": [ [ [ -65.171875547587177, -22.092357613879802 ], [ -65.171875547587177, -22.092896603050278 ], [ -65.172145042172403, -22.092896603050278 ], [ -65.172145042172403, -22.093166097635518 ], [ -65.172414536757643, -22.093166097635518 ], [ -65.172414536757643, -22.093974581391219 ], [ -65.171875547587177, -22.093974581391226 ], [ -65.171875547587177, -22.093705086805986 ], [ -65.171336558416698, -22.093705086805986 ], [ -65.171336558416698, -22.093435592220754 ], [ -65.170797569246233, -22.09343559222075 ], [ -65.170797569246233, -22.093166097635518 ], [ -65.171067063831472, -22.093166097635518 ], [ -65.171067063831472, -22.092357613879805 ], [ -65.171875547587177, -22.092357613879802 ] ] ] } },
{ "type": "Feature", "properties": { "raster_value": 1, "overlap_with_reference": 0.84745762710113282, "bofedal_id": "cda10d76-b0d8-53f5-b3ce-c15e03482410" }, "geometry": { "type": "Polygon", "coordinates": [ [ [ -65.243561107259907, -22.119037577818144 ], [ -65.243561107259907, -22.11930707240338 ], [ -65.243830601845147, -22.119307072403387 ], [ -65.243830601845147, -22.120924039914808 ], [ -65.243561107259907, -22.120924039914808 ], [ -65.243561107259907, -22.121463029085277 ], [ -65.243291612674682, -22.12146302908528 ], [ -65.243291612674682, -22.122002018255749 ], [ -65.243022118089442, -22.122002018255753 ], [ -65.243022118089442, -22.122810502011454 ], [ -65.242483128918963, -22.122810502011454 ], [ -65.242483128918963, -22.123079996596694 ], [ -65.242213634333737, -22.123079996596687 ], [ -65.242213634333737, -22.122002018255753 ], [ -65.242483128918963, -22.122002018255753 ], [ -65.242483128918963, -22.120654545329575 ], [ -65.242213634333737, -22.120654545329568 ], [ -65.242213634333737, -22.11957656698862 ], [ -65.242752623504202, -22.119576566988631 ], [ -65.242752623504202, -22.119307072403377 ], [ -65.243022118089442, -22.119307072403391 ], [ -65.243022118089442, -22.119037577818158 ], [ -65.243561107259907, -22.119037577818144 ] ] ] } },
{ "type": "Feature", "properties": { "raster_value": 1, "overlap_with_reference": 0.66666666667826269, "bofedal_id": "9328bfa6-18a1-57ca-938a-7dadab9770e8" }, "geometry": { "type": "Polygon", "coordinates": [ [ [ -65.102615439181562, -22.124427469522875 ], [ -65.102615439181562, -22.124696964108111 ], [ -65.102884933766788, -22.124696964108107 ], [ -65.102884933766788, -22.12496645869334 ], [ -65.102615439181562, -22.124966458693347 ], [ -65.102615439181562, -22.125505447863819 ], [ -65.102345944596323, -22.125505447863816 ], [ -65.102345944596323, -22.125774942449048 ], [ -65.101806955425857, -22.125774942449052 ], [ -65.101806955425857, -22.126044437034292 ], [ -65.101537460840618, -22.126044437034285 ], [ -65.101537460840618, -22.126313931619514 ], [ -65.101267966255378, -22.126313931619521 ], [ -65.101267966255378, -22.125505447863823 ], [ -65.101537460840618, -22.125505447863816 ], [ -65.101537460840618, -22.125235953278573 ], [ -65.101806955425857, -22.125235953278583 ], [ -65.101806955425857, -22.124966458693351 ], [ -65.102076450011083, -22.124966458693351 ], [ -65.102076450011083, -22.124696964108104 ], [ -65.102345944596323, -22.1246969641081 ], [ -65.102345944596323, -22.124427469522878 ], [ -65.102615439181562, -22.124427469522875 ] ] ] } },
{ "type": "Feature", "properties": { "raster_value": 1, "overlap_with_reference": 0.57999999999204632, "bofedal_id": "17ae1eed-2020-5ea2-bfe8-2b0dccff6dd3" }, "geometry": { "type": "MultiPolygon", "coordinates": [ [ [ [ -65.100189987914433, -22.133320790835654 ], [ -65.100189987914433, -22.135207252932311 ], [ -65.099920493329194, -22.135207252932304 ], [ -65.099920493329194, -22.136015736688016 ], [ -65.099650998743968, -22.136015736688019 ], [ -65.099650998743968, -22.136554725858492 ], [ -65.099381504158728, -22.136554725858485 ], [ -65.099381504158728, -22.136824220443728 ], [ -65.099112009573489, -22.136824220443721 ], [ -65.099112009573489, -22.136285231273252 ], [ -65.099381504158728, -22.136285231273249 ], [ -65.099381504158728, -22.136015736688012 ], [ -65.098842514988263, -22.136015736688027 ], [ -65.098842514988263, -22.136285231273252 ], [ -65.098573020403023, -22.136285231273249 ], [ -65.098573020403023, -22.136554725858481 ], [ -65.098303525817784, -22.136554725858485 ], [ -65.098303525817784, -22.136824220443721 ], [ -65.098034031232544, -22.136824220443721 ], [ -65.098034031232544, -22.137363209614193 ], [ -65.098303525817784, -22.137363209614193 ], [ -65.098303525817784, -22.137632704199429 ], [ -65.098573020403023, -22.137632704199429 ], [ -65.098573020403023, -22.138171693369902 ], [ -65.098842514988263, -22.138171693369902 ], [ -65.098842514988263, -22.138441187955138 ], [ -65.098303525817784, -22.138441187955134 ], [ -65.098303525817784, -22.138980177125603 ], [ -65.098034031232544, -22.138980177125607 ], [ -65.098034031232544, -22.140327650051784 ], [ -65.098573020403023, -22.140327650051791 ], [ -65.098573020403023, -22.141136133807496 ], [ -65.099381504158728, -22.1411361338075 ], [ -65.099381504158728, -22.140327650051788 ], [ -65.099650998743968, -22.140327650051791 ], [ -65.099650998743968, -22.140058155466551 ], [ -65.099920493329194, -22.140058155466555 ], [ -65.099920493329194, -22.139788660881315 ], [ -65.100189987914433, -22.139788660881319 ], [ -65.100189987914433, -22.139249671710846 ], [ -65.100459482499673, -22.139249671710846 ], [ -65.100459482499673, -22.13898017712561 ], [ -65.100189987914433, -22.13898017712561 ], [ -65.100189987914433, -22.138441187955138 ], [ -65.100459482499673, -22.138441187955138 ], [ -65.100459482499673, -22.137363209614197 ], [ -65.100189987914433, -22.137363209614186 ], [ -65.100189987914433, -22.137093715028957 ], [ -65.100459482499673, -22.137093715028957 ], [ -65.100459482499673, -22.136285231273256 ], [ -65.100728977084913, -22.136285231273252 ], [ -65.100728977084913, -22.136015736688012 ], [ -65.100459482499673, -22.136015736688012 ], [ -65.100459482499673, -22.133320790835654 ], [ -65.100189987914433, -22.133320790835654 ] ] ], [ [ [ -65.098034031232544, -22.132781801665182 ], [ -65.098034031232544, -22.133051296250414 ], [ -65.097225547476839, -22.133051296250422 ], [ -65.097225547476839, -22.133590285420887 ], [ -65.098842514988263, -22.133590285420897 ], [ -65.098842514988263, -22.133051296250418 ], [ -65.098303525817784, -22.133051296250418 ], [ -65.098303525817784, -22.132781801665178 ], [ -65.098034031232544, -22.132781801665182 ] ] ] ] } },
{ "type": "Feature", "properties": { "raster_value": 1, "overlap_with_reference": 0.52348993287648016, "bofedal_id": "6a3e1b39-fe32-5173-ae0c-c150d8a7c11e" }, "geometry": { "type": "MultiPolygon", "coordinates": [ [ [ [ -65.130642876046082, -22.169972054427738 ], [ -65.130642876046082, -22.170511043598189 ], [ -65.130912370631322, -22.170511043598207 ], [ -65.130912370631322, -22.17078053818344 ], [ -65.131181865216561, -22.170780538183433 ], [ -65.131181865216561, -22.171589021939141 ], [ -65.131451359801801, -22.171589021939145 ], [ -65.131451359801801, -22.172128011109614 ], [ -65.131720854387027, -22.172128011109628 ], [ -65.131720854387027, -22.172667000280097 ], [ -65.131451359801801, -22.172667000280082 ], [ -65.131451359801801, -22.172936494865333 ], [ -65.131181865216561, -22.172936494865333 ], [ -65.131181865216561, -22.173205989450569 ], [ -65.131720854387027, -22.173205989450562 ], [ -65.131720854387027, -22.172936494865333 ], [ -65.131990348972266, -22.172936494865326 ], [ -65.131990348972266, -22.172667000280086 ], [ -65.133068327313211, -22.172667000280086 ], [ -65.133068327313211, -22.172397505694853 ], [ -65.133337821898451, -22.172397505694846 ], [ -65.133337821898451, -22.172667000280086 ], [ -65.134146305654156, -22.172667000280086 ], [ -65.134146305654156, -22.171858516524377 ], [ -65.133876811068916, -22.171858516524384 ], [ -65.133876811068916, -22.171589021939141 ], [ -65.133607316483676, -22.171589021939148 ], [ -65.133607316483676, -22.171319527353909 ], [ -65.133337821898451, -22.171319527353912 ], [ -65.133337821898451, -22.171050032768672 ], [ -65.131720854387027, -22.171050032768676 ], [ -65.131720854387027, -22.17078053818344 ], [ -65.131451359801801, -22.170780538183436 ], [ -65.131451359801801, -22.170511043598196 ], [ -65.131181865216561, -22.170511043598204 ], [ -65.131181865216561, -22.170241549012964 ], [ -65.130912370631322, -22.170241549012964 ], [ -65.130912370631322, -22.169972054427731 ], [ -65.130642876046082, -22.169972054427738 ] ] ], [ [ [ -65.127678435608487, -22.165390646478723 ], [ -65.127678435608487, -22.165929635649203 ], [ -65.127408941023262, -22.165929635649199 ], [ -65.127408941023262, -22.166468624819668 ], [ -65.127139446438022, -22.166468624819668 ], [ -65.127139446438022, -22.167277108575373 ], [ -65.127408941023262, -22.167277108575369 ], [ -65.127408941023262, -22.167816097745845 ], [ -65.127678435608487, -22.167816097745842 ], [ -65.127678435608487, -22.168624581501557 ], [ -65.128217424778967, -22.168624581501547 ], [ -65.128217424778967, -22.16889407608679 ], [ -65.127947930193727, -22.168894076086794 ], [ -65.127947930193727, -22.169433065257259 ], [ -65.128217424778967, -22.169433065257262 ], [ -65.128217424778967, -22.169702559842488 ], [ -65.128486919364207, -22.169702559842499 ], [ -65.128486919364207, -22.169433065257262 ], [ -65.128756413949432, -22.169433065257266 ], [ -65.128756413949432, -22.16916357067203 ], [ -65.130103886875617, -22.169163570672026 ], [ -65.130103886875617, -22.168624581501557 ], [ -65.129564897705137, -22.16862458150155 ], [ -65.129564897705137, -22.168085592331085 ], [ -65.129295403119912, -22.168085592331082 ], [ -65.129295403119912, -22.167546603160606 ], [ -65.129564897705137, -22.167546603160613 ], [ -65.129564897705137, -22.16700761399014 ], [ -65.129834392290377, -22.16700761399014 ], [ -65.129834392290377, -22.166199130234435 ], [ -65.129295403119912, -22.166199130234435 ], [ -65.129295403119912, -22.166468624819665 ], [ -65.128756413949432, -22.166468624819668 ], [ -65.128756413949432, -22.166738119404904 ], [ -65.129025908534672, -22.166738119404904 ], [ -65.129025908534672, -22.167277108575369 ], [ -65.128486919364207, -22.167277108575369 ], [ -65.128486919364207, -22.16700761399014 ], [ -65.128217424778967, -22.16700761399014 ], [ -65.128217424778967, -22.166738119404904 ], [ -65.127947930193727, -22.166738119404901 ], [ -65.127947930193727, -22.165929635649196 ], [ -65.128217424778967, -22.165929635649196 ], [ -65.128217424778967, -22.165390646478723 ], [ -65.127678435608487, -22.165390646478723 ] ] ] ] } },
{ "type": "Feature", "properties": { "raster_value": 1, "overlap_with_reference": 0.52272727272162056, "bofedal_id": "6288c12c-defa-50da-8ee0-20c34a55feb8" }, "geometry": { "type": "MultiPolygon", "coordinates": [ [ [ [ -65.146543056574998, -22.171589021939145 ], [ -65.146543056574998, -22.172128011109621 ], [ -65.146812551160238, -22.17212801110961 ], [ -65.146812551160238, -22.173205989450555 ], [ -65.147351540330718, -22.173205989450565 ], [ -65.147351540330718, -22.173475484035805 ], [ -65.147621034915943, -22.173475484035801 ], [ -65.147621034915943, -22.174014473206277 ], [ -65.147890529501183, -22.174014473206274 ], [ -65.147890529501183, -22.174283967791503 ], [ -65.148160024086422, -22.174283967791503 ], [ -65.148160024086422, -22.174553462376739 ], [ -65.148429518671648, -22.174553462376739 ], [ -65.148429518671648, -22.174822956961979 ], [ -65.148968507842127, -22.174822956961972 ], [ -65.148968507842127, -22.175092451547208 ], [ -65.149238002427367, -22.175092451547215 ], [ -65.149238002427367, -22.175361946132448 ], [ -65.149776991597832, -22.17536194613244 ], [ -65.149776991597832, -22.175631440717684 ], [ -65.150046486183072, -22.175631440717677 ], [ -65.150046486183072, -22.175900935302924 ], [ -65.151124464524017, -22.175900935302916 ], [ -65.151124464524017, -22.176170429888156 ], [ -65.151663453694482, -22.176170429888156 ], [ -65.151663453694482, -22.176439924473385 ], [ -65.151932948279722, -22.176439924473382 ], [ -65.151932948279722, -22.176170429888163 ], [ -65.152202442864962, -22.17617042988816 ], [ -65.152202442864962, -22.175900935302916 ], [ -65.151932948279722, -22.175900935302931 ], [ -65.151932948279722, -22.175631440717687 ], [ -65.151663453694482, -22.175631440717684 ], [ -65.151663453694482, -22.175092451547211 ], [ -65.151393959109242, -22.175092451547215 ], [ -65.151393959109242, -22.172667000280082 ], [ -65.150315980768312, -22.172667000280089 ], [ -65.150315980768312, -22.17239750569485 ], [ -65.149776991597832, -22.172397505694853 ], [ -65.149776991597832, -22.172667000280086 ], [ -65.149238002427367, -22.172667000280093 ], [ -65.149238002427367, -22.172936494865329 ], [ -65.148968507842127, -22.172936494865329 ], [ -65.148968507842127, -22.173205989450558 ], [ -65.148699013256888, -22.173205989450562 ], [ -65.148699013256888, -22.172936494865329 ], [ -65.147890529501183, -22.172936494865329 ], [ -65.147890529501183, -22.172667000280093 ], [ -65.147082045745478, -22.172667000280093 ], [ -65.147082045745478, -22.171858516524381 ], [ -65.146812551160238, -22.171858516524381 ], [ -65.146812551160238, -22.171589021939141 ], [ -65.146543056574998, -22.171589021939145 ] ] ], [ [ [ -65.153280421205906, -22.17239750569485 ], [ -65.153280421205906, -22.172667000280093 ], [ -65.153010926620667, -22.172667000280086 ], [ -65.153010926620667, -22.172936494865329 ], [ -65.152471937450187, -22.172936494865329 ], [ -65.152471937450187, -22.173205989450565 ], [ -65.152202442864962, -22.173205989450569 ], [ -65.152202442864962, -22.173475484035791 ], [ -65.152741432035427, -22.173475484035798 ], [ -65.152741432035427, -22.17428396779151 ], [ -65.153010926620667, -22.174283967791499 ], [ -65.153010926620667, -22.174014473206274 ], [ -65.153819410376371, -22.17401447320627 ], [ -65.153819410376371, -22.172936494865333 ], [ -65.154088904961611, -22.172936494865322 ], [ -65.154088904961611, -22.172667000280082 ], [ -65.153549915791132, -22.172667000280082 ], [ -65.153549915791132, -22.172397505694853 ], [ -65.153280421205906, -22.17239750569485 ] ] ] ] } },
{ "type": "Feature", "properties": { "raster_value": 1, "overlap_with_reference": 0.75000000000288347, "bofedal_id": "444447c2-c614-5d14-8091-18ced0f4c9dd" }, "geometry": { "type": "Polygon", "coordinates": [ [ [ -66.592112011780131, -22.30579732538661 ], [ -66.592112011780131, -22.306336314557072 ], [ -66.591842517194905, -22.306336314557079 ], [ -66.591842517194905, -22.306605809142315 ], [ -66.591303528024426, -22.306605809142308 ], [ -66.591303528024426, -22.306875303727541 ], [ -66.590764538853961, -22.306875303727544 ], [ -66.590764538853961, -22.305797325386603 ], [ -66.592112011780131, -22.30579732538661 ] ] ] } },
{ "type": "Feature", "properties": { "raster_value": 1, "overlap_with_reference": 0.73015873015934285, "bofedal_id": "2c3dcb1d-cd06-50ca-a922-e9700efe8f3e" }, "geometry": { "type": "Polygon", "coordinates": [ [ [ -66.049080422529883, -22.306336314557068 ], [ -66.049080422529883, -22.307144798312788 ], [ -66.048541433359432, -22.307144798312788 ], [ -66.048541433359432, -22.30768378748326 ], [ -66.048810927944658, -22.307683787483249 ], [ -66.048810927944658, -22.308222776653725 ], [ -66.048271938774178, -22.308222776653725 ], [ -66.048271938774178, -22.308492271238965 ], [ -66.048002444188938, -22.308492271238965 ], [ -66.048002444188938, -22.308761765824194 ], [ -66.048271938774178, -22.308761765824197 ], [ -66.048271938774178, -22.30903126040943 ], [ -66.048810927944658, -22.309031260409434 ], [ -66.048810927944658, -22.30930075499467 ], [ -66.048541433359432, -22.30930075499467 ], [ -66.048541433359432, -22.309839744165139 ], [ -66.048810927944658, -22.309839744165131 ], [ -66.048810927944658, -22.310109238750382 ], [ -66.048541433359432, -22.310109238750375 ], [ -66.048541433359432, -22.310378733335611 ], [ -66.048002444188938, -22.310378733335618 ], [ -66.048002444188938, -22.310648227920851 ], [ -66.047732949603713, -22.310648227920847 ], [ -66.047732949603713, -22.310109238750378 ], [ -66.047463455018487, -22.310109238750382 ], [ -66.047463455018487, -22.309300754994666 ], [ -66.047193960433233, -22.30930075499467 ], [ -66.047193960433233, -22.308761765824197 ], [ -66.047463455018487, -22.308761765824197 ], [ -66.047463455018487, -22.306875303727541 ], [ -66.047732949603713, -22.306875303727548 ], [ -66.047732949603713, -22.306605809142308 ], [ -66.048002444188938, -22.306605809142312 ], [ -66.048002444188938, -22.306336314557068 ], [ -66.048271938774178, -22.306336314557072 ], [ -66.048271938774178, -22.306605809142312 ], [ -66.048810927944658, -22.306605809142312 ], [ -66.048810927944658, -22.306336314557068 ], [ -66.049080422529883, -22.306336314557068 ] ] ] } },
{ "type": "Feature", "properties": { "raster_value": 1, "overlap_with_reference": 0.90860215052088356, "bofedal_id": "7bd1c10e-5115-5df3-87cd-bf3137165350" }, "geometry": { "type": "MultiPolygon", "coordinates": [ [ [ [ -66.580254250029753, -22.31091772250608 ], [ -66.580254250029753, -22.311187217091323 ], [ -66.579715260859288, -22.311187217091319 ], [ -66.579715260859288, -22.310917722506083 ], [ -66.579445766274048, -22.310917722506083 ], [ -66.579445766274048, -22.310648227920847 ], [ -66.579176271688823, -22.310648227920844 ], [ -66.579176271688823, -22.311187217091319 ], [ -66.579445766274048, -22.311187217091319 ], [ -66.579445766274048, -22.311456711676559 ], [ -66.579715260859288, -22.311456711676556 ], [ -66.579715260859288, -22.311726206261802 ], [ -66.579984755444528, -22.311726206261792 ], [ -66.579984755444528, -22.312265195432261 ], [ -66.580254250029753, -22.312265195432268 ], [ -66.580254250029753, -22.3125346900175 ], [ -66.580523744614993, -22.312534690017504 ], [ -66.580523744614993, -22.31307367918798 ], [ -66.581062733785473, -22.313073679187973 ], [ -66.581062733785473, -22.312804184602729 ], [ -66.581601722955938, -22.31280418460274 ], [ -66.581601722955938, -22.3125346900175 ], [ -66.582140712126417, -22.312534690017504 ], [ -66.582140712126417, -22.312265195432261 ], [ -66.582410206711643, -22.312265195432264 ], [ -66.582410206711643, -22.311726206261799 ], [ -66.581601722955938, -22.311726206261799 ], [ -66.581601722955938, -22.311456711676556 ], [ -66.581332228370698, -22.311456711676556 ], [ -66.581332228370698, -22.310917722506076 ], [ -66.580254250029753, -22.31091772250608 ] ] ], [ [ [ -66.584296668808292, -22.311726206261792 ], [ -66.584296668808292, -22.311995700847021 ], [ -66.585105152564012, -22.311995700847024 ], [ -66.585105152564012, -22.311726206261792 ], [ -66.585374647149237, -22.311726206261792 ], [ -66.585374647149237, -22.311187217091323 ], [ -66.585644141734477, -22.311187217091323 ], [ -66.585644141734477, -22.310648227920847 ], [ -66.585913636319717, -22.310648227920851 ], [ -66.585913636319717, -22.310109238750375 ], [ -66.586183130904942, -22.310109238750375 ], [ -66.586183130904942, -22.309570249579902 ], [ -66.586452625490182, -22.309570249579895 ], [ -66.586452625490182, -22.309031260409437 ], [ -66.586722120075422, -22.309031260409434 ], [ -66.586722120075422, -22.308761765824197 ], [ -66.586452625490182, -22.308761765824197 ], [ -66.586452625490182, -22.308492271238961 ], [ -66.585644141734477, -22.308492271238965 ], [ -66.585644141734477, -22.308222776653729 ], [ -66.584835657978772, -22.308222776653729 ], [ -66.584835657978772, -22.308492271238958 ], [ -66.584296668808292, -22.308492271238968 ], [ -66.584296668808292, -22.308222776653725 ], [ -66.584027174223067, -22.308222776653732 ], [ -66.584027174223067, -22.308492271238965 ], [ -66.583488185052587, -22.308492271238968 ], [ -66.583488185052587, -22.308761765824205 ], [ -66.583757679637827, -22.308761765824197 ], [ -66.583757679637827, -22.309570249579902 ], [ -66.584296668808292, -22.309570249579902 ], [ -66.584296668808292, -22.309839744165139 ], [ -66.584027174223067, -22.309839744165146 ], [ -66.584027174223067, -22.310378733335618 ], [ -66.583757679637827, -22.310378733335611 ], [ -66.583757679637827, -22.310648227920854 ], [ -66.583218690467348, -22.310648227920851 ], [ -66.583218690467348, -22.31091772250608 ], [ -66.582679701296883, -22.31091772250608 ], [ -66.582679701296883, -22.310378733335618 ], [ -66.581871217541178, -22.310378733335614 ], [ -66.581871217541178, -22.310109238750375 ], [ -66.581601722955938, -22.310109238750378 ], [ -66.581601722955938, -22.310378733335622 ], [ -66.581332228370698, -22.310378733335622 ], [ -66.581332228370698, -22.310917722506076 ], [ -66.582410206711643, -22.310917722506083 ], [ -66.582410206711643, -22.311187217091323 ], [ -66.582140712126417, -22.311187217091323 ], [ -66.582140712126417, -22.311456711676559 ], [ -66.582410206711643, -22.311456711676566 ], [ -66.582410206711643, -22.311726206261799 ], [ -66.584296668808292, -22.311726206261792 ] ] ] ] } },
{ "type": "Feature", "properties": { "raster_value": 1, "overlap_with_reference": 0.56249999999755407, "bofedal_id": "b3a94691-7eee-5bd4-948f-b38b299e3ad4" }, "geometry": { "type": "Polygon", "coordinates": [ [ [ -65.596868508504116, -22.434615737129349 ], [ -65.596868508504116, -22.434885231714585 ], [ -65.597407497674595, -22.434885231714578 ], [ -65.597407497674595, -22.435154726299817 ], [ -65.597946486845061, -22.435154726299817 ], [ -65.597946486845061, -22.434885231714585 ], [ -65.5982159814303, -22.434885231714581 ], [ -65.5982159814303, -22.435693715470283 ], [ -65.598754970600766, -22.435693715470286 ], [ -65.598754970600766, -22.436232704640762 ], [ -65.59848547601554, -22.436232704640762 ], [ -65.59848547601554, -22.435963210055526 ], [ -65.597946486845061, -22.435963210055526 ], [ -65.597946486845061, -22.435693715470283 ], [ -65.597676992259821, -22.435693715470283 ], [ -65.597676992259821, -22.435424220885054 ], [ -65.597138003089356, -22.435424220885054 ], [ -65.597138003089356, -22.435154726299817 ], [ -65.59659901391889, -22.435154726299817 ], [ -65.59659901391889, -22.434885231714581 ], [ -65.596329519333651, -22.434885231714581 ], [ -65.596329519333651, -22.434615737129345 ], [ -65.596868508504116, -22.434615737129349 ] ] ] } },
{ "type": "Feature", "properties": { "raster_value": 1, "overlap_with_reference": 0.54166666664791074, "bofedal_id": "5acd514f-3717-5ba9-8afc-d1c608030dcc" }, "geometry": { "type": "Polygon", "coordinates": [ [ [ -65.595521035577946, -22.441892090930711 ], [ -65.595521035577946, -22.442161585515951 ], [ -65.596060024748411, -22.44216158551594 ], [ -65.596060024748411, -22.44243108010118 ], [ -65.596329519333651, -22.44243108010118 ], [ -65.596329519333651, -22.44270057468642 ], [ -65.59659901391889, -22.442700574686423 ], [ -65.59659901391889, -22.443509058442128 ], [ -65.596868508504116, -22.443509058442121 ], [ -65.596868508504116, -22.443778553027364 ], [ -65.596329519333651, -22.443778553027364 ], [ -65.596329519333651, -22.443509058442128 ], [ -65.596060024748411, -22.443509058442125 ], [ -65.596060024748411, -22.443239563856888 ], [ -65.595790530163171, -22.443239563856896 ], [ -65.595790530163171, -22.442970069271656 ], [ -65.594982046407466, -22.442970069271652 ], [ -65.594982046407466, -22.441892090930708 ], [ -65.595521035577946, -22.441892090930711 ] ] ] } },
{ "type": "Feature", "properties": { "raster_value": 1, "overlap_with_reference": 0.59999999996249465, "bofedal_id": "b12f181c-b502-5c9d-824b-9bf7c23154f9" }, "geometry": { "type": "Polygon", "coordinates": [ [ [ -65.685532227046721, -22.470189022380474 ], [ -65.685532227046721, -22.470458516965717 ], [ -65.685801721631947, -22.470458516965721 ], [ -65.685801721631947, -22.47072801155095 ], [ -65.686071216217186, -22.47072801155095 ], [ -65.686071216217186, -22.471267000721411 ], [ -65.686340710802426, -22.471267000721411 ], [ -65.686340710802426, -22.471536495306658 ], [ -65.685532227046721, -22.471536495306651 ], [ -65.685532227046721, -22.471267000721411 ], [ -65.684993237876242, -22.471267000721419 ], [ -65.684993237876242, -22.471536495306658 ], [ -65.684723743291002, -22.471536495306658 ], [ -65.684723743291002, -22.47099750613619 ], [ -65.684993237876242, -22.470997506136179 ], [ -65.684993237876242, -22.470728011550946 ], [ -65.684184754120537, -22.470728011550946 ], [ -65.684184754120537, -22.470458516965717 ], [ -65.685262732461482, -22.470458516965707 ], [ -65.685262732461482, -22.470189022380481 ], [ -65.685532227046721, -22.470189022380474 ] ] ] } },
{ "type": "Feature", "properties": { "raster_value": 1, "overlap_with_reference": 0.63636363637752735, "bofedal_id": "827dd187-d417-5b28-95eb-e4b9a21489f4" }, "geometry": { "type": "Polygon", "coordinates": [ [ [ -65.368067605638871, -22.480429816619438 ], [ -65.368067605638871, -22.48069931120467 ], [ -65.36860659480935, -22.480699311204678 ], [ -65.36860659480935, -22.480968805789907 ], [ -65.36833710022411, -22.48096880578991 ], [ -65.36833710022411, -22.48123830037515 ], [ -65.367259121883166, -22.481238300375139 ], [ -65.367259121883166, -22.480699311204681 ], [ -65.367528616468405, -22.480699311204678 ], [ -65.367528616468405, -22.480429816619449 ], [ -65.368067605638871, -22.480429816619438 ] ] ] } },
{ "type": "Feature", "properties": { "raster_value": 1, "overlap_with_reference": 0.74999999996638356, "bofedal_id": "b801e4f1-2e2e-511d-a500-75597190e385" }, "geometry": { "type": "Polygon", "coordinates": [ [ [ -66.616097029866125, -22.490401116273166 ], [ -66.616097029866125, -22.490670610858395 ], [ -66.616636019036605, -22.490670610858402 ], [ -66.616636019036605, -22.491209600028871 ], [ -66.616366524451365, -22.491209600028874 ], [ -66.616366524451365, -22.49147909461411 ], [ -66.616636019036605, -22.491479094614114 ], [ -66.616636019036605, -22.492018083784586 ], [ -66.616366524451365, -22.492018083784576 ], [ -66.616366524451365, -22.491748589199346 ], [ -66.61528854611042, -22.491748589199339 ], [ -66.61528854611042, -22.490940105443627 ], [ -66.61555804069566, -22.490940105443631 ], [ -66.61555804069566, -22.490670610858402 ], [ -66.615827535280886, -22.490670610858395 ], [ -66.615827535280886, -22.490401116273166 ], [ -66.616097029866125, -22.490401116273166 ] ] ] } },
{ "type": "Feature", "properties": { "raster_value": 1, "overlap_with_reference": 0.83333333333205151, "bofedal_id": "3bc6a15c-085e-577b-acff-7b5c450288ba" }, "geometry": { "type": "MultiPolygon", "coordinates": [ [ [ [ -66.475420856373006, -22.530286314888077 ], [ -66.475420856373006, -22.530555809473306 ], [ -66.474073383446836, -22.530555809473306 ], [ -66.474073383446836, -22.530825304058542 ], [ -66.474342878032061, -22.530825304058542 ], [ -66.474342878032061, -22.531364293229014 ], [ -66.474073383446836, -22.531364293229018 ], [ -66.474073383446836, -22.531903282399487 ], [ -66.474342878032061, -22.531903282399487 ], [ -66.474342878032061, -22.53217277698473 ], [ -66.475690350958246, -22.532172776984723 ], [ -66.475690350958246, -22.531903282399494 ], [ -66.475959845543485, -22.53190328239949 ], [ -66.475959845543485, -22.53028631488807 ], [ -66.475420856373006, -22.530286314888077 ] ] ], [ [ [ -66.472456415935412, -22.529208336547129 ], [ -66.472456415935412, -22.529477831132358 ], [ -66.471917426764946, -22.529477831132361 ], [ -66.471917426764946, -22.529747325717597 ], [ -66.471647932179707, -22.529747325717597 ], [ -66.471647932179707, -22.530016820302844 ], [ -66.471917426764946, -22.530016820302833 ], [ -66.471917426764946, -22.530555809473309 ], [ -66.472186921350186, -22.530555809473302 ], [ -66.472186921350186, -22.530825304058546 ], [ -66.472725910520651, -22.530825304058546 ], [ -66.472725910520651, -22.53028631488807 ], [ -66.472995405105891, -22.53028631488807 ], [ -66.472995405105891, -22.530016820302837 ], [ -66.473264899691131, -22.530016820302837 ], [ -66.473264899691131, -22.529747325717597 ], [ -66.472995405105891, -22.529747325717594 ], [ -66.472995405105891, -22.529477831132361 ], [ -66.472725910520651, -22.529477831132365 ], [ -66.472725910520651, -22.529208336547125 ], [ -66.472456415935412, -22.529208336547129 ] ] ] ] } },
{ "type": "Feature", "properties": { "raster_value": 1, "overlap_with_reference": 0.54545454544000971, "bofedal_id": "2fbe2e97-f38e-5048-bb0c-1f0597a922f8" }, "geometry": { "type": "Polygon", "coordinates": [ [ [ -66.775637824325756, -22.532711766155195 ], [ -66.775637824325756, -22.533250755325664 ], [ -66.775907318910996, -22.533250755325668 ], [ -66.775907318910996, -22.53378974449614 ], [ -66.776176813496221, -22.53378974449614 ], [ -66.776176813496221, -22.534328733666612 ], [ -66.776446308081461, -22.534328733666616 ], [ -66.776446308081461, -22.534598228251848 ], [ -66.776176813496221, -22.534598228251848 ], [ -66.776176813496221, -22.535137217422314 ], [ -66.7767158026667, -22.535137217422321 ], [ -66.7767158026667, -22.535406712007553 ], [ -66.777254791837166, -22.535406712007561 ], [ -66.777254791837166, -22.535676206592793 ], [ -66.777524286422405, -22.535676206592786 ], [ -66.777524286422405, -22.536754184933738 ], [ -66.777793781007645, -22.536754184933734 ], [ -66.777793781007645, -22.537562668689443 ], [ -66.777524286422405, -22.537562668689443 ], [ -66.777524286422405, -22.537832163274683 ], [ -66.777254791837166, -22.537832163274683 ], [ -66.777254791837166, -22.537562668689436 ], [ -66.77698529725194, -22.537562668689432 ], [ -66.77698529725194, -22.53729317410421 ], [ -66.7767158026667, -22.53729317410421 ], [ -66.7767158026667, -22.536754184933734 ], [ -66.776446308081461, -22.536754184933738 ], [ -66.776446308081461, -22.536215195763265 ], [ -66.776176813496221, -22.536215195763265 ], [ -66.776176813496221, -22.535945701178026 ], [ -66.775907318910996, -22.535945701178029 ], [ -66.775907318910996, -22.53567620659279 ], [ -66.775637824325756, -22.53567620659279 ], [ -66.775637824325756, -22.534867722837085 ], [ -66.775368329740516, -22.534867722837085 ], [ -66.775368329740516, -22.534328733666609 ], [ -66.775098835155291, -22.534328733666612 ], [ -66.775098835155291, -22.53325075532566 ], [ -66.775368329740516, -22.533250755325664 ], [ -66.775368329740516, -22.532711766155195 ], [ -66.775637824325756, -22.532711766155195 ] ] ] } },
{ "type": "Feature", "properties": { "raster_value": 1, "overlap_with_reference": 0.77272727273844, "bofedal_id": "616298a2-12bc-56be-9054-998e96ea9255" }, "geometry": { "type": "Polygon", "coordinates": [ [ [ -66.485661650611974, -22.535945701178029 ], [ -66.485661650611974, -22.536215195763265 ], [ -66.486200639782439, -22.536215195763269 ], [ -66.486200639782439, -22.53702367951897 ], [ -66.485931145197213, -22.537023679518974 ], [ -66.485931145197213, -22.538101657859912 ], [ -66.485661650611974, -22.538101657859908 ], [ -66.485661650611974, -22.537832163274675 ], [ -66.485392156026734, -22.537832163274675 ], [ -66.485392156026734, -22.537293174104207 ], [ -66.485122661441508, -22.537293174104207 ], [ -66.485122661441508, -22.535945701178029 ], [ -66.485661650611974, -22.535945701178029 ] ] ] } },
{ "type": "Feature", "properties": { "raster_value": 1, "overlap_with_reference": 0.52752293577869358, "bofedal_id": "4297023f-0d7d-5033-9642-741887f462ea" }, "geometry": { "type": "MultiPolygon", "coordinates": [ [ [ [ -66.93814305922298, -22.599546423293685 ], [ -66.93814305922298, -22.600085412464153 ], [ -66.938412553808206, -22.600085412464161 ], [ -66.938412553808206, -22.6003549070494 ], [ -66.93814305922298, -22.60035490704939 ], [ -66.93814305922298, -22.600893896219862 ], [ -66.937604070052501, -22.600893896219866 ], [ -66.937604070052501, -22.601163390805105 ], [ -66.937065080882036, -22.601163390805105 ], [ -66.937065080882036, -22.600893896219866 ], [ -66.935717607955851, -22.600893896219862 ], [ -66.935717607955851, -22.600624401634636 ], [ -66.934909124200146, -22.600624401634629 ], [ -66.934909124200146, -22.601163390805105 ], [ -66.934639629614907, -22.601163390805098 ], [ -66.934639629614907, -22.600893896219869 ], [ -66.934100640444441, -22.600893896219866 ], [ -66.934100640444441, -22.601163390805105 ], [ -66.934370135029681, -22.601163390805098 ], [ -66.934370135029681, -22.601432885390338 ], [ -66.934639629614907, -22.601432885390334 ], [ -66.934639629614907, -22.601702379975571 ], [ -66.934909124200146, -22.601702379975567 ], [ -66.934909124200146, -22.60224136914605 ], [ -66.935178618785386, -22.60224136914605 ], [ -66.935178618785386, -22.602510863731286 ], [ -66.935448113370612, -22.602510863731279 ], [ -66.935448113370612, -22.603049852901755 ], [ -66.935717607955851, -22.603049852901758 ], [ -66.935717607955851, -22.603319347486984 ], [ -66.935987102541091, -22.603319347486988 ], [ -66.935987102541091, -22.60358884207222 ], [ -66.936526091711556, -22.60358884207222 ], [ -66.936526091711556, -22.60385833665746 ], [ -66.936795586296796, -22.603858336657463 ], [ -66.936795586296796, -22.6041278312427 ], [ -66.937065080882036, -22.604127831242696 ], [ -66.937065080882036, -22.604397325827925 ], [ -66.937334575467275, -22.604397325827929 ], [ -66.937334575467275, -22.604666820413165 ], [ -66.938412553808206, -22.604666820413161 ], [ -66.938412553808206, -22.605475304168877 ], [ -66.93814305922298, -22.605475304168881 ], [ -66.93814305922298, -22.606014293339349 ], [ -66.938951542978685, -22.606014293339342 ], [ -66.938951542978685, -22.606283787924585 ], [ -66.939221037563925, -22.606283787924589 ], [ -66.939221037563925, -22.606553282509832 ], [ -66.939490532149151, -22.606553282509829 ], [ -66.939490532149151, -22.606822777095054 ], [ -66.93976002673439, -22.606822777095058 ], [ -66.93976002673439, -22.607361766265527 ], [ -66.940568510490095, -22.60736176626553 ], [ -66.940568510490095, -22.607631260850766 ], [ -66.94029901590487, -22.607631260850763 ], [ -66.94029901590487, -22.608170250021239 ], [ -66.940838005075335, -22.608170250021239 ], [ -66.940838005075335, -22.60897873377694 ], [ -66.940568510490095, -22.608978733776944 ], [ -66.940568510490095, -22.609517722947416 ], [ -66.941107499660575, -22.609517722947416 ], [ -66.941107499660575, -22.610056712117892 ], [ -66.9413769942458, -22.610056712117885 ], [ -66.9413769942458, -22.610326206703125 ], [ -66.94191598341628, -22.610326206703125 ], [ -66.94191598341628, -22.608978733776947 ], [ -66.94218547800152, -22.608978733776937 ], [ -66.94218547800152, -22.607900755435999 ], [ -66.942454972586745, -22.607900755435995 ], [ -66.942454972586745, -22.607631260850763 ], [ -66.942724467171985, -22.60763126085077 ], [ -66.942724467171985, -22.607361766265527 ], [ -66.942993961757224, -22.607361766265527 ], [ -66.942993961757224, -22.60709227168029 ], [ -66.943263456342464, -22.60709227168029 ], [ -66.943263456342464, -22.606822777095058 ], [ -66.94353295092769, -22.606822777095058 ], [ -66.94353295092769, -22.606553282509818 ], [ -66.943802445512929, -22.606553282509818 ], [ -66.943802445512929, -22.606283787924593 ], [ -66.944071940098169, -22.606283787924582 ], [ -66.944071940098169, -22.605744798754113 ], [ -66.943802445512929, -22.605744798754117 ], [ -66.943802445512929, -22.605205809583641 ], [ -66.944071940098169, -22.605205809583641 ], [ -66.944071940098169, -22.604397325827929 ], [ -66.943802445512929, -22.604397325827929 ], [ -66.943802445512929, -22.60358884207222 ], [ -66.94353295092769, -22.603588842072227 ], [ -66.94353295092769, -22.603319347486995 ], [ -66.942993961757224, -22.603319347486991 ], [ -66.942993961757224, -22.603049852901755 ], [ -66.943263456342464, -22.603049852901758 ], [ -66.943263456342464, -22.602780358316512 ], [ -66.942724467171985, -22.602780358316512 ], [ -66.942724467171985, -22.602510863731275 ], [ -66.942454972586745, -22.602510863731286 ], [ -66.942454972586745, -22.601702379975567 ], [ -66.94218547800152, -22.601702379975578 ], [ -66.94218547800152, -22.601163390805105 ], [ -66.94164648883104, -22.601163390805109 ], [ -66.94164648883104, -22.600893896219862 ], [ -66.9413769942458, -22.600893896219869 ], [ -66.9413769942458, -22.600624401634633 ], [ -66.940838005075335, -22.600624401634626 ], [ -66.940838005075335, -22.600085412464164 ], [ -66.940568510490095, -22.600085412464157 ], [ -66.940568510490095, -22.599546423293685 ], [ -66.93814305922298, -22.599546423293685 ] ] ], [ [ [ -66.931944683762552, -22.592000574907082 ], [ -66.931944683762552, -22.592270069492319 ], [ -66.931675189177312, -22.592270069492315 ], [ -66.931675189177312, -22.59280905866278 ], [ -66.931944683762552, -22.592809058662784 ], [ -66.931944683762552, -22.593617542418496 ], [ -66.932214178347792, -22.5936175424185 ], [ -66.932214178347792, -22.593887037003739 ], [ -66.932483672933017, -22.593887037003736 ], [ -66.932483672933017, -22.594426026174208 ], [ -66.932214178347792, -22.594426026174197 ], [ -66.932214178347792, -22.596042993685625 ], [ -66.932483672933017, -22.596042993685618 ], [ -66.932483672933017, -22.598198950367511 ], [ -66.932753167518257, -22.598198950367507 ], [ -66.932753167518257, -22.599546423293681 ], [ -66.933831145859202, -22.599546423293685 ], [ -66.933831145859202, -22.599815917878914 ], [ -66.934100640444441, -22.599815917878928 ], [ -66.934100640444441, -22.599546423293685 ], [ -66.935987102541091, -22.599546423293685 ], [ -66.935987102541091, -22.599276928708441 ], [ -66.936526091711556, -22.599276928708459 ], [ -66.936526091711556, -22.598737939537987 ], [ -66.936256597126331, -22.598737939537976 ], [ -66.936256597126331, -22.598468444952747 ], [ -66.935448113370612, -22.598468444952736 ], [ -66.935448113370612, -22.598737939537983 ], [ -66.934639629614907, -22.598737939537969 ], [ -66.934639629614907, -22.599007434123212 ], [ -66.934370135029681, -22.599007434123212 ], [ -66.934370135029681, -22.59846844495274 ], [ -66.934639629614907, -22.598468444952744 ], [ -66.934639629614907, -22.598198950367504 ], [ -66.934909124200146, -22.5981989503675 ], [ -66.934909124200146, -22.597929455782275 ], [ -66.934639629614907, -22.597929455782268 ], [ -66.934639629614907, -22.597659961197046 ], [ -66.934100640444441, -22.597659961197035 ], [ -66.934100640444441, -22.597390466611795 ], [ -66.933831145859202, -22.597390466611802 ], [ -66.933831145859202, -22.597120972026566 ], [ -66.934370135029681, -22.597120972026573 ], [ -66.934370135029681, -22.59685147744133 ], [ -66.935178618785386, -22.596851477441319 ], [ -66.935178618785386, -22.596581982856087 ], [ -66.935717607955851, -22.596581982856101 ], [ -66.935717607955851, -22.596312488270851 ], [ -66.935448113370612, -22.596312488270858 ], [ -66.935448113370612, -22.596042993685622 ], [ -66.934639629614907, -22.596042993685625 ], [ -66.934639629614907, -22.595773499100392 ], [ -66.935178618785386, -22.595773499100385 ], [ -66.935178618785386, -22.595234509929917 ], [ -66.934909124200146, -22.59523450992992 ], [ -66.934909124200146, -22.594965015344673 ], [ -66.933831145859202, -22.59496501534468 ], [ -66.933831145859202, -22.594695520759437 ], [ -66.933292156688736, -22.594695520759451 ], [ -66.933292156688736, -22.594426026174204 ], [ -66.933022662103497, -22.594426026174208 ], [ -66.933022662103497, -22.5936175424185 ], [ -66.932753167518257, -22.593617542418503 ], [ -66.932753167518257, -22.59280905866278 ], [ -66.933022662103497, -22.592809058662784 ], [ -66.933022662103497, -22.592270069492326 ], [ -66.932753167518257, -22.592270069492322 ], [ -66.932753167518257, -22.59200057490709 ], [ -66.931944683762552, -22.592000574907082 ] ] ] ] } },
{ "type": "Feature", "properties": { "raster_value": 1, "overlap_with_reference": 0.80769230766157341, "bofedal_id": "0d7c1762-6c12-596b-be6a-c39a0f8e04f1" }, "geometry": { "type": "Polygon", "coordinates": [ [ [ -66.915236019477931, -22.627304365572986 ], [ -66.915236019477931, -22.627573860158218 ], [ -66.914966524892691, -22.627573860158218 ], [ -66.914966524892691, -22.628112849328684 ], [ -66.914697030307451, -22.628112849328684 ], [ -66.914697030307451, -22.62865183849916 ], [ -66.914427535722226, -22.628651838499163 ], [ -66.914427535722226, -22.629190827669632 ], [ -66.914158041136986, -22.629190827669635 ], [ -66.914158041136986, -22.629729816840101 ], [ -66.913888546551746, -22.629729816840104 ], [ -66.913888546551746, -22.629460322254864 ], [ -66.913619051966521, -22.629460322254864 ], [ -66.913619051966521, -22.629190827669635 ], [ -66.913349557381281, -22.629190827669632 ], [ -66.913349557381281, -22.628921333084399 ], [ -66.913619051966521, -22.628921333084399 ], [ -66.913619051966521, -22.628382343913927 ], [ -66.913888546551746, -22.628382343913923 ], [ -66.913888546551746, -22.627843354743465 ], [ -66.914158041136986, -22.627843354743447 ], [ -66.914158041136986, -22.627573860158218 ], [ -66.914697030307451, -22.627573860158215 ], [ -66.914697030307451, -22.627304365572975 ], [ -66.915236019477931, -22.627304365572986 ] ] ] } },
{ "type": "Feature", "properties": { "raster_value": 1, "overlap_with_reference": 0.60344827583817595, "bofedal_id": "9fbdf9cb-a609-5751-968e-bb9e0c384840" }, "geometry": { "type": "Polygon", "coordinates": [ [ [ -66.298901903043529, -22.629460322254868 ], [ -66.298901903043529, -22.630268806010577 ], [ -66.298632408458289, -22.630268806010573 ], [ -66.298632408458289, -22.630538300595809 ], [ -66.298362913873049, -22.630538300595809 ], [ -66.298362913873049, -22.630807795181052 ], [ -66.298093419287838, -22.630807795181049 ], [ -66.298093419287838, -22.631616278936754 ], [ -66.297823924702584, -22.631616278936757 ], [ -66.297823924702584, -22.63188577352199 ], [ -66.298093419287838, -22.631885773521994 ], [ -66.298093419287838, -22.632694257277706 ], [ -66.297823924702584, -22.632694257277699 ], [ -66.297823924702584, -22.632424762692466 ], [ -66.297284935532105, -22.632424762692462 ], [ -66.297284935532105, -22.632155268107226 ], [ -66.297015440946893, -22.632155268107226 ], [ -66.297015440946893, -22.63188577352199 ], [ -66.296745946361639, -22.63188577352199 ], [ -66.296745946361639, -22.63161627893675 ], [ -66.2964764517764, -22.63161627893675 ], [ -66.2964764517764, -22.630807795181052 ], [ -66.297015440946893, -22.630807795181045 ], [ -66.297015440946893, -22.629999311425333 ], [ -66.297284935532105, -22.62999931142534 ], [ -66.297284935532105, -22.629729816840104 ], [ -66.297823924702584, -22.629729816840108 ], [ -66.297823924702584, -22.629460322254872 ], [ -66.298901903043529, -22.629460322254868 ] ] ] } },
{ "type": "Feature", "properties": { "raster_value": 1, "overlap_with_reference": 0.53488372090625891, "bofedal_id": "a00405f7-254a-58bb-a401-4a1c41d2aa12" }, "geometry": { "type": "Polygon", "coordinates": [ [ [ -66.911732589869857, -22.635928192300522 ], [ -66.911732589869857, -22.637814654397175 ], [ -66.911463095284631, -22.637814654397168 ], [ -66.911463095284631, -22.637545159811935 ], [ -66.910924106114152, -22.637545159811939 ], [ -66.910924106114152, -22.638084148982415 ], [ -66.911193600699391, -22.638084148982418 ], [ -66.911193600699391, -22.638353643567644 ], [ -66.910924106114152, -22.63835364356764 ], [ -66.910924106114152, -22.638623138152891 ], [ -66.910654611528926, -22.638623138152887 ], [ -66.910654611528926, -22.638892632738123 ], [ -66.910385116943687, -22.638892632738123 ], [ -66.910385116943687, -22.638353643567651 ], [ -66.910115622358447, -22.638353643567644 ], [ -66.910115622358447, -22.636467181470994 ], [ -66.910654611528926, -22.636467181470998 ], [ -66.910654611528926, -22.636197686885755 ], [ -66.911463095284631, -22.636197686885758 ], [ -66.911463095284631, -22.635928192300522 ], [ -66.911732589869857, -22.635928192300522 ] ] ] } },
{ "type": "Feature", "properties": { "raster_value": 1, "overlap_with_reference": 0.99999999998884515, "bofedal_id": "2d7f9b64-8650-546d-a125-d8a38cc4643f" }, "geometry": { "type": "Polygon", "coordinates": [ [ [ -65.294495583869491, -22.643204546101902 ], [ -65.294495583869491, -22.643474040687135 ], [ -65.295034573039956, -22.643474040687131 ], [ -65.295034573039956, -22.644282524442836 ], [ -65.294765078454731, -22.644282524442843 ], [ -65.294765078454731, -22.644821513613312 ], [ -65.294226089284251, -22.644821513613312 ], [ -65.294226089284251, -22.644552019028072 ], [ -65.294495583869491, -22.644552019028076 ], [ -65.294495583869491, -22.644282524442843 ], [ -65.294226089284251, -22.64428252444284 ], [ -65.294226089284251, -22.643204546101902 ], [ -65.294495583869491, -22.643204546101902 ] ] ] } },
{ "type": "Feature", "properties": { "raster_value": 1, "overlap_with_reference": 0.53448275859687511, "bofedal_id": "3fd8ca70-3137-5636-b029-ad652e674b69" }, "geometry": { "type": "MultiPolygon", "coordinates": [ [ [ [ -65.316324645273596, -22.650750394488494 ], [ -65.316324645273596, -22.65128938365897 ], [ -65.316594139858822, -22.65128938365898 ], [ -65.316594139858822, -22.651558878244209 ], [ -65.317133129029301, -22.651558878244202 ], [ -65.317133129029301, -22.651289383658977 ], [ -65.317402623614541, -22.651289383658973 ], [ -65.317402623614541, -22.651019889073734 ], [ -65.317672118199766, -22.651019889073734 ], [ -65.317672118199766, -22.650750394488501 ], [ -65.316324645273596, -22.650750394488494 ] ] ], [ [ [ -65.320367064052135, -22.648055448636139 ], [ -65.320367064052135, -22.648324943221379 ], [ -65.320097569466895, -22.648324943221379 ], [ -65.320097569466895, -22.648594437806608 ], [ -65.319828074881656, -22.648594437806612 ], [ -65.319828074881656, -22.648324943221379 ], [ -65.318480601955486, -22.648324943221386 ], [ -65.318480601955486, -22.648055448636143 ], [ -65.318211107370246, -22.648055448636143 ], [ -65.318211107370246, -22.648324943221379 ], [ -65.317672118199766, -22.648324943221386 ], [ -65.317672118199766, -22.648594437806615 ], [ -65.316863634444061, -22.648594437806615 ], [ -65.316863634444061, -22.648863932391848 ], [ -65.316324645273596, -22.648863932391844 ], [ -65.316324645273596, -22.64940292156232 ], [ -65.316594139858822, -22.64940292156232 ], [ -65.316594139858822, -22.649133426977084 ], [ -65.319289085711191, -22.649133426977084 ], [ -65.319289085711191, -22.649402921562316 ], [ -65.319558580296416, -22.64940292156232 ], [ -65.319558580296416, -22.649133426977087 ], [ -65.320367064052135, -22.649133426977087 ], [ -65.320367064052135, -22.648863932391855 ], [ -65.3209060532226, -22.648863932391844 ], [ -65.3209060532226, -22.648324943221386 ], [ -65.32117554780784, -22.648324943221375 ], [ -65.32117554780784, -22.648055448636143 ], [ -65.320367064052135, -22.648055448636139 ] ] ] ] } },
{ "type": "Feature", "properties": { "raster_value": 1, "overlap_with_reference": 1.0, "bofedal_id": "d34dc842-394f-51ab-8fd3-332a1c45ba7c" }, "geometry": { "type": "Polygon", "coordinates": [ [ [ -66.258208220672913, -22.677969347597319 ], [ -66.258208220672913, -22.678238842182555 ], [ -66.259286199013857, -22.678238842182559 ], [ -66.259286199013857, -22.679047325938271 ], [ -66.258747209843378, -22.67904732593826 ], [ -66.258747209843378, -22.6793168205235 ], [ -66.258477715258152, -22.679316820523503 ], [ -66.258477715258152, -22.679586315108743 ], [ -66.258208220672913, -22.679586315108736 ], [ -66.258208220672913, -22.680394798864452 ], [ -66.257669231502433, -22.680394798864445 ], [ -66.257669231502433, -22.679586315108736 ], [ -66.257938726087673, -22.67958631510874 ], [ -66.257938726087673, -22.677969347597323 ], [ -66.258208220672913, -22.677969347597319 ] ] ] } },
{ "type": "Feature", "properties": { "raster_value": 1, "overlap_with_reference": 0.85714285713330618, "bofedal_id": "d86abdec-cf56-597d-a3be-caae6d0d4ef4" }, "geometry": { "type": "Polygon", "coordinates": [ [ [ -66.253626812723908, -22.681742271790625 ], [ -66.253626812723908, -22.682011766375858 ], [ -66.253896307309134, -22.682011766375862 ], [ -66.253896307309134, -22.682281260961098 ], [ -66.253626812723908, -22.682281260961094 ], [ -66.253626812723908, -22.683089744716806 ], [ -66.253896307309134, -22.683089744716806 ], [ -66.253896307309134, -22.682820250131567 ], [ -66.254165801894374, -22.682820250131567 ], [ -66.254165801894374, -22.683089744716806 ], [ -66.254974285650079, -22.683089744716803 ], [ -66.254974285650079, -22.683628733887279 ], [ -66.254435296479613, -22.683628733887279 ], [ -66.254435296479613, -22.683898228472515 ], [ -66.254165801894374, -22.683898228472511 ], [ -66.254165801894374, -22.683628733887275 ], [ -66.253626812723908, -22.683628733887275 ], [ -66.253626812723908, -22.684167723057747 ], [ -66.253087823553429, -22.684167723057751 ], [ -66.253087823553429, -22.68470671222822 ], [ -66.253626812723908, -22.68470671222822 ], [ -66.253626812723908, -22.684976206813459 ], [ -66.252818328968189, -22.684976206813459 ], [ -66.252818328968189, -22.685245701398689 ], [ -66.252279339797724, -22.685245701398685 ], [ -66.252279339797724, -22.684167723057747 ], [ -66.252548834382964, -22.684167723057751 ], [ -66.252548834382964, -22.683898228472515 ], [ -66.252818328968189, -22.683898228472508 ], [ -66.252818328968189, -22.682820250131574 ], [ -66.253087823553429, -22.682820250131567 ], [ -66.253087823553429, -22.682011766375862 ], [ -66.253357318138669, -22.682011766375862 ], [ -66.253357318138669, -22.681742271790622 ], [ -66.253626812723908, -22.681742271790625 ] ] ] } },
{ "type": "Feature", "properties": { "raster_value": 1, "overlap_with_reference": 0.76595744682320333, "bofedal_id": "b95e4c2a-0d90-56ec-b2ca-28c0de5bef47" }, "geometry": { "type": "Polygon", "coordinates": [ [ [ -66.260364177354802, -22.690635593103405 ], [ -66.260364177354802, -22.690905087688645 ], [ -66.260903166525267, -22.690905087688648 ], [ -66.260903166525267, -22.691174582273874 ], [ -66.261442155695747, -22.691174582273881 ], [ -66.261442155695747, -22.691444076859117 ], [ -66.260903166525267, -22.691444076859121 ], [ -66.260903166525267, -22.691713571444357 ], [ -66.260633671940028, -22.691713571444353 ], [ -66.260633671940028, -22.691983066029586 ], [ -66.260094682769562, -22.691983066029582 ], [ -66.260094682769562, -22.692252560614818 ], [ -66.259555693599097, -22.692252560614815 ], [ -66.259555693599097, -22.692522055200058 ], [ -66.259825188184323, -22.692522055200058 ], [ -66.259825188184323, -22.692791549785298 ], [ -66.259286199013857, -22.692791549785284 ], [ -66.259286199013857, -22.692522055200055 ], [ -66.259016704428618, -22.692522055200051 ], [ -66.259016704428618, -22.691983066029589 ], [ -66.258747209843378, -22.691983066029579 ], [ -66.258747209843378, -22.691713571444353 ], [ -66.258208220672913, -22.691713571444353 ], [ -66.258208220672913, -22.691444076859106 ], [ -66.258747209843378, -22.691444076859103 ], [ -66.258747209843378, -22.690905087688638 ], [ -66.259286199013857, -22.690905087688645 ], [ -66.259286199013857, -22.690635593103405 ], [ -66.260364177354802, -22.690635593103405 ] ] ] } },
{ "type": "Feature", "properties": { "raster_value": 1, "overlap_with_reference": 0.61538461533317124, "bofedal_id": "caa597e9-c217-5bdf-8a0c-aec534b602a6" }, "geometry": { "type": "Polygon", "coordinates": [ [ [ -66.489434574805273, -22.70761375197327 ], [ -66.489434574805273, -22.708152741143742 ], [ -66.489704069390513, -22.708152741143742 ], [ -66.489704069390513, -22.708422235728978 ], [ -66.489973563975752, -22.708422235728975 ], [ -66.489973563975752, -22.708691730314214 ], [ -66.489434574805273, -22.708691730314214 ], [ -66.489434574805273, -22.708422235728975 ], [ -66.488626091049568, -22.708422235728978 ], [ -66.488626091049568, -22.708152741143742 ], [ -66.488356596464328, -22.708152741143735 ], [ -66.488356596464328, -22.707883246558506 ], [ -66.488087101879103, -22.707883246558506 ], [ -66.488087101879103, -22.707613751973266 ], [ -66.488626091049568, -22.70761375197327 ], [ -66.488626091049568, -22.707883246558502 ], [ -66.489165080220033, -22.707883246558502 ], [ -66.489165080220033, -22.70761375197327 ], [ -66.489434574805273, -22.70761375197327 ] ] ] } },
{ "type": "Feature", "properties": { "raster_value": 1, "overlap_with_reference": 0.54166666665602414, "bofedal_id": "f91fe880-df8c-5a54-a5fb-7429a3b0c57b" }, "geometry": { "type": "Polygon", "coordinates": [ [ [ -66.146906956970497, -22.727556351280722 ], [ -66.146906956970497, -22.72863432962167 ], [ -66.145559484044327, -22.728634329621652 ], [ -66.145559484044327, -22.728903824206903 ], [ -66.145289989459087, -22.728903824206903 ], [ -66.145289989459087, -22.728634329621659 ], [ -66.145020494873847, -22.728634329621663 ], [ -66.145020494873847, -22.728095340451191 ], [ -66.145289989459087, -22.728095340451191 ], [ -66.145289989459087, -22.727825845865965 ], [ -66.146098473214792, -22.727825845865958 ], [ -66.146098473214792, -22.727556351280722 ], [ -66.146906956970497, -22.727556351280722 ] ] ] } },
{ "type": "Feature", "properties": { "raster_value": 1, "overlap_with_reference": 0.56626506021341527, "bofedal_id": "0e395c40-a6bb-5d67-88ef-b5b10c9bbcd8" }, "geometry": { "type": "MultiPolygon", "coordinates": [ [ [ [ -67.127597752643794, -22.771483968674165 ], [ -67.127597752643794, -22.771753463259394 ], [ -67.127058763473315, -22.77175346325939 ], [ -67.127058763473315, -22.772022957844641 ], [ -67.126789268888075, -22.772022957844626 ], [ -67.126789268888075, -22.772292452429866 ], [ -67.12786724722902, -22.772292452429873 ], [ -67.12786724722902, -22.772022957844637 ], [ -67.128406236399485, -22.77202295784463 ], [ -67.128406236399485, -22.771753463259394 ], [ -67.128945225569964, -22.77175346325939 ], [ -67.128945225569964, -22.771483968674165 ], [ -67.127597752643794, -22.771483968674165 ] ] ], [ [ [ -67.141341976490807, -22.76690256072516 ], [ -67.141072481905582, -22.76690256072516 ], [ -67.141072481905582, -22.767172055310393 ], [ -67.140533492735102, -22.76717205531039 ], [ -67.140533492735102, -22.767441549895622 ], [ -67.140263998149862, -22.767441549895629 ], [ -67.140263998149862, -22.767711044480858 ], [ -67.139994503564637, -22.767711044480865 ], [ -67.139994503564637, -22.767980539066102 ], [ -67.139725008979397, -22.767980539066095 ], [ -67.139725008979397, -22.768250033651338 ], [ -67.139186019808932, -22.768250033651338 ], [ -67.139186019808932, -22.768519528236581 ], [ -67.138916525223692, -22.76851952823657 ], [ -67.138916525223692, -22.768789022821803 ], [ -67.138377536053213, -22.768789022821803 ], [ -67.138377536053213, -22.769058517407046 ], [ -67.138108041467987, -22.769058517407043 ], [ -67.138108041467987, -22.769328011992279 ], [ -67.137838546882747, -22.769328011992283 ], [ -67.137838546882747, -22.769597506577508 ], [ -67.135952084786098, -22.769597506577515 ], [ -67.135952084786098, -22.769328011992286 ], [ -67.135413095615618, -22.769328011992286 ], [ -67.135413095615618, -22.769058517407032 ], [ -67.135143601030393, -22.769058517407039 ], [ -67.135143601030393, -22.769328011992279 ], [ -67.134335117274674, -22.769328011992286 ], [ -67.134335117274674, -22.769597506577515 ], [ -67.133526633518969, -22.769597506577515 ], [ -67.133526633518969, -22.769328011992279 ], [ -67.132987644348503, -22.769328011992272 ], [ -67.132987644348503, -22.769597506577508 ], [ -67.131909666007559, -22.769597506577512 ], [ -67.131909666007559, -22.769867001162755 ], [ -67.131370676837079, -22.769867001162751 ], [ -67.131370676837079, -22.770136495747973 ], [ -67.130292698496149, -22.770136495747977 ], [ -67.130292698496149, -22.77040599033322 ], [ -67.129753709325684, -22.770405990333213 ], [ -67.129753709325684, -22.770675484918449 ], [ -67.12948421474043, -22.770675484918446 ], [ -67.12948421474043, -22.770944979503692 ], [ -67.129214720155204, -22.770944979503689 ], [ -67.129214720155204, -22.771214474088922 ], [ -67.128945225569964, -22.771214474088932 ], [ -67.128945225569964, -22.771483968674165 ], [ -67.12948421474043, -22.771483968674165 ], [ -67.12948421474043, -22.771214474088929 ], [ -67.130023203910909, -22.771214474088922 ], [ -67.130023203910909, -22.770944979503696 ], [ -67.130562193081374, -22.770944979503689 ], [ -67.130562193081374, -22.770675484918453 ], [ -67.130831687666628, -22.770675484918453 ], [ -67.130831687666628, -22.77040599033322 ], [ -67.131640171422319, -22.770405990333217 ], [ -67.131640171422319, -22.77067548491846 ], [ -67.132179160592798, -22.770675484918449 ], [ -67.132179160592798, -22.770405990333217 ], [ -67.132987644348503, -22.77040599033322 ], [ -67.132987644348503, -22.770136495747977 ], [ -67.133526633518969, -22.77013649574798 ], [ -67.133526633518969, -22.769867001162748 ], [ -67.135682590200858, -22.769867001162748 ], [ -67.135682590200858, -22.77013649574798 ], [ -67.136491073956563, -22.77013649574798 ], [ -67.136491073956563, -22.770405990333217 ], [ -67.136760568541803, -22.770405990333213 ], [ -67.136760568541803, -22.770136495747973 ], [ -67.137030063127042, -22.770136495747984 ], [ -67.137030063127042, -22.770405990333213 ], [ -67.137569052297508, -22.77040599033322 ], [ -67.137569052297508, -22.77013649574798 ], [ -67.138108041467987, -22.770136495747977 ], [ -67.138108041467987, -22.769867001162741 ], [ -67.138647030638452, -22.769867001162751 ], [ -67.138647030638452, -22.769597506577519 ], [ -67.139186019808932, -22.769597506577508 ], [ -67.139186019808932, -22.769058517407043 ], [ -67.139455514394157, -22.769058517407039 ], [ -67.139455514394157, -22.768789022821803 ], [ -67.139994503564637, -22.768789022821807 ], [ -67.139994503564637, -22.76851952823657 ], [ -67.140263998149862, -22.768519528236567 ], [ -67.140263998149862, -22.768250033651338 ], [ -67.140533492735102, -22.768250033651331 ], [ -67.140533492735102, -22.767980539066098 ], [ -67.141072481905582, -22.767980539066095 ], [ -67.141072481905582, -22.767711044480851 ], [ -67.141341976490807, -22.767711044480862 ], [ -67.141341976490807, -22.767441549895619 ], [ -67.141611471076047, -22.767441549895619 ], [ -67.141611471076047, -22.767172055310382 ], [ -67.141880965661286, -22.767172055310382 ], [ -67.141880965661286, -22.766902560725153 ], [ -67.142150460246526, -22.766902560725153 ], [ -67.142150460246526, -22.766633066139917 ], [ -67.141341976490807, -22.766633066139921 ], [ -67.141341976490807, -22.76690256072516 ] ] ], [ [ [ -67.143228438587457, -22.766363571554681 ], [ -67.143497933172696, -22.766363571554685 ], [ -67.143497933172696, -22.766094076969445 ], [ -67.143767427757936, -22.766094076969448 ], [ -67.143767427757936, -22.765824582384205 ], [ -67.144036922343176, -22.765824582384209 ], [ -67.144036922343176, -22.765555087798969 ], [ -67.144575911513641, -22.76555508779898 ], [ -67.144575911513641, -22.76528559321374 ], [ -67.145114900684121, -22.765285593213733 ], [ -67.145114900684121, -22.765016098628511 ], [ -67.145653889854586, -22.7650160986285 ], [ -67.145653889854586, -22.764746604043264 ], [ -67.146462373610291, -22.764746604043271 ], [ -67.146462373610291, -22.764477109458024 ], [ -67.14700136278077, -22.764477109458038 ], [ -67.14700136278077, -22.764207614872795 ], [ -67.148079341121715, -22.764207614872795 ], [ -67.148079341121715, -22.764477109458035 ], [ -67.14861833029218, -22.764477109458024 ], [ -67.14861833029218, -22.765016098628511 ], [ -67.14888782487742, -22.765016098628504 ], [ -67.14888782487742, -22.76528559321374 ], [ -67.14915731946266, -22.76528559321374 ], [ -67.14915731946266, -22.765555087798976 ], [ -67.149426814047885, -22.765555087798973 ], [ -67.149426814047885, -22.766902560725157 ], [ -67.149965803218365, -22.76690256072515 ], [ -67.149965803218365, -22.767172055310386 ], [ -67.15023529780359, -22.767172055310397 ], [ -67.15023529780359, -22.767441549895629 ], [ -67.15050479238883, -22.767441549895622 ], [ -67.15050479238883, -22.766633066139914 ], [ -67.15023529780359, -22.766633066139914 ], [ -67.15023529780359, -22.765824582384212 ], [ -67.149965803218365, -22.765824582384212 ], [ -67.149965803218365, -22.765016098628497 ], [ -67.15050479238883, -22.7650160986285 ], [ -67.15050479238883, -22.764746604043268 ], [ -67.15077428697407, -22.764746604043264 ], [ -67.15077428697407, -22.764477109458035 ], [ -67.15050479238883, -22.764477109458038 ], [ -67.15050479238883, -22.764207614872799 ], [ -67.149965803218365, -22.764207614872795 ], [ -67.149965803218365, -22.763938120287555 ], [ -67.149426814047885, -22.763938120287566 ], [ -67.149426814047885, -22.763668625702334 ], [ -67.147270857365996, -22.763668625702319 ], [ -67.147270857365996, -22.763938120287559 ], [ -67.146462373610291, -22.763938120287559 ], [ -67.146462373610291, -22.764207614872802 ], [ -67.145384395269346, -22.764207614872795 ], [ -67.145384395269346, -22.764477109458031 ], [ -67.145114900684121, -22.764477109458042 ], [ -67.145114900684121, -22.764746604043271 ], [ -67.144036922343176, -22.764746604043271 ], [ -67.144036922343176, -22.765016098628507 ], [ -67.143497933172696, -22.765016098628507 ], [ -67.143497933172696, -22.765285593213743 ], [ -67.143228438587457, -22.765285593213736 ], [ -67.143228438587457, -22.765555087798976 ], [ -67.142958944002231, -22.765555087798976 ], [ -67.142958944002231, -22.765824582384209 ], [ -67.142689449416991, -22.765824582384212 ], [ -67.142689449416991, -22.766094076969452 ], [ -67.142419954831752, -22.766094076969448 ], [ -67.142419954831752, -22.766363571554685 ], [ -67.142150460246526, -22.766363571554685 ], [ -67.142150460246526, -22.766633066139917 ], [ -67.143228438587457, -22.766633066139921 ], [ -67.143228438587457, -22.766363571554681 ] ] ] ] } },
{ "type": "Feature", "properties": { "raster_value": 1, "overlap_with_reference": 0.66666666664551899, "bofedal_id": "076965cb-fc2d-520d-8d1a-cbc9cd6110bd" }, "geometry": { "type": "Polygon", "coordinates": [ [ [ -67.12786724722902, -22.766363571554677 ], [ -67.12786724722902, -22.767711044480858 ], [ -67.127328258058554, -22.767711044480855 ], [ -67.127328258058554, -22.767441549895622 ], [ -67.126789268888075, -22.767441549895622 ], [ -67.126789268888075, -22.76717205531039 ], [ -67.12625027971761, -22.767172055310393 ], [ -67.12625027971761, -22.766363571554677 ], [ -67.12786724722902, -22.766363571554677 ] ] ] } },
{ "type": "Feature", "properties": { "raster_value": 1, "overlap_with_reference": 0.63157894734230624, "bofedal_id": "1b4cbedb-3f4f-59e6-a976-b81fca449c87" }, "geometry": { "type": "Polygon", "coordinates": [ [ [ -67.092832951148353, -22.781455268327893 ], [ -67.092832951148353, -22.781994257498365 ], [ -67.092293961977887, -22.781994257498358 ], [ -67.092293961977887, -22.782263752083598 ], [ -67.092024467392648, -22.782263752083594 ], [ -67.092024467392648, -22.78253324666883 ], [ -67.091215983636943, -22.78253324666883 ], [ -67.091215983636943, -22.782802741254073 ], [ -67.089599016125533, -22.782802741254066 ], [ -67.089599016125533, -22.782533246668837 ], [ -67.088251543199348, -22.78253324666883 ], [ -67.088251543199348, -22.782263752083594 ], [ -67.087712554028883, -22.782263752083594 ], [ -67.087712554028883, -22.782533246668834 ], [ -67.087443059443643, -22.78253324666883 ], [ -67.087443059443643, -22.781994257498365 ], [ -67.087712554028883, -22.781994257498365 ], [ -67.087712554028883, -22.781724762913132 ], [ -67.087982048614109, -22.781724762913132 ], [ -67.087982048614109, -22.781455268327889 ], [ -67.092832951148353, -22.781455268327893 ] ] ] } },
{ "type": "Feature", "properties": { "raster_value": 1, "overlap_with_reference": 0.51764705879913298, "bofedal_id": "c1f5c285-7c72-5371-bf0f-9b5e737b950c" }, "geometry": { "type": "Polygon", "coordinates": [ [ [ -67.139725008979397, -22.776334871208405 ], [ -67.139725008979397, -22.776873860378885 ], [ -67.138647030638452, -22.776873860378878 ], [ -67.138647030638452, -22.777143354964121 ], [ -67.137299557712268, -22.777143354964121 ], [ -67.137299557712268, -22.777412849549354 ], [ -67.137030063127042, -22.777412849549357 ], [ -67.137030063127042, -22.777682344134583 ], [ -67.136760568541803, -22.777682344134586 ], [ -67.136760568541803, -22.777951838719822 ], [ -67.136221579371337, -22.777951838719822 ], [ -67.136221579371337, -22.778221333305062 ], [ -67.135952084786098, -22.778221333305066 ], [ -67.135952084786098, -22.778490827890302 ], [ -67.135682590200858, -22.778490827890295 ], [ -67.135682590200858, -22.778760322475541 ], [ -67.135952084786098, -22.778760322475531 ], [ -67.135952084786098, -22.779299311646 ], [ -67.135682590200858, -22.779299311646003 ], [ -67.135682590200858, -22.780646784572181 ], [ -67.135413095615618, -22.780646784572184 ], [ -67.135413095615618, -22.781724762913118 ], [ -67.135682590200858, -22.781724762913125 ], [ -67.135682590200858, -22.782263752083594 ], [ -67.135413095615618, -22.782263752083598 ], [ -67.135413095615618, -22.782802741254073 ], [ -67.135682590200858, -22.78280274125407 ], [ -67.135682590200858, -22.783072235839299 ], [ -67.135413095615618, -22.783072235839303 ], [ -67.135413095615618, -22.783341730424535 ], [ -67.134874106445153, -22.783341730424535 ], [ -67.134874106445153, -22.783880719595018 ], [ -67.134604611859913, -22.783880719595007 ], [ -67.134604611859913, -22.78441970876549 ], [ -67.134065622689448, -22.784419708765483 ], [ -67.134065622689448, -22.784150214180251 ], [ -67.134335117274674, -22.784150214180251 ], [ -67.134335117274674, -22.783611225009771 ], [ -67.134604611859913, -22.783611225009778 ], [ -67.134604611859913, -22.783072235839306 ], [ -67.135143601030393, -22.783072235839299 ], [ -67.135143601030393, -22.780377289986948 ], [ -67.135413095615618, -22.780377289986948 ], [ -67.135413095615618, -22.779838300816472 ], [ -67.135143601030393, -22.779838300816476 ], [ -67.135143601030393, -22.779029817060778 ], [ -67.135413095615618, -22.779029817060774 ], [ -67.135413095615618, -22.778490827890302 ], [ -67.135143601030393, -22.778490827890298 ], [ -67.135143601030393, -22.778221333305055 ], [ -67.135413095615618, -22.778221333305058 ], [ -67.135413095615618, -22.777682344134586 ], [ -67.135682590200858, -22.777682344134593 ], [ -67.135682590200858, -22.77741284954935 ], [ -67.135952084786098, -22.777412849549354 ], [ -67.135952084786098, -22.777143354964121 ], [ -67.136221579371337, -22.777143354964114 ], [ -67.136221579371337, -22.776873860378885 ], [ -67.136760568541803, -22.776873860378885 ], [ -67.136760568541803, -22.776604365793649 ], [ -67.137299557712268, -22.776604365793641 ], [ -67.137299557712268, -22.776334871208405 ], [ -67.139725008979397, -22.776334871208405 ] ] ] } },
{ "type": "Feature", "properties": { "raster_value": 1, "overlap_with_reference": 0.63909774434588029, "bofedal_id": "ba730c28-368c-5bcd-bd62-fbd3d3cce167" }, "geometry": { "type": "Polygon", "coordinates": [ [ [ -67.12409432303572, -22.774178914526516 ], [ -67.12409432303572, -22.774717903696995 ], [ -67.123824828450481, -22.774717903696985 ], [ -67.123824828450481, -22.774987398282228 ], [ -67.123555333865241, -22.774987398282228 ], [ -67.123555333865241, -22.775256892867464 ], [ -67.123016344694776, -22.775256892867464 ], [ -67.123016344694776, -22.775526387452704 ], [ -67.122746850109536, -22.775526387452704 ], [ -67.122746850109536, -22.775795882037936 ], [ -67.122477355524296, -22.775795882037933 ], [ -67.122477355524296, -22.776065376623173 ], [ -67.122207860939071, -22.776065376623173 ], [ -67.122207860939071, -22.776604365793645 ], [ -67.121668871768591, -22.776604365793641 ], [ -67.121668871768591, -22.777143354964114 ], [ -67.121399377183366, -22.777143354964117 ], [ -67.121399377183366, -22.77741284954935 ], [ -67.121129882598126, -22.777412849549354 ], [ -67.121129882598126, -22.777682344134586 ], [ -67.120860388012886, -22.777682344134593 ], [ -67.120860388012886, -22.777951838719829 ], [ -67.120590893427647, -22.777951838719819 ], [ -67.120590893427647, -22.778490827890295 ], [ -67.120051904257181, -22.778490827890298 ], [ -67.120051904257181, -22.779029817060771 ], [ -67.119782409671942, -22.779029817060767 ], [ -67.119782409671942, -22.779299311646 ], [ -67.119512915086702, -22.779299311646003 ], [ -67.119512915086702, -22.779568806231236 ], [ -67.119243420501476, -22.779568806231243 ], [ -67.119243420501476, -22.779838300816476 ], [ -67.118973925916237, -22.779838300816479 ], [ -67.118973925916237, -22.780107795401712 ], [ -67.118704431330997, -22.780107795401712 ], [ -67.118704431330997, -22.780916279157417 ], [ -67.118434936745771, -22.780916279157406 ], [ -67.118434936745771, -22.781185773742646 ], [ -67.118165442160532, -22.781185773742656 ], [ -67.118165442160532, -22.781724762913129 ], [ -67.117895947575292, -22.781724762913136 ], [ -67.117895947575292, -22.78253324666883 ], [ -67.117356958404827, -22.782533246668834 ], [ -67.117356958404827, -22.783072235839299 ], [ -67.117087463819587, -22.783072235839295 ], [ -67.117087463819587, -22.783611225009775 ], [ -67.116817969234347, -22.783611225009771 ], [ -67.116817969234347, -22.78441970876549 ], [ -67.116278980063882, -22.78441970876548 ], [ -67.116278980063882, -22.784958697935956 ], [ -67.116009485478642, -22.784958697935952 ], [ -67.116009485478642, -22.785228192521188 ], [ -67.115739990893402, -22.785228192521192 ], [ -67.115739990893402, -22.785767181691661 ], [ -67.115470496308177, -22.785767181691668 ], [ -67.115470496308177, -22.787114654617845 ], [ -67.115201001722937, -22.787114654617845 ], [ -67.115201001722937, -22.787384149203074 ], [ -67.114662012552458, -22.787384149203081 ], [ -67.114662012552458, -22.787653643788317 ], [ -67.114392517967232, -22.787653643788321 ], [ -67.114392517967232, -22.78819263295879 ], [ -67.114123023381993, -22.788192632958786 ], [ -67.114123023381993, -22.788462127544026 ], [ -67.113853528796753, -22.788462127544015 ], [ -67.113853528796753, -22.788731622129255 ], [ -67.113584034211513, -22.788731622129255 ], [ -67.113584034211513, -22.789001116714491 ], [ -67.113314539626288, -22.789001116714488 ], [ -67.113314539626288, -22.789270611299735 ], [ -67.113045045041048, -22.789270611299727 ], [ -67.113045045041048, -22.789540105884967 ], [ -67.112775550455808, -22.789540105884967 ], [ -67.112775550455808, -22.789809600470203 ], [ -67.112236561285343, -22.7898096004702 ], [ -67.112236561285343, -22.790079095055443 ], [ -67.111967066700103, -22.790079095055436 ], [ -67.111967066700103, -22.790348589640672 ], [ -67.111428077529638, -22.790348589640676 ], [ -67.111428077529638, -22.790887578811137 ], [ -67.111158582944398, -22.790887578811137 ], [ -67.111158582944398, -22.791965557152086 ], [ -67.110889088359158, -22.791965557152086 ], [ -67.110889088359158, -22.792235051737329 ], [ -67.110619593773919, -22.792235051737322 ], [ -67.110619593773919, -22.792774040907798 ], [ -67.110350099188693, -22.792774040907798 ], [ -67.110350099188693, -22.793043535493034 ], [ -67.110080604603453, -22.79304353549303 ], [ -67.110080604603453, -22.793313030078263 ], [ -67.109811110018214, -22.793313030078263 ], [ -67.109811110018214, -22.79358252466351 ], [ -67.109541615433002, -22.79358252466351 ], [ -67.109541615433002, -22.793852019248742 ], [ -67.108733131677269, -22.793852019248739 ], [ -67.108733131677269, -22.793582524663499 ], [ -67.109002626262509, -22.793582524663506 ], [ -67.109002626262509, -22.79331303007827 ], [ -67.108733131677269, -22.793313030078259 ], [ -67.108733131677269, -22.793043535493034 ], [ -67.109272120847749, -22.79304353549303 ], [ -67.109272120847749, -22.792504546322558 ], [ -67.109002626262509, -22.792504546322562 ], [ -67.109002626262509, -22.792235051737322 ], [ -67.108463637092058, -22.792235051737325 ], [ -67.108463637092058, -22.791696062566853 ], [ -67.108194142506804, -22.791696062566853 ], [ -67.108194142506804, -22.791426567981617 ], [ -67.107924647921564, -22.791426567981606 ], [ -67.107924647921564, -22.790079095055432 ], [ -67.108733131677269, -22.790079095055439 ], [ -67.108733131677269, -22.789809600470193 ], [ -67.109811110018214, -22.789809600470196 ], [ -67.109811110018214, -22.789540105884971 ], [ -67.110350099188693, -22.789540105884967 ], [ -67.110350099188693, -22.789270611299724 ], [ -67.110619593773919, -22.789270611299724 ], [ -67.110619593773919, -22.788731622129259 ], [ -67.111158582944398, -22.788731622129252 ], [ -67.111158582944398, -22.788192632958783 ], [ -67.111697572114863, -22.78819263295879 ], [ -67.111697572114863, -22.787923138373547 ], [ -67.112236561285343, -22.787923138373554 ], [ -67.112236561285343, -22.787653643788321 ], [ -67.112506055870583, -22.787653643788317 ], [ -67.112506055870583, -22.787384149203081 ], [ -67.112775550455808, -22.787384149203078 ], [ -67.112775550455808, -22.787114654617845 ], [ -67.113045045041048, -22.787114654617838 ], [ -67.113045045041048, -22.786845160032602 ], [ -67.113314539626288, -22.786845160032602 ], [ -67.113314539626288, -22.786306170862137 ], [ -67.113584034211513, -22.786306170862137 ], [ -67.113584034211513, -22.7860366762769 ], [ -67.113853528796753, -22.786036676276897 ], [ -67.113853528796753, -22.785767181691654 ], [ -67.114392517967232, -22.785767181691661 ], [ -67.114392517967232, -22.785497687106432 ], [ -67.114662012552458, -22.785497687106421 ], [ -67.114662012552458, -22.785228192521192 ], [ -67.114931507137698, -22.785228192521188 ], [ -67.114931507137698, -22.784958697935959 ], [ -67.115470496308177, -22.784958697935952 ], [ -67.115470496308177, -22.784689203350716 ], [ -67.115739990893402, -22.784689203350716 ], [ -67.115739990893402, -22.784419708765476 ], [ -67.116009485478642, -22.784419708765487 ], [ -67.116009485478642, -22.783880719595011 ], [ -67.116278980063882, -22.783880719595018 ], [ -67.116278980063882, -22.783341730424542 ], [ -67.116548474649107, -22.783341730424546 ], [ -67.116548474649107, -22.782802741254063 ], [ -67.116817969234347, -22.78280274125407 ], [ -67.116817969234347, -22.781994257498361 ], [ -67.117087463819587, -22.781994257498365 ], [ -67.117087463819587, -22.781455268327893 ], [ -67.117356958404827, -22.781455268327893 ], [ -67.117356958404827, -22.781185773742656 ], [ -67.117626452990052, -22.781185773742653 ], [ -67.117626452990052, -22.780916279157417 ], [ -67.117895947575292, -22.780916279157413 ], [ -67.117895947575292, -22.780377289986951 ], [ -67.118165442160532, -22.780377289986948 ], [ -67.118165442160532, -22.780107795401715 ], [ -67.118434936745771, -22.780107795401705 ], [ -67.118434936745771, -22.779568806231239 ], [ -67.118704431330997, -22.779568806231239 ], [ -67.118704431330997, -22.779299311646003 ], [ -67.118973925916237, -22.779299311646003 ], [ -67.118973925916237, -22.779029817060767 ], [ -67.119243420501476, -22.779029817060767 ], [ -67.119243420501476, -22.778760322475538 ], [ -67.119512915086702, -22.778760322475534 ], [ -67.119512915086702, -22.778490827890305 ], [ -67.119782409671942, -22.778490827890295 ], [ -67.119782409671942, -22.777951838719829 ], [ -67.120051904257181, -22.777951838719822 ], [ -67.120051904257181, -22.77741284954935 ], [ -67.120321398842421, -22.777412849549354 ], [ -67.120321398842421, -22.777143354964117 ], [ -67.120590893427647, -22.777143354964117 ], [ -67.120590893427647, -22.776873860378881 ], [ -67.120860388012886, -22.776873860378878 ], [ -67.120860388012886, -22.776604365793641 ], [ -67.121129882598126, -22.776604365793641 ], [ -67.121129882598126, -22.776334871208405 ], [ -67.121399377183366, -22.776334871208409 ], [ -67.121399377183366, -22.776065376623173 ], [ -67.121668871768591, -22.776065376623173 ], [ -67.121668871768591, -22.775795882037936 ], [ -67.122207860939071, -22.775795882037944 ], [ -67.122207860939071, -22.775526387452704 ], [ -67.122477355524296, -22.775526387452704 ], [ -67.122477355524296, -22.775256892867464 ], [ -67.122746850109536, -22.775256892867464 ], [ -67.122746850109536, -22.774987398282228 ], [ -67.123016344694776, -22.774987398282232 ], [ -67.123016344694776, -22.774717903696995 ], [ -67.123285839280015, -22.774717903696992 ], [ -67.123285839280015, -22.774448409111756 ], [ -67.123824828450481, -22.774448409111766 ], [ -67.123824828450481, -22.774178914526527 ], [ -67.12409432303572, -22.774178914526516 ] ] ] } },
{ "type": "Feature", "properties": { "raster_value": 1, "overlap_with_reference": 0.85172413792609813, "bofedal_id": "87722b72-a561-5621-9d6b-c6586dbdc322" }, "geometry": { "type": "Polygon", "coordinates": [ [ [ -67.117626452990052, -22.797085954271576 ], [ -67.117626452990052, -22.797624943442038 ], [ -67.117895947575292, -22.797624943442042 ], [ -67.117895947575292, -22.798163932612511 ], [ -67.118165442160532, -22.798163932612507 ], [ -67.118165442160532, -22.798433427197743 ], [ -67.118434936745771, -22.798433427197747 ], [ -67.118434936745771, -22.798702921782979 ], [ -67.119243420501476, -22.79870292178299 ], [ -67.119243420501476, -22.798972416368215 ], [ -67.119782409671942, -22.798972416368219 ], [ -67.119782409671942, -22.799241910953455 ], [ -67.120051904257181, -22.799241910953452 ], [ -67.120051904257181, -22.799511405538698 ], [ -67.120321398842421, -22.799511405538688 ], [ -67.120321398842421, -22.800050394709167 ], [ -67.120051904257181, -22.800050394709164 ], [ -67.120051904257181, -22.800319889294396 ], [ -67.120321398842421, -22.800319889294396 ], [ -67.120321398842421, -22.800589383879633 ], [ -67.120860388012886, -22.800589383879633 ], [ -67.120860388012886, -22.800858878464872 ], [ -67.121129882598126, -22.800858878464869 ], [ -67.121129882598126, -22.801128373050105 ], [ -67.120590893427647, -22.801128373050105 ], [ -67.120590893427647, -22.801397867635341 ], [ -67.119782409671942, -22.801397867635345 ], [ -67.119782409671942, -22.801936856805817 ], [ -67.119512915086702, -22.801936856805817 ], [ -67.119512915086702, -22.802475845976286 ], [ -67.119243420501476, -22.802475845976286 ], [ -67.119243420501476, -22.804092813487703 ], [ -67.118704431330997, -22.804092813487703 ], [ -67.118704431330997, -22.804362308072943 ], [ -67.117895947575292, -22.804362308072932 ], [ -67.117895947575292, -22.805170791828647 ], [ -67.117626452990052, -22.805170791828651 ], [ -67.117626452990052, -22.805440286413877 ], [ -67.117356958404827, -22.805440286413884 ], [ -67.117356958404827, -22.805709780999127 ], [ -67.117087463819587, -22.80570978099912 ], [ -67.117087463819587, -22.80544028641388 ], [ -67.116817969234347, -22.805440286413891 ], [ -67.116817969234347, -22.804362308072939 ], [ -67.117626452990052, -22.804362308072939 ], [ -67.117626452990052, -22.804092813487699 ], [ -67.117356958404827, -22.804092813487696 ], [ -67.117356958404827, -22.803553824317227 ], [ -67.117626452990052, -22.803553824317234 ], [ -67.117626452990052, -22.80220635139106 ], [ -67.117087463819587, -22.80220635139105 ], [ -67.117087463819587, -22.801936856805813 ], [ -67.117356958404827, -22.80193685680582 ], [ -67.117356958404827, -22.801667362220581 ], [ -67.116548474649107, -22.801667362220577 ], [ -67.116548474649107, -22.801397867635345 ], [ -67.116278980063882, -22.801397867635348 ], [ -67.116278980063882, -22.801128373050108 ], [ -67.116009485478642, -22.801128373050108 ], [ -67.116009485478642, -22.798972416368215 ], [ -67.115739990893402, -22.798972416368223 ], [ -67.115739990893402, -22.798433427197743 ], [ -67.116009485478642, -22.798433427197747 ], [ -67.116009485478642, -22.797624943442042 ], [ -67.116817969234347, -22.797624943442042 ], [ -67.116817969234347, -22.797355448856802 ], [ -67.117087463819587, -22.797355448856809 ], [ -67.117087463819587, -22.797085954271573 ], [ -67.117626452990052, -22.797085954271576 ] ] ] } },
{ "type": "Feature", "properties": { "raster_value": 1, "overlap_with_reference": 0.78313253009558381, "bofedal_id": "1810374d-0b22-5191-8386-8a1c7fddb241" }, "geometry": { "type": "MultiPolygon", "coordinates": [ [ [ [ -65.534076270144169, -22.811099672703829 ], [ -65.534076270144169, -22.811369167289062 ], [ -65.533806775558929, -22.811369167289065 ], [ -65.533806775558929, -22.811638661874305 ], [ -65.53353728097369, -22.811638661874301 ], [ -65.53353728097369, -22.81244714563001 ], [ -65.533267786388464, -22.812447145630014 ], [ -65.533267786388464, -22.81271664021525 ], [ -65.53353728097369, -22.812716640215243 ], [ -65.53353728097369, -22.813255629385722 ], [ -65.533806775558929, -22.813255629385722 ], [ -65.533806775558929, -22.813794618556191 ], [ -65.534076270144169, -22.813794618556194 ], [ -65.534076270144169, -22.814064113141427 ], [ -65.534345764729395, -22.814064113141427 ], [ -65.534345764729395, -22.814333607726667 ], [ -65.534615259314634, -22.814333607726663 ], [ -65.534615259314634, -22.814603102311903 ], [ -65.534884753899874, -22.814603102311896 ], [ -65.534884753899874, -22.814872596897146 ], [ -65.535154248485114, -22.814872596897128 ], [ -65.535154248485114, -22.814603102311899 ], [ -65.535423743070339, -22.814603102311906 ], [ -65.535423743070339, -22.814333607726663 ], [ -65.535693237655579, -22.81433360772666 ], [ -65.535693237655579, -22.814064113141431 ], [ -65.535423743070339, -22.814064113141431 ], [ -65.535423743070339, -22.813525123970958 ], [ -65.535154248485114, -22.813525123970955 ], [ -65.535154248485114, -22.811908156459548 ], [ -65.534884753899874, -22.811908156459538 ], [ -65.534884753899874, -22.811369167289069 ], [ -65.534615259314634, -22.811369167289069 ], [ -65.534615259314634, -22.811099672703829 ], [ -65.534076270144169, -22.811099672703829 ] ] ], [ [ [ -65.536501721411284, -22.808135232266242 ], [ -65.536501721411284, -22.808404726851478 ], [ -65.536232226826058, -22.808404726851482 ], [ -65.536232226826058, -22.808674221436707 ], [ -65.535962732240819, -22.808674221436704 ], [ -65.535962732240819, -22.809482705192419 ], [ -65.536501721411284, -22.809482705192416 ], [ -65.536501721411284, -22.809213210607179 ], [ -65.537040710581763, -22.80921321060719 ], [ -65.537040710581763, -22.808404726851474 ], [ -65.537310205166989, -22.808404726851478 ], [ -65.537310205166989, -22.808135232266238 ], [ -65.536501721411284, -22.808135232266242 ] ] ] ] } },
{ "type": "Feature", "properties": { "raster_value": 1, "overlap_with_reference": 0.65517241376973168, "bofedal_id": "39aa1752-a1ab-5c70-9527-782fddc50900" }, "geometry": { "type": "Polygon", "coordinates": [ [ [ -67.121938366353831, -22.80705725392529 ], [ -67.121938366353831, -22.807326748510537 ], [ -67.122207860939071, -22.80732674851053 ], [ -67.122207860939071, -22.807596243095769 ], [ -67.122477355524296, -22.807596243095769 ], [ -67.122477355524296, -22.807865737681006 ], [ -67.122746850109536, -22.807865737680999 ], [ -67.122746850109536, -22.808674221436707 ], [ -67.123016344694776, -22.808674221436718 ], [ -67.123016344694776, -22.809482705192423 ], [ -67.123285839280015, -22.809482705192412 ], [ -67.123285839280015, -22.809752199777659 ], [ -67.123555333865241, -22.809752199777648 ], [ -67.123555333865241, -22.810291188948124 ], [ -67.123824828450481, -22.810291188948121 ], [ -67.123824828450481, -22.810830178118593 ], [ -67.12409432303572, -22.8108301781186 ], [ -67.12409432303572, -22.81109967270384 ], [ -67.12436381762096, -22.811099672703836 ], [ -67.12436381762096, -22.811638661874312 ], [ -67.124633312206186, -22.811638661874298 ], [ -67.124633312206186, -22.811908156459541 ], [ -67.12436381762096, -22.811908156459538 ], [ -67.12436381762096, -22.812177651044781 ], [ -67.123824828450481, -22.812177651044784 ], [ -67.123824828450481, -22.811908156459541 ], [ -67.123555333865241, -22.811908156459541 ], [ -67.123555333865241, -22.811638661874301 ], [ -67.123285839280015, -22.811638661874301 ], [ -67.123285839280015, -22.811369167289076 ], [ -67.123016344694776, -22.811369167289069 ], [ -67.123016344694776, -22.810830178118604 ], [ -67.122746850109536, -22.810830178118604 ], [ -67.122746850109536, -22.810291188948128 ], [ -67.122477355524296, -22.810291188948124 ], [ -67.122477355524296, -22.809482705192419 ], [ -67.122207860939071, -22.809482705192423 ], [ -67.122207860939071, -22.809213210607183 ], [ -67.121938366353831, -22.809213210607187 ], [ -67.121938366353831, -22.808943716021954 ], [ -67.121399377183366, -22.808943716021954 ], [ -67.121399377183366, -22.808674221436718 ], [ -67.121129882598126, -22.808674221436707 ], [ -67.121129882598126, -22.808135232266242 ], [ -67.120860388012886, -22.808135232266242 ], [ -67.120860388012886, -22.807596243095769 ], [ -67.120590893427647, -22.807596243095773 ], [ -67.120590893427647, -22.807057253925294 ], [ -67.121938366353831, -22.80705725392529 ] ] ] } },
{ "type": "Feature", "properties": { "raster_value": 1, "overlap_with_reference": 0.54570637118222731, "bofedal_id": "ddcba1b0-b34b-5c9c-86ea-ada63a8f2edd" }, "geometry": { "type": "Polygon", "coordinates": [ [ [ -67.100648294120205, -22.802745340561522 ], [ -67.100648294120205, -22.803014835146758 ], [ -67.100917788705445, -22.803014835146762 ], [ -67.100917788705445, -22.803284329731994 ], [ -67.10118728329067, -22.803284329731994 ], [ -67.10118728329067, -22.80355382431723 ], [ -67.10145677787591, -22.803553824317227 ], [ -67.10145677787591, -22.804092813487703 ], [ -67.10118728329067, -22.804092813487699 ], [ -67.10118728329067, -22.804631802658175 ], [ -67.10145677787591, -22.804631802658175 ], [ -67.10145677787591, -22.804901297243408 ], [ -67.10199576704639, -22.804901297243408 ], [ -67.10199576704639, -22.804631802658175 ], [ -67.102265261631615, -22.804631802658179 ], [ -67.102265261631615, -22.804901297243415 ], [ -67.102534756216855, -22.804901297243411 ], [ -67.102534756216855, -22.805440286413884 ], [ -67.104151723728279, -22.805440286413877 ], [ -67.104151723728279, -22.805979275584356 ], [ -67.103882229143025, -22.805979275584363 ], [ -67.103882229143025, -22.806248770169592 ], [ -67.10280425080208, -22.806248770169592 ], [ -67.10280425080208, -22.806518264754818 ], [ -67.102534756216855, -22.806518264754814 ], [ -67.102534756216855, -22.806787759340057 ], [ -67.102265261631615, -22.806787759340054 ], [ -67.102265261631615, -22.807326748510533 ], [ -67.10199576704639, -22.807326748510537 ], [ -67.10199576704639, -22.807596243095766 ], [ -67.10145677787591, -22.807596243095769 ], [ -67.10145677787591, -22.807865737680999 ], [ -67.10118728329067, -22.807865737681002 ], [ -67.10118728329067, -22.808135232266242 ], [ -67.100917788705445, -22.808135232266245 ], [ -67.100917788705445, -22.808674221436707 ], [ -67.100648294120205, -22.808674221436707 ], [ -67.100648294120205, -22.809213210607187 ], [ -67.100378799534965, -22.809213210607187 ], [ -67.100378799534965, -22.809752199777652 ], [ -67.100109304949726, -22.809752199777652 ], [ -67.100109304949726, -22.810021694362884 ], [ -67.09957031577926, -22.810021694362888 ], [ -67.09957031577926, -22.810291188948121 ], [ -67.098761832023555, -22.810291188948117 ], [ -67.098761832023555, -22.810560683533364 ], [ -67.098492337438316, -22.810560683533367 ], [ -67.098492337438316, -22.810830178118593 ], [ -67.097683853682611, -22.810830178118604 ], [ -67.097683853682611, -22.811099672703833 ], [ -67.097144864512131, -22.811099672703833 ], [ -67.097144864512131, -22.811369167289072 ], [ -67.096605875341666, -22.811369167289069 ], [ -67.096605875341666, -22.811638661874294 ], [ -67.096336380756426, -22.811638661874309 ], [ -67.096336380756426, -22.811908156459552 ], [ -67.095797391585947, -22.811908156459534 ], [ -67.095797391585947, -22.812177651044784 ], [ -67.095527897000721, -22.812177651044784 ], [ -67.095527897000721, -22.812447145630017 ], [ -67.094449918659777, -22.812447145630014 ], [ -67.094449918659777, -22.812716640215246 ], [ -67.093910929489297, -22.81271664021525 ], [ -67.093910929489297, -22.81244714563001 ], [ -67.093641434904072, -22.812447145630006 ], [ -67.093641434904072, -22.812716640215246 ], [ -67.093102445733592, -22.81271664021525 ], [ -67.093102445733592, -22.812986134800479 ], [ -67.092563456563127, -22.812986134800486 ], [ -67.092563456563127, -22.813255629385726 ], [ -67.092293961977887, -22.813255629385722 ], [ -67.092293961977887, -22.813525123970951 ], [ -67.091754972807422, -22.813525123970951 ], [ -67.091754972807422, -22.814064113141438 ], [ -67.091215983636943, -22.814064113141431 ], [ -67.091215983636943, -22.814333607726667 ], [ -67.090676994466477, -22.81433360772667 ], [ -67.090676994466477, -22.814064113141434 ], [ -67.090407499881238, -22.814064113141431 ], [ -67.090407499881238, -22.813525123970951 ], [ -67.090676994466477, -22.813525123970948 ], [ -67.090676994466477, -22.813255629385718 ], [ -67.090946489051703, -22.813255629385722 ], [ -67.090946489051703, -22.812986134800482 ], [ -67.091485478222182, -22.812986134800489 ], [ -67.091485478222182, -22.81271664021525 ], [ -67.092024467392648, -22.812716640215243 ], [ -67.092024467392648, -22.812447145630006 ], [ -67.092563456563127, -22.812447145630014 ], [ -67.092563456563127, -22.812177651044777 ], [ -67.093102445733592, -22.812177651044784 ], [ -67.093102445733592, -22.811908156459538 ], [ -67.093641434904072, -22.811908156459545 ], [ -67.093641434904072, -22.811638661874301 ], [ -67.094988907830242, -22.811638661874305 ], [ -67.094988907830242, -22.811369167289065 ], [ -67.096336380756426, -22.811369167289069 ], [ -67.096336380756426, -22.811099672703836 ], [ -67.096605875341666, -22.811099672703833 ], [ -67.096605875341666, -22.810830178118604 ], [ -67.096875369926892, -22.8108301781186 ], [ -67.096875369926892, -22.810560683533357 ], [ -67.097683853682611, -22.810560683533364 ], [ -67.097683853682611, -22.810291188948121 ], [ -67.097953348267836, -22.810291188948121 ], [ -67.097953348267836, -22.810021694362892 ], [ -67.098222842853076, -22.810021694362892 ], [ -67.098222842853076, -22.809752199777652 ], [ -67.098492337438316, -22.809752199777652 ], [ -67.098492337438316, -22.809213210607187 ], [ -67.098761832023555, -22.809213210607187 ], [ -67.098761832023555, -22.808404726851471 ], [ -67.099031326608781, -22.808404726851467 ], [ -67.099031326608781, -22.807865737681006 ], [ -67.099300821194021, -22.807865737681002 ], [ -67.099300821194021, -22.805979275584352 ], [ -67.099031326608781, -22.805979275584356 ], [ -67.099031326608781, -22.805440286413873 ], [ -67.098761832023555, -22.805440286413884 ], [ -67.098761832023555, -22.804901297243411 ], [ -67.098492337438316, -22.804901297243411 ], [ -67.098492337438316, -22.804631802658175 ], [ -67.098761832023555, -22.804631802658175 ], [ -67.098761832023555, -22.804362308072939 ], [ -67.099031326608781, -22.804362308072939 ], [ -67.099031326608781, -22.804092813487699 ], [ -67.099300821194021, -22.804092813487696 ], [ -67.099300821194021, -22.803823318902467 ], [ -67.09957031577926, -22.803823318902467 ], [ -67.09957031577926, -22.803284329731991 ], [ -67.0998398103645, -22.803284329731994 ], [ -67.0998398103645, -22.802745340561522 ], [ -67.100648294120205, -22.802745340561522 ] ] ] } },
{ "type": "Feature", "properties": { "raster_value": 1, "overlap_with_reference": 0.81481481479844908, "bofedal_id": "869fdb96-6346-5d92-a36f-769525d85abb" }, "geometry": { "type": "Polygon", "coordinates": [ [ [ -66.757042697944485, -22.812177651044781 ], [ -66.757042697944485, -22.812447145630014 ], [ -66.757581687114964, -22.812447145630017 ], [ -66.757581687114964, -22.812986134800486 ], [ -66.75785118170019, -22.812986134800486 ], [ -66.75785118170019, -22.813255629385729 ], [ -66.758120676285429, -22.813255629385726 ], [ -66.758120676285429, -22.813794618556198 ], [ -66.758390170870655, -22.813794618556194 ], [ -66.758390170870655, -22.814064113141423 ], [ -66.758120676285429, -22.814064113141431 ], [ -66.758120676285429, -22.81433360772667 ], [ -66.757581687114964, -22.814333607726663 ], [ -66.757581687114964, -22.814064113141431 ], [ -66.75731219252971, -22.814064113141431 ], [ -66.75731219252971, -22.813794618556194 ], [ -66.757042697944485, -22.813794618556194 ], [ -66.757042697944485, -22.813255629385726 ], [ -66.756773203359245, -22.813255629385726 ], [ -66.756773203359245, -22.812986134800482 ], [ -66.756503708774019, -22.812986134800489 ], [ -66.756503708774019, -22.812447145630014 ], [ -66.756773203359245, -22.812447145630017 ], [ -66.756773203359245, -22.812177651044781 ], [ -66.757042697944485, -22.812177651044781 ] ] ] } },
{ "type": "Feature", "properties": { "raster_value": 1, "overlap_with_reference": 0.76923076918576005, "bofedal_id": "9c3ed4ed-9568-5e7e-af6a-0d81a428e81d" }, "geometry": { "type": "Polygon", "coordinates": [ [ [ -66.307795224356312, -22.836971152886466 ], [ -66.307795224356312, -22.837240647471713 ], [ -66.308334213526777, -22.837240647471713 ], [ -66.308334213526777, -22.837510142056946 ], [ -66.308064718941552, -22.837510142056956 ], [ -66.308064718941552, -22.837779636642182 ], [ -66.306717246015367, -22.837779636642178 ], [ -66.306717246015367, -22.838049131227418 ], [ -66.306178256844888, -22.838049131227422 ], [ -66.306178256844888, -22.837779636642185 ], [ -66.305639267674422, -22.837779636642185 ], [ -66.305639267674422, -22.83724064747172 ], [ -66.306178256844888, -22.837240647471706 ], [ -66.306178256844888, -22.836971152886477 ], [ -66.306717246015367, -22.836971152886477 ], [ -66.306717246015367, -22.83724064747171 ], [ -66.306986740600607, -22.83724064747171 ], [ -66.306986740600607, -22.836971152886473 ], [ -66.307795224356312, -22.836971152886466 ] ] ] } },
{ "type": "Feature", "properties": { "raster_value": 1, "overlap_with_reference": 0.69230769225523381, "bofedal_id": "0af88fe2-d2b9-5bae-9b50-8c224c664664" }, "geometry": { "type": "Polygon", "coordinates": [ [ [ -66.816062012111132, -22.888983607836995 ], [ -66.816062012111132, -22.88952259700746 ], [ -66.815523022940667, -22.889522597007463 ], [ -66.815523022940667, -22.890061586177943 ], [ -66.815253528355427, -22.890061586177939 ], [ -66.815253528355427, -22.890331080763172 ], [ -66.814984033770187, -22.890331080763179 ], [ -66.814984033770187, -22.890061586177939 ], [ -66.814714539184948, -22.890061586177943 ], [ -66.814714539184948, -22.889792091592703 ], [ -66.814984033770187, -22.889792091592707 ], [ -66.814984033770187, -22.889253102422241 ], [ -66.815253528355427, -22.889253102422231 ], [ -66.815253528355427, -22.888983607836991 ], [ -66.816062012111132, -22.888983607836995 ] ] ] } },
{ "type": "Feature", "properties": { "raster_value": 1, "overlap_with_reference": 0.5581395348799103, "bofedal_id": "7ffc1093-d660-56f1-9fb2-5511d217997a" }, "geometry": { "type": "Polygon", "coordinates": [ [ [ -66.342290531266499, -22.946116459906996 ], [ -66.342290531266499, -22.946385954492229 ], [ -66.342560025851739, -22.946385954492236 ], [ -66.342560025851739, -22.946924943662708 ], [ -66.342829520436965, -22.946924943662708 ], [ -66.342829520436965, -22.947194438247948 ], [ -66.343638004192684, -22.947194438247944 ], [ -66.343638004192684, -22.948272416588882 ], [ -66.343099015022204, -22.948272416588882 ], [ -66.343099015022204, -22.948002922003649 ], [ -66.34175154209602, -22.948002922003649 ], [ -66.34175154209602, -22.948272416588882 ], [ -66.340943058340315, -22.948272416588885 ], [ -66.340943058340315, -22.948002922003649 ], [ -66.341212552925555, -22.948002922003656 ], [ -66.341212552925555, -22.947733427418417 ], [ -66.340943058340315, -22.947733427418413 ], [ -66.340943058340315, -22.947463932833184 ], [ -66.34175154209602, -22.94746393283318 ], [ -66.34175154209602, -22.946655449077472 ], [ -66.341482047510794, -22.946655449077479 ], [ -66.341482047510794, -22.946385954492239 ], [ -66.34202103668126, -22.946385954492236 ], [ -66.34202103668126, -22.946116459907007 ], [ -66.342290531266499, -22.946116459906996 ] ] ] } },
{ "type": "Feature", "properties": { "raster_value": 1, "overlap_with_reference": 0.69230769226974276, "bofedal_id": "542c4b02-730c-56a5-b9e6-b21aca52918f" }, "geometry": { "type": "Polygon", "coordinates": [ [ [ -66.281923744173668, -22.95797422165737 ], [ -66.281923744173668, -22.95824371624261 ], [ -66.281654249588428, -22.95824371624261 ], [ -66.281654249588428, -22.959052199998318 ], [ -66.281384755003188, -22.959052199998318 ], [ -66.281384755003188, -22.958782705413093 ], [ -66.280845765832723, -22.958782705413093 ], [ -66.280845765832723, -22.958513210827853 ], [ -66.280576271247483, -22.958513210827849 ], [ -66.280576271247483, -22.957974221657384 ], [ -66.281923744173668, -22.95797422165737 ] ] ] } },
{ "type": "Feature", "properties": { "raster_value": 1, "overlap_with_reference": 0.69230769227489097, "bofedal_id": "63f29645-2854-5c62-a691-fc43d2929b57" }, "geometry": { "type": "Polygon", "coordinates": [ [ [ -66.102170855821356, -22.960130178339259 ], [ -66.102170855821356, -22.960399672924495 ], [ -66.102440350406582, -22.960399672924499 ], [ -66.102440350406582, -22.960669167509732 ], [ -66.102709844991821, -22.960669167509728 ], [ -66.102709844991821, -22.960938662094964 ], [ -66.102979339577061, -22.960938662094964 ], [ -66.102979339577061, -22.961208156680204 ], [ -66.102709844991821, -22.961208156680208 ], [ -66.102709844991821, -22.961747145850676 ], [ -66.102440350406582, -22.961747145850687 ], [ -66.102440350406582, -22.962016640435916 ], [ -66.101631866650877, -22.962016640435909 ], [ -66.101631866650877, -22.961747145850676 ], [ -66.101092877480411, -22.961747145850687 ], [ -66.101092877480411, -22.962016640435916 ], [ -66.100553888309932, -22.962016640435923 ], [ -66.100553888309932, -22.960938662094971 ], [ -66.101362372065637, -22.960938662094971 ], [ -66.101362372065637, -22.960669167509728 ], [ -66.101631866650877, -22.960669167509735 ], [ -66.101631866650877, -22.960399672924499 ], [ -66.101901361236116, -22.960399672924503 ], [ -66.101901361236116, -22.960130178339263 ], [ -66.102170855821356, -22.960130178339259 ] ] ] } },
{ "type": "Feature", "properties": { "raster_value": 1, "overlap_with_reference": 0.71428571426262188, "bofedal_id": "ae16f3d7-75fd-5931-85ca-c775e43dfac7" }, "geometry": { "type": "Polygon", "coordinates": [ [ [ -66.362233130573955, -22.96363360794733 ], [ -66.362233130573955, -22.963903102532562 ], [ -66.36277211974442, -22.963903102532555 ], [ -66.36277211974442, -22.964442091703038 ], [ -66.362502625159181, -22.964442091703038 ], [ -66.362502625159181, -22.9649810808735 ], [ -66.362233130573955, -22.96498108087351 ], [ -66.362233130573955, -22.965250575458743 ], [ -66.361963635988715, -22.965250575458747 ], [ -66.361963635988715, -22.965520070043979 ], [ -66.361694141403476, -22.965520070043979 ], [ -66.361694141403476, -22.96525057545875 ], [ -66.36115515223301, -22.96525057545875 ], [ -66.36115515223301, -22.96498108087351 ], [ -66.360885657647771, -22.964981080873507 ], [ -66.360885657647771, -22.964711586288274 ], [ -66.361694141403476, -22.964711586288267 ], [ -66.361694141403476, -22.964442091703045 ], [ -66.361963635988715, -22.964442091703035 ], [ -66.361963635988715, -22.963633607947326 ], [ -66.362233130573955, -22.96363360794733 ] ] ] } },
{ "type": "Feature", "properties": { "raster_value": 1, "overlap_with_reference": 0.75471698113584873, "bofedal_id": "6d707786-5c61-564d-813a-a27674ce4a59" }, "geometry": { "type": "MultiPolygon", "coordinates": [ [ [ [ -66.483236199344844, -22.969023499652046 ], [ -66.483236199344844, -22.970101477992994 ], [ -66.482966704759619, -22.970101477992994 ], [ -66.482966704759619, -22.970370972578223 ], [ -66.482697210174379, -22.970370972578234 ], [ -66.482697210174379, -22.970640467163467 ], [ -66.482427715589139, -22.970640467163459 ], [ -66.482427715589139, -22.970909961748692 ], [ -66.482158221003914, -22.970909961748692 ], [ -66.482158221003914, -22.971179456333939 ], [ -66.483505693930084, -22.971179456333939 ], [ -66.483505693930084, -22.970909961748703 ], [ -66.483236199344844, -22.970909961748696 ], [ -66.483236199344844, -22.970640467163463 ], [ -66.484044683100564, -22.970640467163456 ], [ -66.484044683100564, -22.970370972578223 ], [ -66.484314177685789, -22.970370972578223 ], [ -66.484314177685789, -22.969831983407751 ], [ -66.484583672271029, -22.969831983407751 ], [ -66.484583672271029, -22.969292994237286 ], [ -66.484044683100564, -22.969292994237275 ], [ -66.484044683100564, -22.969023499652046 ], [ -66.483236199344844, -22.969023499652046 ] ] ], [ [ [ -66.485661650611974, -22.969292994237289 ], [ -66.485661650611974, -22.969562488822511 ], [ -66.485392156026734, -22.969562488822518 ], [ -66.485392156026734, -22.969831983407747 ], [ -66.485122661441508, -22.969831983407747 ], [ -66.485122661441508, -22.970370972578227 ], [ -66.485392156026734, -22.970370972578223 ], [ -66.485392156026734, -22.970640467163463 ], [ -66.486200639782439, -22.970640467163463 ], [ -66.486200639782439, -22.970101477992987 ], [ -66.486470134367678, -22.970101477992984 ], [ -66.486470134367678, -22.969562488822515 ], [ -66.486200639782439, -22.969562488822515 ], [ -66.486200639782439, -22.969292994237282 ], [ -66.485661650611974, -22.969292994237289 ] ] ] ] } },
{ "type": "Feature", "properties": { "raster_value": 1, "overlap_with_reference": 0.62499999996759215, "bofedal_id": "433cc94a-d5db-5146-95f1-e34cf2c0da0d" }, "geometry": { "type": "Polygon", "coordinates": [ [ [ -66.48027175890725, -22.974952380527238 ], [ -66.48027175890725, -22.975491369697714 ], [ -66.48054125349249, -22.975491369697714 ], [ -66.48054125349249, -22.975760864282943 ], [ -66.481080242662969, -22.975760864282947 ], [ -66.481080242662969, -22.976030358868179 ], [ -66.481888726418674, -22.976030358868183 ], [ -66.481888726418674, -22.976299853453416 ], [ -66.482158221003914, -22.976299853453416 ], [ -66.482158221003914, -22.976569348038655 ], [ -66.481349737248195, -22.976569348038652 ], [ -66.481349737248195, -22.976838842623884 ], [ -66.48054125349249, -22.976838842623888 ], [ -66.48054125349249, -22.977108337209128 ], [ -66.48027175890725, -22.977108337209124 ], [ -66.48027175890725, -22.977377831794364 ], [ -66.479732769736785, -22.97737783179436 ], [ -66.479732769736785, -22.9776473263796 ], [ -66.47892428598108, -22.977647326379593 ], [ -66.47892428598108, -22.97737783179436 ], [ -66.47919378056632, -22.97737783179436 ], [ -66.47919378056632, -22.976569348038652 ], [ -66.479463275151545, -22.976569348038652 ], [ -66.479463275151545, -22.976030358868179 ], [ -66.479732769736785, -22.976030358868179 ], [ -66.479732769736785, -22.975760864282943 ], [ -66.480002264322025, -22.975760864282943 ], [ -66.480002264322025, -22.974952380527238 ], [ -66.48027175890725, -22.974952380527238 ] ] ] } },
{ "type": "Feature", "properties": { "raster_value": 1, "overlap_with_reference": 0.77707006368372933, "bofedal_id": "e30f8468-dad4-5279-a3b9-1378076ade5c" }, "geometry": { "type": "MultiPolygon", "coordinates": [ [ [ [ -65.25245442857269, -23.027234330062996 ], [ -65.25245442857269, -23.027503824648232 ], [ -65.251645944816985, -23.027503824648225 ], [ -65.251645944816985, -23.027773319233468 ], [ -65.25083746106128, -23.027773319233461 ], [ -65.25083746106128, -23.027503824648232 ], [ -65.250298471890801, -23.027503824648232 ], [ -65.250298471890801, -23.027773319233457 ], [ -65.250567966476041, -23.027773319233468 ], [ -65.250567966476041, -23.028581802989173 ], [ -65.25083746106128, -23.028581802989176 ], [ -65.25083746106128, -23.028851297574409 ], [ -65.251376450231746, -23.028851297574413 ], [ -65.251376450231746, -23.029120792159642 ], [ -65.251645944816985, -23.029120792159642 ], [ -65.251645944816985, -23.029659781330121 ], [ -65.25245442857269, -23.02965978133011 ], [ -65.25245442857269, -23.029929275915347 ], [ -65.252184933987465, -23.029929275915354 ], [ -65.252184933987465, -23.030198770500583 ], [ -65.25272392315793, -23.030198770500576 ], [ -65.25272392315793, -23.02992927591535 ], [ -65.253262912328395, -23.02992927591535 ], [ -65.253262912328395, -23.029390286744881 ], [ -65.253801901498875, -23.029390286744878 ], [ -65.253801901498875, -23.028312308403937 ], [ -65.253532406913635, -23.028312308403937 ], [ -65.253532406913635, -23.028851297574413 ], [ -65.25299341774317, -23.028851297574406 ], [ -65.25299341774317, -23.028042813818704 ], [ -65.253262912328395, -23.028042813818693 ], [ -65.253262912328395, -23.027503824648232 ], [ -65.25299341774317, -23.027503824648232 ], [ -65.25299341774317, -23.027234330062992 ], [ -65.25245442857269, -23.027234330062996 ] ] ], [ [ [ -65.247603526038446, -23.022383427528744 ], [ -65.247603526038446, -23.022652922113984 ], [ -65.247334031453207, -23.022652922113977 ], [ -65.247334031453207, -23.022922416699217 ], [ -65.247064536867981, -23.02292241669922 ], [ -65.247064536867981, -23.023191911284453 ], [ -65.246795042282741, -23.023191911284457 ], [ -65.246795042282741, -23.023461405869689 ], [ -65.246525547697502, -23.023461405869689 ], [ -65.246525547697502, -23.023730900454925 ], [ -65.246795042282741, -23.023730900454925 ], [ -65.246795042282741, -23.024269889625405 ], [ -65.247064536867981, -23.024269889625398 ], [ -65.247064536867981, -23.024539384210637 ], [ -65.249489988135096, -23.024539384210637 ], [ -65.249489988135096, -23.024269889625401 ], [ -65.249220493549871, -23.024269889625398 ], [ -65.249220493549871, -23.024000395040161 ], [ -65.249759482720336, -23.024000395040161 ], [ -65.249759482720336, -23.024269889625398 ], [ -65.250298471890801, -23.024269889625398 ], [ -65.250298471890801, -23.025078373381113 ], [ -65.250028977305575, -23.025078373381099 ], [ -65.250028977305575, -23.025347867966339 ], [ -65.250298471890801, -23.025347867966342 ], [ -65.250298471890801, -23.025617362551579 ], [ -65.250567966476041, -23.025617362551582 ], [ -65.250567966476041, -23.025886857136811 ], [ -65.251376450231746, -23.025886857136808 ], [ -65.251376450231746, -23.025617362551579 ], [ -65.25110695564652, -23.025617362551586 ], [ -65.25110695564652, -23.024808878795866 ], [ -65.25083746106128, -23.02480887879587 ], [ -65.25083746106128, -23.024539384210634 ], [ -65.250567966476041, -23.024539384210634 ], [ -65.250567966476041, -23.024000395040161 ], [ -65.25083746106128, -23.024000395040169 ], [ -65.25083746106128, -23.023730900454929 ], [ -65.249759482720336, -23.023730900454922 ], [ -65.249759482720336, -23.02319191128446 ], [ -65.248950998964631, -23.023191911284453 ], [ -65.248950998964631, -23.023461405869689 ], [ -65.248142515208926, -23.023461405869678 ], [ -65.248142515208926, -23.023191911284464 ], [ -65.248412009794151, -23.023191911284449 ], [ -65.248412009794151, -23.022922416699217 ], [ -65.248142515208926, -23.02292241669922 ], [ -65.248142515208926, -23.022652922113984 ], [ -65.247873020623686, -23.022652922113991 ], [ -65.247873020623686, -23.022383427528744 ], [ -65.247603526038446, -23.022383427528744 ] ] ] ] } },
{ "type": "Feature", "properties": { "raster_value": 1, "overlap_with_reference": 0.69565217389345002, "bofedal_id": "39d0247d-db3e-5d91-8df7-4b98a229ec63" }, "geometry": { "type": "Polygon", "coordinates": [ [ [ -66.256591253161503, -23.031007254256295 ], [ -66.256591253161503, -23.031276748841528 ], [ -66.257399736917208, -23.031276748841535 ], [ -66.257399736917208, -23.032354727182479 ], [ -66.257130242331968, -23.032354727182469 ], [ -66.257130242331968, -23.032893716352934 ], [ -66.256860747746728, -23.032893716352937 ], [ -66.256860747746728, -23.033432705523417 ], [ -66.256591253161503, -23.033432705523413 ], [ -66.256591253161503, -23.033163210938174 ], [ -66.256321758576263, -23.033163210938174 ], [ -66.256321758576263, -23.03343270552342 ], [ -66.256052263991023, -23.03343270552342 ], [ -66.256052263991023, -23.03370220010865 ], [ -66.255782769405783, -23.033702200108657 ], [ -66.255782769405783, -23.032354727182479 ], [ -66.255513274820558, -23.032354727182472 ], [ -66.255513274820558, -23.031546243426757 ], [ -66.256052263991023, -23.031546243426767 ], [ -66.256052263991023, -23.031007254256295 ], [ -66.256591253161503, -23.031007254256295 ] ] ] } },
{ "type": "Feature", "properties": { "raster_value": 1, "overlap_with_reference": 0.57142857140758641, "bofedal_id": "e84090ca-5414-5c6c-865f-9aabd14f4ecb" }, "geometry": { "type": "Polygon", "coordinates": [ [ [ -65.113664717176235, -23.039631080983842 ], [ -65.113664717176235, -23.039900575569078 ], [ -65.113395222591009, -23.039900575569071 ], [ -65.113395222591009, -23.040439564739547 ], [ -65.112047749664811, -23.04043956473954 ], [ -65.112047749664811, -23.040170070154307 ], [ -65.112317244250065, -23.040170070154314 ], [ -65.112317244250065, -23.039631080983835 ], [ -65.113664717176235, -23.039631080983842 ] ] ] } },
{ "type": "Feature", "properties": { "raster_value": 1, "overlap_with_reference": 0.63999999995233092, "bofedal_id": "313f05df-ab0e-580d-969f-4c37f53b806e" }, "geometry": { "type": "Polygon", "coordinates": [ [ [ -66.837352084344772, -23.040170070154314 ], [ -66.837352084344772, -23.040439564739554 ], [ -66.837891073515237, -23.040439564739547 ], [ -66.837891073515237, -23.040978553910023 ], [ -66.837352084344772, -23.040978553910023 ], [ -66.837352084344772, -23.041248048495262 ], [ -66.836813095174293, -23.041248048495259 ], [ -66.836813095174293, -23.041517543080484 ], [ -66.836543600589053, -23.041517543080491 ], [ -66.836543600589053, -23.041787037665728 ], [ -66.836274106003827, -23.041787037665724 ], [ -66.836274106003827, -23.04205653225096 ], [ -66.836004611418588, -23.04205653225096 ], [ -66.836004611418588, -23.042326026836193 ], [ -66.835465622248122, -23.0423260268362 ], [ -66.835465622248122, -23.042056532250964 ], [ -66.835735116833348, -23.04205653225096 ], [ -66.835735116833348, -23.041248048495259 ], [ -66.836274106003827, -23.041248048495255 ], [ -66.836274106003827, -23.040978553910012 ], [ -66.836543600589053, -23.040978553910016 ], [ -66.836543600589053, -23.040709059324783 ], [ -66.836813095174293, -23.040709059324787 ], [ -66.836813095174293, -23.04043956473955 ], [ -66.837082589759532, -23.040439564739554 ], [ -66.837082589759532, -23.040170070154314 ], [ -66.837352084344772, -23.040170070154314 ] ] ] } },
{ "type": "Feature", "properties": { "raster_value": 1, "overlap_with_reference": 0.87499999996701661, "bofedal_id": "511c2066-f1d0-585b-a281-dc619d425b0b" }, "geometry": { "type": "Polygon", "coordinates": [ [ [ -65.631902804584783, -23.040709059324783 ], [ -65.631902804584783, -23.041248048495255 ], [ -65.632172299170023, -23.041248048495255 ], [ -65.632172299170023, -23.043134510591905 ], [ -65.631902804584783, -23.043134510591905 ], [ -65.631902804584783, -23.043404005177134 ], [ -65.631633309999543, -23.043404005177141 ], [ -65.631633309999543, -23.043673499762374 ], [ -65.630824826243838, -23.043673499762384 ], [ -65.630824826243838, -23.042865016006669 ], [ -65.631094320829078, -23.042865016006672 ], [ -65.631094320829078, -23.042595521421426 ], [ -65.631363815414304, -23.042595521421436 ], [ -65.631363815414304, -23.041787037665724 ], [ -65.631633309999543, -23.041787037665724 ], [ -65.631633309999543, -23.041517543080488 ], [ -65.631363815414304, -23.041517543080491 ], [ -65.631363815414304, -23.041248048495259 ], [ -65.631633309999543, -23.041248048495266 ], [ -65.631633309999543, -23.040709059324787 ], [ -65.631902804584783, -23.040709059324783 ] ] ] } },
{ "type": "Feature", "properties": { "raster_value": 1, "overlap_with_reference": 0.61538461535325184, "bofedal_id": "0e5c1d37-4a67-5ebb-bb3c-5e4b998fda5f" }, "geometry": { "type": "MultiPolygon", "coordinates": [ [ [ [ -66.842741976049481, -23.050410864393275 ], [ -66.842741976049481, -23.050680358978514 ], [ -66.842472481464242, -23.050680358978511 ], [ -66.842472481464242, -23.050949853563743 ], [ -66.843011470634721, -23.050949853563743 ], [ -66.843011470634721, -23.051219348148994 ], [ -66.843550459805186, -23.051219348148983 ], [ -66.843550459805186, -23.050949853563743 ], [ -66.844089448975666, -23.05094985356375 ], [ -66.844089448975666, -23.050410864393282 ], [ -66.842741976049481, -23.050410864393275 ] ] ], [ [ [ -66.842472481464242, -23.048793896881854 ], [ -66.842202986879016, -23.048793896881854 ], [ -66.842202986879016, -23.049063391467094 ], [ -66.841933492293776, -23.049063391467104 ], [ -66.841933492293776, -23.049602380637573 ], [ -66.841663997708537, -23.04960238063757 ], [ -66.841663997708537, -23.050141369808042 ], [ -66.841394503123311, -23.050141369808046 ], [ -66.841394503123311, -23.050410864393271 ], [ -66.841125008538071, -23.050410864393275 ], [ -66.841125008538071, -23.050680358978507 ], [ -66.840855513952832, -23.050680358978511 ], [ -66.840855513952832, -23.051219348148983 ], [ -66.841125008538071, -23.05121934814898 ], [ -66.841125008538071, -23.050949853563743 ], [ -66.841933492293776, -23.050949853563743 ], [ -66.841933492293776, -23.050410864393278 ], [ -66.842202986879016, -23.050410864393275 ], [ -66.842202986879016, -23.049602380637566 ], [ -66.842472481464242, -23.049602380637563 ], [ -66.842472481464242, -23.049063391467094 ], [ -66.842741976049481, -23.049063391467094 ], [ -66.842741976049481, -23.048793896881858 ], [ -66.843011470634721, -23.048793896881858 ], [ -66.843011470634721, -23.048524402296621 ], [ -66.843280965219961, -23.048524402296621 ], [ -66.843280965219961, -23.048254907711385 ], [ -66.842472481464242, -23.048254907711389 ], [ -66.842472481464242, -23.048793896881854 ] ] ], [ [ [ -66.837621578929998, -23.048254907711385 ], [ -66.837082589759532, -23.048254907711389 ], [ -66.837082589759532, -23.048524402296625 ], [ -66.836813095174293, -23.048524402296621 ], [ -66.836813095174293, -23.048793896881865 ], [ -66.836543600589053, -23.048793896881854 ], [ -66.836543600589053, -23.04933288605233 ], [ -66.836274106003827, -23.049332886052337 ], [ -66.836274106003827, -23.049871875222806 ], [ -66.836004611418588, -23.049871875222806 ], [ -66.836004611418588, -23.050141369808042 ], [ -66.836543600589053, -23.050141369808042 ], [ -66.836543600589053, -23.049871875222806 ], [ -66.836813095174293, -23.049871875222809 ], [ -66.836813095174293, -23.049602380637566 ], [ -66.838160568100477, -23.049602380637573 ], [ -66.838160568100477, -23.049871875222802 ], [ -66.838699557270942, -23.049871875222809 ], [ -66.838699557270942, -23.04933288605233 ], [ -66.838969051856182, -23.049332886052337 ], [ -66.838969051856182, -23.049063391467101 ], [ -66.839238546441422, -23.04906339146709 ], [ -66.839238546441422, -23.048524402296621 ], [ -66.838969051856182, -23.048524402296621 ], [ -66.838969051856182, -23.048254907711385 ], [ -66.838160568100477, -23.048254907711389 ], [ -66.838160568100477, -23.047985413126153 ], [ -66.837621578929998, -23.047985413126145 ], [ -66.837621578929998, -23.048254907711385 ] ] ] ] } },
{ "type": "Feature", "properties": { "raster_value": 1, "overlap_with_reference": 0.51282051280489438, "bofedal_id": "d9aff230-b5b0-5fc0-af1b-dc687079e589" }, "geometry": { "type": "MultiPolygon", "coordinates": [ [ [ [ -66.122652444299277, -23.051758337319455 ], [ -66.122652444299277, -23.052566821075164 ], [ -66.123999917225461, -23.052566821075168 ], [ -66.123999917225461, -23.052297326489921 ], [ -66.124269411810687, -23.052297326489931 ], [ -66.124269411810687, -23.052027831904695 ], [ -66.123460928054982, -23.052027831904692 ], [ -66.123460928054982, -23.051758337319463 ], [ -66.122652444299277, -23.051758337319455 ] ] ], [ [ [ -66.119418509276443, -23.050949853563747 ], [ -66.119418509276443, -23.05121934814899 ], [ -66.118340530935498, -23.051219348148983 ], [ -66.118340530935498, -23.051488842734223 ], [ -66.119149014691203, -23.051488842734219 ], [ -66.119149014691203, -23.051758337319452 ], [ -66.119688003861683, -23.051758337319459 ], [ -66.119688003861683, -23.052027831904695 ], [ -66.119957498446922, -23.052027831904692 ], [ -66.119957498446922, -23.051758337319455 ], [ -66.121304971373092, -23.051758337319452 ], [ -66.121304971373092, -23.05121934814898 ], [ -66.120765982202627, -23.05121934814898 ], [ -66.120765982202627, -23.050949853563743 ], [ -66.119418509276443, -23.050949853563747 ] ] ] ] } },
{ "type": "Feature", "properties": { "raster_value": 1, "overlap_with_reference": 0.52380952377356227, "bofedal_id": "34776c0d-a1c8-5b9a-a690-d44451e21ada" }, "geometry": { "type": "Polygon", "coordinates": [ [ [ -66.351722841749748, -23.068467001604084 ], [ -66.351722841749748, -23.068736496189313 ], [ -66.352261830920227, -23.06873649618931 ], [ -66.352261830920227, -23.069275485359789 ], [ -66.350375368823578, -23.069275485359785 ], [ -66.350375368823578, -23.069544979945015 ], [ -66.350105874238338, -23.069544979945015 ], [ -66.350105874238338, -23.069814474530258 ], [ -66.349836379653098, -23.069814474530251 ], [ -66.349836379653098, -23.070083969115487 ], [ -66.349566885067873, -23.070083969115494 ], [ -66.349566885067873, -23.069544979945025 ], [ -66.349836379653098, -23.069544979945018 ], [ -66.349836379653098, -23.069275485359785 ], [ -66.350105874238338, -23.069275485359782 ], [ -66.350105874238338, -23.069005990774542 ], [ -66.350375368823578, -23.069005990774553 ], [ -66.350375368823578, -23.06873649618931 ], [ -66.351453347164522, -23.06873649618932 ], [ -66.351453347164522, -23.06846700160408 ], [ -66.351722841749748, -23.068467001604084 ] ] ] } },
{ "type": "Feature", "properties": { "raster_value": 1, "overlap_with_reference": 0.68571428566646153, "bofedal_id": "c86a435e-77b6-5767-a6b4-ef0cfdc6b13e" }, "geometry": { "type": "Polygon", "coordinates": [ [ [ -66.146098473214792, -23.069275485359785 ], [ -66.146098473214792, -23.069814474530254 ], [ -66.145828978629552, -23.069814474530251 ], [ -66.145828978629552, -23.070353463700723 ], [ -66.145559484044327, -23.070353463700723 ], [ -66.145559484044327, -23.070622958285966 ], [ -66.144751000288622, -23.07062295828597 ], [ -66.144751000288622, -23.070892452871206 ], [ -66.144212011118142, -23.070892452871206 ], [ -66.144212011118142, -23.071161947456432 ], [ -66.143942516532903, -23.071161947456432 ], [ -66.143942516532903, -23.070892452871202 ], [ -66.143134032777198, -23.070892452871202 ], [ -66.143134032777198, -23.070622958285966 ], [ -66.143403527362437, -23.070622958285963 ], [ -66.143403527362437, -23.070353463700723 ], [ -66.143673021947677, -23.070353463700719 ], [ -66.143673021947677, -23.070083969115498 ], [ -66.144481505703382, -23.070083969115487 ], [ -66.144481505703382, -23.069814474530254 ], [ -66.145020494873847, -23.069814474530251 ], [ -66.145020494873847, -23.069544979945025 ], [ -66.145289989459087, -23.069544979945022 ], [ -66.145289989459087, -23.069275485359789 ], [ -66.146098473214792, -23.069275485359785 ] ] ] } },
{ "type": "Feature", "properties": { "raster_value": 1, "overlap_with_reference": 0.76859504129679801, "bofedal_id": "bee70a7e-b444-5eb5-999d-18f0980d9606" }, "geometry": { "type": "Polygon", "coordinates": [ [ [ -67.021147391475623, -23.095955449298131 ], [ -67.021147391475623, -23.096224943883371 ], [ -67.020877896890383, -23.096224943883367 ], [ -67.020877896890383, -23.096494438468604 ], [ -67.019799918549438, -23.096494438468607 ], [ -67.019799918549438, -23.096763933053843 ], [ -67.018721940208493, -23.09676393305384 ], [ -67.018721940208493, -23.097033427639076 ], [ -67.017913456452789, -23.097033427639076 ], [ -67.017913456452789, -23.097302922224312 ], [ -67.017374467282323, -23.097302922224312 ], [ -67.017374467282323, -23.097572416809548 ], [ -67.016835478111844, -23.097572416809552 ], [ -67.016835478111844, -23.097841911394788 ], [ -67.016565983526604, -23.097841911394784 ], [ -67.016565983526604, -23.098380900565271 ], [ -67.016296488941379, -23.098380900565264 ], [ -67.016296488941379, -23.0986503951505 ], [ -67.016026994356139, -23.098650395150496 ], [ -67.016026994356139, -23.098919889735729 ], [ -67.015757499770899, -23.098919889735729 ], [ -67.015757499770899, -23.099189384320969 ], [ -67.015488005185674, -23.099189384320965 ], [ -67.015488005185674, -23.099458878906201 ], [ -67.014949016015194, -23.099458878906198 ], [ -67.014949016015194, -23.099728373491441 ], [ -67.014679521429954, -23.099728373491438 ], [ -67.014679521429954, -23.099997868076677 ], [ -67.014410026844729, -23.09999786807667 ], [ -67.014410026844729, -23.099458878906198 ], [ -67.014679521429954, -23.099458878906205 ], [ -67.014679521429954, -23.099189384320958 ], [ -67.014140532259489, -23.099189384320969 ], [ -67.014140532259489, -23.099458878906201 ], [ -67.01360154308901, -23.099458878906201 ], [ -67.01360154308901, -23.099189384320962 ], [ -67.013871037674249, -23.099189384320965 ], [ -67.013871037674249, -23.0986503951505 ], [ -67.014140532259489, -23.098650395150496 ], [ -67.014140532259489, -23.098111405980021 ], [ -67.014410026844729, -23.098111405980024 ], [ -67.014410026844729, -23.097841911394788 ], [ -67.014679521429954, -23.097841911394791 ], [ -67.014679521429954, -23.097572416809548 ], [ -67.014949016015194, -23.097572416809555 ], [ -67.014949016015194, -23.097302922224312 ], [ -67.015488005185674, -23.097302922224312 ], [ -67.015488005185674, -23.097033427639079 ], [ -67.015757499770899, -23.097033427639079 ], [ -67.015757499770899, -23.096763933053847 ], [ -67.016296488941379, -23.09676393305384 ], [ -67.016296488941379, -23.096494438468604 ], [ -67.016835478111844, -23.096494438468611 ], [ -67.016835478111844, -23.096224943883371 ], [ -67.018991434793733, -23.096224943883367 ], [ -67.018991434793733, -23.095955449298135 ], [ -67.021147391475623, -23.095955449298131 ] ] ] } },
{ "type": "Feature", "properties": { "raster_value": 1, "overlap_with_reference": 0.62499999998825884, "bofedal_id": "6467d46c-6b79-5807-8305-8e4a17a22272" }, "geometry": { "type": "Polygon", "coordinates": [ [ [ -66.904186741483258, -23.10511826519615 ], [ -66.904186741483258, -23.106465738122328 ], [ -66.903378257727553, -23.106465738122331 ], [ -66.903378257727553, -23.10592674895187 ], [ -66.903108763142313, -23.105926748951862 ], [ -66.903108763142313, -23.105657254366633 ], [ -66.903378257727553, -23.105657254366623 ], [ -66.903378257727553, -23.105118265196143 ], [ -66.904186741483258, -23.10511826519615 ] ] ] } },
{ "type": "Feature", "properties": { "raster_value": 1, "overlap_with_reference": 0.72499999999698383, "bofedal_id": "3cbdb4da-afec-54f1-ac2e-56fde90fab43" }, "geometry": { "type": "Polygon", "coordinates": [ [ [ -66.237726632194992, -23.105118265196154 ], [ -66.237726632194992, -23.105657254366633 ], [ -66.237996126780217, -23.105657254366623 ], [ -66.237996126780217, -23.105926748951862 ], [ -66.238265621365457, -23.105926748951862 ], [ -66.238265621365457, -23.106196243537095 ], [ -66.237996126780217, -23.106196243537095 ], [ -66.237996126780217, -23.106465738122335 ], [ -66.237187643024512, -23.106465738122335 ], [ -66.237187643024512, -23.106735232707571 ], [ -66.236648653854047, -23.106735232707571 ], [ -66.236648653854047, -23.106465738122328 ], [ -66.236379159268807, -23.106465738122338 ], [ -66.236379159268807, -23.106735232707571 ], [ -66.235840170098328, -23.106735232707571 ], [ -66.235840170098328, -23.106465738122335 ], [ -66.235301180927863, -23.106465738122335 ], [ -66.235301180927863, -23.105926748951859 ], [ -66.235570675513102, -23.105926748951866 ], [ -66.235570675513102, -23.105657254366626 ], [ -66.236379159268807, -23.105657254366633 ], [ -66.236379159268807, -23.105387759781387 ], [ -66.237457137609752, -23.10538775978139 ], [ -66.237457137609752, -23.105118265196147 ], [ -66.237726632194992, -23.105118265196154 ] ] ] } },
{ "type": "Feature", "properties": { "raster_value": 1, "overlap_with_reference": 0.53153153152217003, "bofedal_id": "f3a12eda-c1e5-5d65-9970-ccd7caa4ac2b" }, "geometry": { "type": "MultiPolygon", "coordinates": [ [ [ [ -65.69469504294473, -23.158478193072842 ], [ -65.695773021285675, -23.15847819307286 ], [ -65.695773021285675, -23.157400214731904 ], [ -65.696042515870914, -23.157400214731911 ], [ -65.696042515870914, -23.156861225561439 ], [ -65.69469504294473, -23.156861225561439 ], [ -65.69469504294473, -23.158478193072842 ] ] ], [ [ [ -65.69119161333667, -23.15308830136814 ], [ -65.691730602507135, -23.153088301368133 ], [ -65.691730602507135, -23.153627290538605 ], [ -65.692000097092375, -23.153627290538608 ], [ -65.692000097092375, -23.153896785123845 ], [ -65.692269591677615, -23.153896785123845 ], [ -65.692269591677615, -23.154166279709081 ], [ -65.69307807543332, -23.154166279709081 ], [ -65.69307807543332, -23.154435774294313 ], [ -65.693617064603785, -23.154435774294321 ], [ -65.693617064603785, -23.15470526887955 ], [ -65.693886559189025, -23.154705268879543 ], [ -65.693886559189025, -23.154974763464796 ], [ -65.694425548359504, -23.154974763464782 ], [ -65.694425548359504, -23.154705268879557 ], [ -65.69469504294473, -23.154705268879546 ], [ -65.69469504294473, -23.153896785123841 ], [ -65.69307807543332, -23.153896785123838 ], [ -65.69307807543332, -23.153627290538605 ], [ -65.692539086262855, -23.153627290538608 ], [ -65.692539086262855, -23.153357795953369 ], [ -65.692269591677615, -23.153357795953365 ], [ -65.692269591677615, -23.153088301368133 ], [ -65.692000097092375, -23.153088301368129 ], [ -65.692000097092375, -23.152818806782907 ], [ -65.69146110792191, -23.1528188067829 ], [ -65.69146110792191, -23.152549312197671 ], [ -65.69119161333667, -23.152549312197671 ], [ -65.69119161333667, -23.15308830136814 ] ] ], [ [ [ -65.688496667484316, -23.151740828441959 ], [ -65.688227172899076, -23.151740828441962 ], [ -65.688227172899076, -23.152010323027199 ], [ -65.688496667484316, -23.152010323027191 ], [ -65.688496667484316, -23.152279817612431 ], [ -65.689035656654781, -23.15227981761242 ], [ -65.689035656654781, -23.152818806782903 ], [ -65.689305151240021, -23.1528188067829 ], [ -65.689305151240021, -23.153088301368136 ], [ -65.689844140410486, -23.153088301368129 ], [ -65.689844140410486, -23.153896785123845 ], [ -65.690383129580965, -23.153896785123838 ], [ -65.690383129580965, -23.152818806782903 ], [ -65.690652624166191, -23.152818806782907 ], [ -65.690652624166191, -23.152549312197667 ], [ -65.690383129580965, -23.152549312197667 ], [ -65.690383129580965, -23.152279817612431 ], [ -65.690113634995726, -23.152279817612431 ], [ -65.690113634995726, -23.151740828441962 ], [ -65.689844140410486, -23.151740828441955 ], [ -65.689844140410486, -23.152010323027195 ], [ -65.68957464582526, -23.152010323027195 ], [ -65.68957464582526, -23.151471333856726 ], [ -65.688496667484316, -23.151471333856726 ], [ -65.688496667484316, -23.151740828441959 ] ] ], [ [ [ -65.690383129580965, -23.151471333856723 ], [ -65.690922118751431, -23.151471333856723 ], [ -65.690922118751431, -23.151740828441959 ], [ -65.691730602507135, -23.151740828441955 ], [ -65.691730602507135, -23.151471333856726 ], [ -65.692000097092375, -23.151471333856723 ], [ -65.692000097092375, -23.151740828441955 ], [ -65.692539086262855, -23.151740828441966 ], [ -65.692539086262855, -23.151471333856723 ], [ -65.69280858084808, -23.151471333856726 ], [ -65.69280858084808, -23.151201839271486 ], [ -65.690383129580965, -23.15120183927149 ], [ -65.690383129580965, -23.151471333856723 ] ] ] ] } },
{ "type": "Feature", "properties": { "raster_value": 1, "overlap_with_reference": 0.79999999995324467, "bofedal_id": "8be5bcf8-97d2-5550-b9c1-b9aaee8c8c30" }, "geometry": { "type": "Polygon", "coordinates": [ [ [ -67.003630243435296, -23.157400214731915 ], [ -67.003630243435296, -23.158208698487616 ], [ -67.003360748850056, -23.158208698487616 ], [ -67.003360748850056, -23.159556171413797 ], [ -67.003091254264817, -23.159556171413808 ], [ -67.003091254264817, -23.159286676828554 ], [ -67.002821759679591, -23.159286676828565 ], [ -67.002821759679591, -23.15793920390238 ], [ -67.003091254264817, -23.15793920390238 ], [ -67.003091254264817, -23.157669709317155 ], [ -67.003360748850056, -23.157669709317151 ], [ -67.003360748850056, -23.157400214731915 ], [ -67.003630243435296, -23.157400214731915 ] ] ] } },
{ "type": "Feature", "properties": { "raster_value": 1, "overlap_with_reference": 0.88888888886451678, "bofedal_id": "ff58c278-dea7-5474-a863-be7062b15cd6" }, "geometry": { "type": "Polygon", "coordinates": [ [ [ -65.687149194558131, -23.200249853784417 ], [ -65.687149194558131, -23.200519348369642 ], [ -65.686879699972891, -23.200519348369646 ], [ -65.686879699972891, -23.201327832125354 ], [ -65.686610205387666, -23.201327832125358 ], [ -65.686610205387666, -23.201597326710587 ], [ -65.686071216217186, -23.201597326710584 ], [ -65.686071216217186, -23.201327832125347 ], [ -65.685532227046721, -23.201327832125351 ], [ -65.685532227046721, -23.200788842954889 ], [ -65.685801721631947, -23.200788842954889 ], [ -65.685801721631947, -23.200519348369646 ], [ -65.686610205387666, -23.200519348369646 ], [ -65.686610205387666, -23.20024985378441 ], [ -65.687149194558131, -23.200249853784417 ] ] ] } },
{ "type": "Feature", "properties": { "raster_value": 1, "overlap_with_reference": 0.65909090906533652, "bofedal_id": "a17ccaca-0180-5b50-adc8-372dfa3f63f3" }, "geometry": { "type": "Polygon", "coordinates": [ [ [ -65.124444500585668, -23.202675305051525 ], [ -65.124444500585668, -23.202944799636764 ], [ -65.124983489756133, -23.202944799636771 ], [ -65.124983489756133, -23.203214294222004 ], [ -65.125252984341373, -23.203214294222004 ], [ -65.125252984341373, -23.203753283392476 ], [ -65.124983489756133, -23.203753283392484 ], [ -65.124983489756133, -23.204022777977709 ], [ -65.123097027659483, -23.204022777977713 ], [ -65.123097027659483, -23.204292272562952 ], [ -65.122288543903778, -23.204292272562949 ], [ -65.122288543903778, -23.203753283392487 ], [ -65.122827533074243, -23.20375328339248 ], [ -65.122827533074243, -23.203483788807237 ], [ -65.122558038489018, -23.203483788807244 ], [ -65.122558038489018, -23.203214294222008 ], [ -65.122827533074243, -23.203214294222004 ], [ -65.122827533074243, -23.202944799636771 ], [ -65.123366522244723, -23.202944799636768 ], [ -65.123366522244723, -23.202675305051525 ], [ -65.124444500585668, -23.202675305051525 ] ] ] } },
{ "type": "Feature", "properties": { "raster_value": 1, "overlap_with_reference": 0.70224719100254462, "bofedal_id": "addbe5ad-4e8e-500a-ba4b-52e08df7fae2" }, "geometry": { "type": "Polygon", "coordinates": [ [ [ -65.11393421176146, -23.206448229244842 ], [ -65.11393421176146, -23.206717723830074 ], [ -65.114742695517165, -23.206717723830074 ], [ -65.114742695517165, -23.206987218415307 ], [ -65.115281684687645, -23.206987218415314 ], [ -65.115281684687645, -23.206717723830078 ], [ -65.11609016844335, -23.206717723830074 ], [ -65.11609016844335, -23.206987218415311 ], [ -65.11582067385811, -23.206987218415314 ], [ -65.11582067385811, -23.207795702171012 ], [ -65.115281684687645, -23.207795702171005 ], [ -65.115281684687645, -23.208065196756241 ], [ -65.1142037063467, -23.208065196756245 ], [ -65.1142037063467, -23.209412669682422 ], [ -65.114473200931954, -23.209412669682433 ], [ -65.114473200931954, -23.209682164267662 ], [ -65.11393421176146, -23.209682164267665 ], [ -65.11393421176146, -23.209951658852898 ], [ -65.113664717176235, -23.209951658852908 ], [ -65.113664717176235, -23.209682164267669 ], [ -65.113395222591009, -23.209682164267658 ], [ -65.113395222591009, -23.209951658852894 ], [ -65.11258673883529, -23.209951658852908 ], [ -65.11258673883529, -23.210221153438134 ], [ -65.110969771323866, -23.21022115343813 ], [ -65.110969771323866, -23.209951658852905 ], [ -65.11123926590912, -23.209951658852898 ], [ -65.11123926590912, -23.209412669682429 ], [ -65.110969771323866, -23.209412669682425 ], [ -65.110969771323866, -23.209682164267672 ], [ -65.11070027673864, -23.209682164267676 ], [ -65.11070027673864, -23.209412669682425 ], [ -65.110430782153401, -23.209412669682433 ], [ -65.110430782153401, -23.209682164267672 ], [ -65.110161287568175, -23.209682164267662 ], [ -65.110161287568175, -23.20860418592672 ], [ -65.11070027673864, -23.208604185926728 ], [ -65.11070027673864, -23.208334691341481 ], [ -65.110969771323866, -23.208334691341484 ], [ -65.110969771323866, -23.208065196756245 ], [ -65.11123926590912, -23.208065196756245 ], [ -65.11123926590912, -23.207795702171008 ], [ -65.111508760494345, -23.207795702171005 ], [ -65.111508760494345, -23.206717723830071 ], [ -65.113664717176235, -23.206717723830071 ], [ -65.113664717176235, -23.206448229244831 ], [ -65.11393421176146, -23.206448229244842 ] ] ] } },
{ "type": "Feature", "properties": { "raster_value": 1, "overlap_with_reference": 0.61538461537724376, "bofedal_id": "3298b983-c988-5749-a4be-3bb90409e244" }, "geometry": { "type": "MultiPolygon", "coordinates": [ [ [ [ -66.50506526074895, -23.21102963719385 ], [ -66.50506526074895, -23.211299131779079 ], [ -66.504795766163724, -23.211299131779072 ], [ -66.504795766163724, -23.212107615534787 ], [ -66.505334755334189, -23.212107615534798 ], [ -66.505334755334189, -23.21237711012003 ], [ -66.50506526074895, -23.212377110120027 ], [ -66.50506526074895, -23.212916099290503 ], [ -66.505604249919429, -23.212916099290492 ], [ -66.505604249919429, -23.213455088460968 ], [ -66.506682228260374, -23.213455088460961 ], [ -66.506682228260374, -23.21264660470526 ], [ -66.506143239089894, -23.21264660470526 ], [ -66.506143239089894, -23.212377110120027 ], [ -66.505873744504669, -23.212377110120023 ], [ -66.505873744504669, -23.212107615534794 ], [ -66.505604249919429, -23.212107615534787 ], [ -66.505604249919429, -23.211568626364325 ], [ -66.505873744504669, -23.211568626364315 ], [ -66.505873744504669, -23.211838120949551 ], [ -66.506412733675134, -23.211838120949551 ], [ -66.506412733675134, -23.211568626364318 ], [ -66.506143239089894, -23.211568626364315 ], [ -66.506143239089894, -23.211299131779079 ], [ -66.505334755334189, -23.211299131779082 ], [ -66.505334755334189, -23.211029637193846 ], [ -66.50506526074895, -23.21102963719385 ] ] ], [ [ [ -66.502909304067074, -23.208873680511957 ], [ -66.502909304067074, -23.210221153438141 ], [ -66.5031787986523, -23.21022115343813 ], [ -66.5031787986523, -23.21049064802337 ], [ -66.50344829323754, -23.210490648023363 ], [ -66.50344829323754, -23.210760142608603 ], [ -66.503717787822779, -23.21076014260861 ], [ -66.503717787822779, -23.21049064802337 ], [ -66.503987282408019, -23.21049064802337 ], [ -66.503987282408019, -23.209682164267665 ], [ -66.503717787822779, -23.209682164267662 ], [ -66.503717787822779, -23.209412669682433 ], [ -66.50344829323754, -23.209412669682425 ], [ -66.50344829323754, -23.2091431750972 ], [ -66.5031787986523, -23.209143175097196 ], [ -66.5031787986523, -23.208873680511964 ], [ -66.502909304067074, -23.208873680511957 ] ] ] ] } },
{ "type": "Feature", "properties": { "raster_value": 1, "overlap_with_reference": 0.68148148145689136, "bofedal_id": "e7489b56-366a-5e53-b068-10ccca2225de" }, "geometry": { "type": "Polygon", "coordinates": [ [ [ -67.065075008869059, -23.248219889956399 ], [ -67.065075008869059, -23.248489384541632 ], [ -67.065344503454298, -23.248489384541632 ], [ -67.065344503454298, -23.249028373712104 ], [ -67.066691976380483, -23.2490283737121 ], [ -67.066691976380483, -23.248758879126878 ], [ -67.068039449306653, -23.248758879126871 ], [ -67.068039449306653, -23.249028373712104 ], [ -67.068578438477132, -23.249028373712104 ], [ -67.068578438477132, -23.249297868297347 ], [ -67.069386922232837, -23.24929786829734 ], [ -67.069386922232837, -23.249567362882573 ], [ -67.069656416818077, -23.249567362882569 ], [ -67.069656416818077, -23.250106352053042 ], [ -67.069386922232837, -23.250106352053049 ], [ -67.069386922232837, -23.250375846638281 ], [ -67.069117427647598, -23.250375846638281 ], [ -67.069117427647598, -23.25145382497923 ], [ -67.069386922232837, -23.251453824979222 ], [ -67.069386922232837, -23.251723319564459 ], [ -67.068847933062372, -23.251723319564462 ], [ -67.068847933062372, -23.25145382497923 ], [ -67.068039449306653, -23.251453824979219 ], [ -67.068039449306653, -23.250645341223514 ], [ -67.068308943891893, -23.250645341223514 ], [ -67.068308943891893, -23.249836857467809 ], [ -67.067769954721427, -23.249836857467809 ], [ -67.067769954721427, -23.24929786829734 ], [ -67.066961470965722, -23.24929786829734 ], [ -67.066961470965722, -23.249567362882566 ], [ -67.066422481795243, -23.249567362882573 ], [ -67.066422481795243, -23.249836857467812 ], [ -67.065075008869059, -23.249836857467812 ], [ -67.065075008869059, -23.250106352053042 ], [ -67.064266525113354, -23.250106352053042 ], [ -67.064266525113354, -23.250375846638285 ], [ -67.063997030528128, -23.250375846638278 ], [ -67.063997030528128, -23.250645341223514 ], [ -67.063727535942888, -23.250645341223514 ], [ -67.063727535942888, -23.250914835808754 ], [ -67.063188546772409, -23.250914835808757 ], [ -67.063188546772409, -23.251184330393993 ], [ -67.062649557601944, -23.251184330393986 ], [ -67.062649557601944, -23.250914835808754 ], [ -67.062380063016704, -23.250914835808754 ], [ -67.062380063016704, -23.250645341223514 ], [ -67.062110568431464, -23.250645341223521 ], [ -67.062110568431464, -23.250375846638285 ], [ -67.062649557601944, -23.250375846638281 ], [ -67.062649557601944, -23.249836857467805 ], [ -67.062380063016704, -23.249836857467802 ], [ -67.062380063016704, -23.249567362882566 ], [ -67.062649557601944, -23.249567362882573 ], [ -67.062649557601944, -23.249297868297344 ], [ -67.063458041357649, -23.24929786829734 ], [ -67.063458041357649, -23.249028373712097 ], [ -67.063727535942888, -23.249028373712097 ], [ -67.063727535942888, -23.248758879126868 ], [ -67.063997030528128, -23.248758879126864 ], [ -67.063997030528128, -23.248489384541635 ], [ -67.064805514283833, -23.248489384541632 ], [ -67.064805514283833, -23.248219889956399 ], [ -67.065075008869059, -23.248219889956399 ] ] ] } },
{ "type": "Feature", "properties": { "raster_value": 1, "overlap_with_reference": 0.79999999991813464, "bofedal_id": "ea281eb6-3f54-5068-b509-d864393549ff" }, "geometry": { "type": "Polygon", "coordinates": [ [ [ -67.072351362670432, -23.257652200439651 ], [ -67.072351362670432, -23.257921695024891 ], [ -67.072081868085192, -23.25792169502488 ], [ -67.072081868085192, -23.258191189610123 ], [ -67.071812373499966, -23.258191189610123 ], [ -67.071812373499966, -23.258460684195359 ], [ -67.071273384329487, -23.258460684195352 ], [ -67.071273384329487, -23.258730178780592 ], [ -67.070464900573782, -23.258730178780592 ], [ -67.070464900573782, -23.258999673365828 ], [ -67.069386922232837, -23.258999673365835 ], [ -67.069386922232837, -23.259269167951064 ], [ -67.068308943891893, -23.259269167951068 ], [ -67.068308943891893, -23.258999673365832 ], [ -67.068578438477132, -23.258999673365821 ], [ -67.068578438477132, -23.258730178780592 ], [ -67.068847933062372, -23.258730178780596 ], [ -67.068847933062372, -23.258460684195356 ], [ -67.069386922232837, -23.258460684195352 ], [ -67.069386922232837, -23.258191189610127 ], [ -67.069656416818077, -23.258191189610116 ], [ -67.069656416818077, -23.258460684195352 ], [ -67.070734395159022, -23.258460684195356 ], [ -67.070734395159022, -23.258191189610123 ], [ -67.071273384329487, -23.258191189610127 ], [ -67.071273384329487, -23.257921695024883 ], [ -67.071812373499966, -23.257921695024876 ], [ -67.071812373499966, -23.257652200439651 ], [ -67.072351362670432, -23.257652200439651 ] ] ] } },
{ "type": "Feature", "properties": { "raster_value": 1, "overlap_with_reference": 0.52173913039702791, "bofedal_id": "01471f5f-4127-5df1-832c-d9545a25264c" }, "geometry": { "type": "Polygon", "coordinates": [ [ [ -65.69469504294473, -23.262503102973895 ], [ -65.69469504294473, -23.262772597559135 ], [ -65.69496453752997, -23.262772597559131 ], [ -65.69496453752997, -23.26304209214436 ], [ -65.69469504294473, -23.263042092144364 ], [ -65.69469504294473, -23.263311586729607 ], [ -65.693886559189025, -23.2633115867296 ], [ -65.693886559189025, -23.263850575900069 ], [ -65.693617064603785, -23.263850575900072 ], [ -65.693617064603785, -23.263581081314836 ], [ -65.692539086262855, -23.263581081314836 ], [ -65.692539086262855, -23.263311586729596 ], [ -65.69280858084808, -23.263311586729593 ], [ -65.69280858084808, -23.263042092144367 ], [ -65.69334757001856, -23.263042092144357 ], [ -65.69334757001856, -23.262772597559128 ], [ -65.693617064603785, -23.262772597559128 ], [ -65.693617064603785, -23.262503102973895 ], [ -65.69469504294473, -23.262503102973895 ] ] ] } },
{ "type": "Feature", "properties": { "raster_value": 1, "overlap_with_reference": 0.56666666664660448, "bofedal_id": "8ea89736-f6a5-5037-9fd4-4e9bbead1a26" }, "geometry": { "type": "Polygon", "coordinates": [ [ [ -66.51773150625506, -23.284062669792768 ], [ -66.51773150625506, -23.284332164377997 ], [ -66.518270495425512, -23.284332164378007 ], [ -66.518270495425512, -23.284601658963229 ], [ -66.518809484596005, -23.284601658963236 ], [ -66.518809484596005, -23.284332164378004 ], [ -66.519078979181216, -23.284332164378004 ], [ -66.519078979181216, -23.28460165896324 ], [ -66.519348473766456, -23.284601658963222 ], [ -66.519348473766456, -23.284871153548458 ], [ -66.519078979181216, -23.284871153548472 ], [ -66.519078979181216, -23.285140648133709 ], [ -66.519348473766456, -23.285140648133705 ], [ -66.519348473766456, -23.28567963730417 ], [ -66.519617968351696, -23.285679637304185 ], [ -66.519617968351696, -23.28594913188941 ], [ -66.519887462936921, -23.285949131889403 ], [ -66.519887462936921, -23.286218626474646 ], [ -66.520426452107401, -23.28621862647465 ], [ -66.520426452107401, -23.287027110230351 ], [ -66.520695946692641, -23.287027110230362 ], [ -66.520695946692641, -23.287296604815587 ], [ -66.521234935863106, -23.287296604815594 ], [ -66.521234935863106, -23.287566099400827 ], [ -66.520965441277866, -23.287566099400834 ], [ -66.520965441277866, -23.287835593986063 ], [ -66.521234935863106, -23.287835593986067 ], [ -66.521234935863106, -23.288105088571299 ], [ -66.520965441277866, -23.288105088571299 ], [ -66.520965441277866, -23.288374583156529 ], [ -66.520695946692641, -23.288374583156536 ], [ -66.520695946692641, -23.288644077741772 ], [ -66.520156957522161, -23.288644077741775 ], [ -66.520156957522161, -23.288374583156543 ], [ -66.519617968351696, -23.288374583156532 ], [ -66.519617968351696, -23.288105088571307 ], [ -66.519348473766456, -23.288105088571296 ], [ -66.519348473766456, -23.28783559398606 ], [ -66.519078979181216, -23.287835593986074 ], [ -66.519078979181216, -23.287566099400827 ], [ -66.518809484596005, -23.287566099400831 ], [ -66.518809484596005, -23.286218626474646 ], [ -66.518539990010751, -23.28621862647465 ], [ -66.518539990010751, -23.285410142718948 ], [ -66.518001000840272, -23.285410142718941 ], [ -66.518001000840272, -23.285140648133698 ], [ -66.51773150625506, -23.285140648133705 ], [ -66.51773150625506, -23.284601658963233 ], [ -66.517462011669807, -23.284601658963236 ], [ -66.517462011669807, -23.284332164377997 ], [ -66.516923022499327, -23.284332164378004 ], [ -66.516923022499327, -23.284062669792753 ], [ -66.51773150625506, -23.284062669792768 ] ] ] } },
{ "type": "Feature", "properties": { "raster_value": 1, "overlap_with_reference": 0.51538461538448443, "bofedal_id": "02d279df-4d77-540d-828d-64fe950a59da" }, "geometry": { "type": "Polygon", "coordinates": [ [ [ -66.92089540576788, -23.33499714640234 ], [ -66.92089540576788, -23.33526664098758 ], [ -66.921164900353119, -23.33526664098757 ], [ -66.921164900353119, -23.335805630158049 ], [ -66.921434394938359, -23.335805630158045 ], [ -66.921434394938359, -23.336614113913754 ], [ -66.921164900353119, -23.336614113913761 ], [ -66.921164900353119, -23.336883608498987 ], [ -66.92089540576788, -23.336883608498983 ], [ -66.92089540576788, -23.337422597669459 ], [ -66.921164900353119, -23.337422597669466 ], [ -66.921164900353119, -23.337961586839935 ], [ -66.921703889523585, -23.337961586839938 ], [ -66.921703889523585, -23.338500576010407 ], [ -66.922512373279304, -23.338500576010404 ], [ -66.922512373279304, -23.33823108142516 ], [ -66.923051362449769, -23.33823108142516 ], [ -66.923051362449769, -23.337961586839935 ], [ -66.924129340790714, -23.337961586839931 ], [ -66.924129340790714, -23.338231081425167 ], [ -66.925207319131658, -23.338231081425171 ], [ -66.925207319131658, -23.338500576010411 ], [ -66.925476813716898, -23.338500576010407 ], [ -66.925476813716898, -23.338231081425167 ], [ -66.925746308302124, -23.338231081425171 ], [ -66.925746308302124, -23.338500576010411 ], [ -66.926015802887363, -23.338500576010404 ], [ -66.926015802887363, -23.338770070595643 ], [ -66.926285297472603, -23.33877007059564 ], [ -66.926285297472603, -23.338500576010407 ], [ -66.928441254154492, -23.338500576010404 ], [ -66.928441254154492, -23.338231081425175 ], [ -66.931675189177312, -23.338231081425164 ], [ -66.931675189177312, -23.33877007059564 ], [ -66.931136200006847, -23.33877007059564 ], [ -66.931136200006847, -23.339039565180883 ], [ -66.929519232495423, -23.33903956518088 ], [ -66.929519232495423, -23.339309059766116 ], [ -66.927363275813548, -23.339309059766105 ], [ -66.927363275813548, -23.339578554351348 ], [ -66.926015802887363, -23.339578554351359 ], [ -66.926015802887363, -23.33984804893657 ], [ -66.925746308302124, -23.339848048936577 ], [ -66.925746308302124, -23.340117543521817 ], [ -66.924668329961179, -23.340117543521814 ], [ -66.924668329961179, -23.339848048936577 ], [ -66.924398835375953, -23.339848048936577 ], [ -66.924398835375953, -23.340117543521824 ], [ -66.923051362449769, -23.340117543521817 ], [ -66.923051362449769, -23.34038703810705 ], [ -66.922242878694064, -23.340387038107057 ], [ -66.922242878694064, -23.340656532692289 ], [ -66.921434394938359, -23.340656532692297 ], [ -66.921434394938359, -23.34038703810706 ], [ -66.921164900353119, -23.34038703810705 ], [ -66.921164900353119, -23.339848048936577 ], [ -66.92089540576788, -23.339848048936581 ], [ -66.92089540576788, -23.339578554351359 ], [ -66.920086922012175, -23.339578554351352 ], [ -66.920086922012175, -23.339309059766112 ], [ -66.919547932841709, -23.339309059766123 ], [ -66.919547932841709, -23.339578554351352 ], [ -66.918200459915525, -23.339578554351355 ], [ -66.918200459915525, -23.339309059766109 ], [ -66.917930965330285, -23.339309059766112 ], [ -66.917930965330285, -23.338770070595643 ], [ -66.917661470745045, -23.338770070595636 ], [ -66.917661470745045, -23.338231081425171 ], [ -66.91712248157458, -23.338231081425171 ], [ -66.91712248157458, -23.337692092254702 ], [ -66.917930965330285, -23.337692092254695 ], [ -66.917930965330285, -23.337153103084233 ], [ -66.918200459915525, -23.337153103084226 ], [ -66.918200459915525, -23.336883608498983 ], [ -66.918469954500765, -23.33688360849899 ], [ -66.918469954500765, -23.336344619328518 ], [ -66.91873944908599, -23.336344619328518 ], [ -66.91873944908599, -23.335805630158042 ], [ -66.91900894367123, -23.335805630158038 ], [ -66.91900894367123, -23.335266640987573 ], [ -66.91927843825647, -23.33526664098758 ], [ -66.91927843825647, -23.334997146402337 ], [ -66.92089540576788, -23.33499714640234 ] ] ] } },
{ "type": "Feature", "properties": { "raster_value": 1, "overlap_with_reference": 0.6818181817960105, "bofedal_id": "5432f653-1ca7-5822-a308-4d9f87661bfd" }, "geometry": { "type": "Polygon", "coordinates": [ [ [ -66.483505693930084, -23.354131261954084 ], [ -66.483505693930084, -23.354670251124556 ], [ -66.483236199344844, -23.354670251124563 ], [ -66.483236199344844, -23.354939745709792 ], [ -66.482697210174379, -23.354939745709789 ], [ -66.482697210174379, -23.355209240295018 ], [ -66.481349737248195, -23.355209240295036 ], [ -66.481349737248195, -23.3549397457098 ], [ -66.481619231833434, -23.354939745709796 ], [ -66.481619231833434, -23.354400756539327 ], [ -66.482427715589139, -23.35440075653932 ], [ -66.482427715589139, -23.354131261954088 ], [ -66.483505693930084, -23.354131261954084 ] ] ] } },
{ "type": "Feature", "properties": { "raster_value": 1, "overlap_with_reference": 0.56410256407837611, "bofedal_id": "33b93ace-d0f2-55eb-a87a-c67c226989dc" }, "geometry": { "type": "Polygon", "coordinates": [ [ [ -67.110080604603453, -23.373804366676296 ], [ -67.110080604603453, -23.374073861261532 ], [ -67.110350099188693, -23.374073861261543 ], [ -67.110350099188693, -23.374882345017244 ], [ -67.110619593773919, -23.374882345017244 ], [ -67.110619593773919, -23.375960323358186 ], [ -67.110350099188693, -23.375960323358189 ], [ -67.110350099188693, -23.375690828772953 ], [ -67.110080604603453, -23.37569082877296 ], [ -67.110080604603453, -23.375421334187724 ], [ -67.105499196654449, -23.375421334187713 ], [ -67.105499196654449, -23.375690828772957 ], [ -67.10469071289873, -23.375690828772953 ], [ -67.10469071289873, -23.375960323358196 ], [ -67.103882229143025, -23.375960323358189 ], [ -67.103882229143025, -23.375690828772949 ], [ -67.104421218313504, -23.375690828772953 ], [ -67.104421218313504, -23.375421334187713 ], [ -67.105229702069224, -23.375421334187717 ], [ -67.105229702069224, -23.375151839602477 ], [ -67.106038185824914, -23.375151839602481 ], [ -67.106038185824914, -23.374882345017248 ], [ -67.106577174995394, -23.374882345017244 ], [ -67.106577174995394, -23.374612850432008 ], [ -67.107655153336324, -23.374612850432005 ], [ -67.107655153336324, -23.374343355846779 ], [ -67.108733131677269, -23.374343355846772 ], [ -67.108733131677269, -23.37407386126154 ], [ -67.109811110018214, -23.374073861261543 ], [ -67.109811110018214, -23.373804366676303 ], [ -67.110080604603453, -23.373804366676296 ] ] ] } },
{ "type": "Feature", "properties": { "raster_value": 1, "overlap_with_reference": 0.63448275860778214, "bofedal_id": "bd8440e0-03ff-5250-ae9a-f4ef5e9e22fd" }, "geometry": { "type": "Polygon", "coordinates": [ [ [ -67.106038185824914, -23.383506171744788 ], [ -67.106038185824914, -23.383775666330028 ], [ -67.107385658751113, -23.383775666330035 ], [ -67.107385658751113, -23.384045160915264 ], [ -67.109272120847749, -23.384045160915271 ], [ -67.109272120847749, -23.383775666330035 ], [ -67.110350099188693, -23.383775666330028 ], [ -67.110350099188693, -23.38404516091526 ], [ -67.110889088359158, -23.384045160915274 ], [ -67.110889088359158, -23.384314655500503 ], [ -67.111158582944398, -23.384314655500507 ], [ -67.111158582944398, -23.384584150085733 ], [ -67.111697572114863, -23.384584150085736 ], [ -67.111697572114863, -23.384853644670972 ], [ -67.111967066700103, -23.384853644670972 ], [ -67.111967066700103, -23.385123139256212 ], [ -67.112506055870583, -23.385123139256205 ], [ -67.112506055870583, -23.385662128426684 ], [ -67.112775550455808, -23.38566212842667 ], [ -67.112775550455808, -23.385931623011913 ], [ -67.112236561285343, -23.38593162301191 ], [ -67.112236561285343, -23.385662128426681 ], [ -67.111158582944398, -23.385662128426688 ], [ -67.111158582944398, -23.385392633841448 ], [ -67.108463637092058, -23.385392633841452 ], [ -67.108463637092058, -23.385662128426677 ], [ -67.107655153336324, -23.385662128426681 ], [ -67.107655153336324, -23.385392633841445 ], [ -67.107385658751113, -23.385392633841448 ], [ -67.107385658751113, -23.385662128426677 ], [ -67.107116164165859, -23.385662128426677 ], [ -67.107116164165859, -23.385392633841448 ], [ -67.106307680410168, -23.385392633841441 ], [ -67.106307680410168, -23.385662128426677 ], [ -67.106038185824914, -23.385662128426677 ], [ -67.106038185824914, -23.385392633841448 ], [ -67.105499196654449, -23.385392633841441 ], [ -67.105499196654449, -23.385123139256205 ], [ -67.105229702069224, -23.385123139256205 ], [ -67.105229702069224, -23.384853644670969 ], [ -67.10496020748397, -23.384853644670969 ], [ -67.10496020748397, -23.384314655500503 ], [ -67.105229702069224, -23.384314655500507 ], [ -67.105229702069224, -23.384045160915267 ], [ -67.105499196654449, -23.384045160915264 ], [ -67.105499196654449, -23.383506171744788 ], [ -67.106038185824914, -23.383506171744788 ] ] ] } },
{ "type": "Feature", "properties": { "raster_value": 1, "overlap_with_reference": 0.58064516128772159, "bofedal_id": "930be138-8180-5d16-9e87-35115c73005f" }, "geometry": { "type": "MultiPolygon", "coordinates": [ [ [ [ -67.092024467392648, -23.394285955154228 ], [ -67.091754972807422, -23.394285955154228 ], [ -67.091754972807422, -23.394824944324704 ], [ -67.091215983636943, -23.3948249443247 ], [ -67.091215983636943, -23.395094438909936 ], [ -67.090946489051703, -23.39509443890994 ], [ -67.090946489051703, -23.395363933495176 ], [ -67.090676994466477, -23.395363933495172 ], [ -67.090676994466477, -23.395633428080409 ], [ -67.090407499881238, -23.395633428080409 ], [ -67.090407499881238, -23.395902922665648 ], [ -67.090138005295998, -23.395902922665645 ], [ -67.090138005295998, -23.396711406421357 ], [ -67.089868510710758, -23.396711406421353 ], [ -67.089868510710758, -23.397250395591815 ], [ -67.090407499881238, -23.397250395591822 ], [ -67.090407499881238, -23.398058879347523 ], [ -67.090676994466477, -23.39805887934752 ], [ -67.090676994466477, -23.399945341444177 ], [ -67.090946489051703, -23.399945341444177 ], [ -67.090946489051703, -23.400484330614653 ], [ -67.091215983636943, -23.400484330614646 ], [ -67.091215983636943, -23.400753825199889 ], [ -67.091485478222182, -23.400753825199889 ], [ -67.091485478222182, -23.401023319785125 ], [ -67.090946489051703, -23.401023319785129 ], [ -67.090946489051703, -23.401292814370361 ], [ -67.091215983636943, -23.401292814370358 ], [ -67.091215983636943, -23.401831803540826 ], [ -67.091485478222182, -23.40183180354083 ], [ -67.091485478222182, -23.402909781881768 ], [ -67.091754972807422, -23.402909781881778 ], [ -67.091754972807422, -23.403179276467004 ], [ -67.092024467392648, -23.403179276467014 ], [ -67.092024467392648, -23.403448771052251 ], [ -67.092293961977887, -23.403448771052243 ], [ -67.092293961977887, -23.403987760222712 ], [ -67.092563456563127, -23.403987760222719 ], [ -67.092563456563127, -23.404257254807952 ], [ -67.092293961977887, -23.404257254807959 ], [ -67.092293961977887, -23.404796243978424 ], [ -67.092563456563127, -23.404796243978421 ], [ -67.092563456563127, -23.4053352331489 ], [ -67.092832951148353, -23.405335233148897 ], [ -67.092832951148353, -23.405604727734133 ], [ -67.093102445733592, -23.405604727734133 ], [ -67.093102445733592, -23.405874222319365 ], [ -67.093641434904072, -23.405874222319373 ], [ -67.093641434904072, -23.406682706075074 ], [ -67.093371940318832, -23.406682706075074 ], [ -67.093371940318832, -23.407221695245546 ], [ -67.093910929489297, -23.407221695245543 ], [ -67.093910929489297, -23.408030179001255 ], [ -67.094180424074537, -23.408030179001258 ], [ -67.094180424074537, -23.408299673586495 ], [ -67.094719413245016, -23.408299673586491 ], [ -67.094719413245016, -23.408569168171727 ], [ -67.094988907830242, -23.408569168171731 ], [ -67.094988907830242, -23.409377651927432 ], [ -67.095258402415482, -23.409377651927432 ], [ -67.095258402415482, -23.409916641097904 ], [ -67.096066886171187, -23.409916641097904 ], [ -67.096066886171187, -23.410186135683141 ], [ -67.096336380756426, -23.410186135683144 ], [ -67.096336380756426, -23.41099461943886 ], [ -67.096605875341666, -23.410994619438853 ], [ -67.096605875341666, -23.411264114024085 ], [ -67.096875369926892, -23.411264114024085 ], [ -67.096875369926892, -23.411533608609318 ], [ -67.097144864512131, -23.411533608609325 ], [ -67.097144864512131, -23.411803103194558 ], [ -67.097414359097371, -23.411803103194561 ], [ -67.097414359097371, -23.41234209236503 ], [ -67.097953348267836, -23.412342092365034 ], [ -67.097953348267836, -23.41261158695027 ], [ -67.098222842853076, -23.412611586950266 ], [ -67.098222842853076, -23.412881081535502 ], [ -67.098492337438316, -23.412881081535499 ], [ -67.098492337438316, -23.413150576120739 ], [ -67.098761832023555, -23.413150576120739 ], [ -67.098761832023555, -23.413420070705978 ], [ -67.099031326608781, -23.413420070705971 ], [ -67.099031326608781, -23.414498049046912 ], [ -67.099300821194021, -23.414498049046916 ], [ -67.099300821194021, -23.414767543632149 ], [ -67.09957031577926, -23.414767543632159 ], [ -67.09957031577926, -23.415306532802621 ], [ -67.100109304949726, -23.415306532802624 ], [ -67.100109304949726, -23.415576027387857 ], [ -67.100648294120205, -23.415576027387857 ], [ -67.100648294120205, -23.4158455219731 ], [ -67.10118728329067, -23.415845521973093 ], [ -67.10118728329067, -23.416115016558333 ], [ -67.10280425080208, -23.416115016558336 ], [ -67.10280425080208, -23.416384511143569 ], [ -67.103073745387334, -23.416384511143566 ], [ -67.103073745387334, -23.416654005728802 ], [ -67.1036127345578, -23.416654005728805 ], [ -67.1036127345578, -23.416384511143573 ], [ -67.104421218313504, -23.416384511143566 ], [ -67.104421218313504, -23.416654005728798 ], [ -67.105229702069224, -23.416654005728802 ], [ -67.105229702069224, -23.416923500314041 ], [ -67.105768691239675, -23.416923500314049 ], [ -67.105768691239675, -23.417192994899285 ], [ -67.106307680410168, -23.417192994899278 ], [ -67.106307680410168, -23.41746248948451 ], [ -67.106577174995394, -23.41746248948451 ], [ -67.106577174995394, -23.417731984069746 ], [ -67.107924647921564, -23.417731984069746 ], [ -67.107924647921564, -23.417462489484514 ], [ -67.108733131677269, -23.417462489484514 ], [ -67.108733131677269, -23.417192994899274 ], [ -67.109272120847749, -23.417192994899278 ], [ -67.109272120847749, -23.416923500314038 ], [ -67.109541615433002, -23.416923500314038 ], [ -67.109541615433002, -23.416654005728802 ], [ -67.109811110018214, -23.416654005728802 ], [ -67.109811110018214, -23.416384511143566 ], [ -67.110080604603453, -23.416384511143566 ], [ -67.110080604603453, -23.416115016558336 ], [ -67.110350099188693, -23.416115016558329 ], [ -67.110350099188693, -23.4158455219731 ], [ -67.110619593773919, -23.415845521973097 ], [ -67.110619593773919, -23.415037038217399 ], [ -67.110889088359158, -23.415037038217385 ], [ -67.110889088359158, -23.414767543632152 ], [ -67.111428077529638, -23.414767543632152 ], [ -67.111428077529638, -23.414498049046912 ], [ -67.110350099188693, -23.414498049046923 ], [ -67.110350099188693, -23.414767543632149 ], [ -67.108463637092058, -23.414767543632149 ], [ -67.108463637092058, -23.414228554461683 ], [ -67.108194142506804, -23.41422855446168 ], [ -67.108194142506804, -23.413959059876447 ], [ -67.108463637092058, -23.41395905987644 ], [ -67.108463637092058, -23.413420070705975 ], [ -67.108733131677269, -23.413420070705968 ], [ -67.108733131677269, -23.413150576120739 ], [ -67.109002626262509, -23.413150576120731 ], [ -67.109002626262509, -23.412881081535502 ], [ -67.109272120847749, -23.412881081535502 ], [ -67.109272120847749, -23.412611586950263 ], [ -67.109811110018214, -23.412611586950259 ], [ -67.109811110018214, -23.412342092365027 ], [ -67.110350099188693, -23.412342092365023 ], [ -67.110350099188693, -23.412072597779797 ], [ -67.111158582944398, -23.41207259777979 ], [ -67.111158582944398, -23.411803103194558 ], [ -67.111428077529638, -23.411803103194561 ], [ -67.111428077529638, -23.411533608609322 ], [ -67.110619593773919, -23.411533608609322 ], [ -67.110619593773919, -23.411803103194551 ], [ -67.109811110018214, -23.411803103194565 ], [ -67.109811110018214, -23.41207259777979 ], [ -67.109272120847749, -23.412072597779794 ], [ -67.109272120847749, -23.41234209236503 ], [ -67.108463637092058, -23.412342092365023 ], [ -67.108463637092058, -23.41261158695027 ], [ -67.105499196654449, -23.412611586950266 ], [ -67.105499196654449, -23.412881081535499 ], [ -67.105229702069224, -23.412881081535506 ], [ -67.105229702069224, -23.412611586950259 ], [ -67.10496020748397, -23.412611586950266 ], [ -67.10496020748397, -23.41288108153551 ], [ -67.10469071289873, -23.412881081535506 ], [ -67.10469071289873, -23.412611586950266 ], [ -67.103882229143025, -23.412611586950263 ], [ -67.103882229143025, -23.412881081535495 ], [ -67.10280425080208, -23.41288108153551 ], [ -67.10280425080208, -23.412611586950266 ], [ -67.103073745387334, -23.412611586950263 ], [ -67.103073745387334, -23.412072597779797 ], [ -67.103882229143025, -23.41207259777979 ], [ -67.103882229143025, -23.411803103194554 ], [ -67.104421218313504, -23.411803103194558 ], [ -67.104421218313504, -23.411533608609322 ], [ -67.10469071289873, -23.411533608609325 ], [ -67.10469071289873, -23.410725124853617 ], [ -67.103882229143025, -23.410725124853624 ], [ -67.103882229143025, -23.41045563026837 ], [ -67.101726272461136, -23.41045563026837 ], [ -67.101726272461136, -23.410186135683144 ], [ -67.10118728329067, -23.410186135683148 ], [ -67.10118728329067, -23.409916641097915 ], [ -67.100648294120205, -23.409916641097912 ], [ -67.100648294120205, -23.409647146512665 ], [ -67.100378799534965, -23.409647146512672 ], [ -67.100378799534965, -23.409377651927429 ], [ -67.100109304949726, -23.409377651927429 ], [ -67.100109304949726, -23.408838662756967 ], [ -67.09957031577926, -23.408838662756963 ], [ -67.09957031577926, -23.408299673586484 ], [ -67.099300821194021, -23.408299673586491 ], [ -67.099300821194021, -23.40749118983079 ], [ -67.099031326608781, -23.407491189830775 ], [ -67.099031326608781, -23.407221695245546 ], [ -67.098761832023555, -23.40722169524555 ], [ -67.098761832023555, -23.406952200660314 ], [ -67.098492337438316, -23.406952200660307 ], [ -67.098492337438316, -23.406682706075074 ], [ -67.098222842853076, -23.406682706075074 ], [ -67.098222842853076, -23.406413211489838 ], [ -67.097953348267836, -23.406413211489838 ], [ -67.097953348267836, -23.406143716904598 ], [ -67.097683853682611, -23.406143716904609 ], [ -67.097683853682611, -23.405874222319373 ], [ -67.097414359097371, -23.405874222319373 ], [ -67.097414359097371, -23.405604727734129 ], [ -67.097144864512131, -23.40560472773414 ], [ -67.097144864512131, -23.405335233148897 ], [ -67.096875369926892, -23.405335233148893 ], [ -67.096875369926892, -23.404796243978424 ], [ -67.096336380756426, -23.404796243978421 ], [ -67.096336380756426, -23.404526749393195 ], [ -67.096066886171187, -23.404526749393188 ], [ -67.096066886171187, -23.404257254807952 ], [ -67.095797391585947, -23.404257254807959 ], [ -67.095797391585947, -23.403987760222716 ], [ -67.095527897000721, -23.403987760222712 ], [ -67.095527897000721, -23.403448771052243 ], [ -67.095258402415482, -23.403448771052247 ], [ -67.095258402415482, -23.402909781881775 ], [ -67.094988907830242, -23.402909781881778 ], [ -67.094988907830242, -23.402640287296542 ], [ -67.094719413245016, -23.402640287296542 ], [ -67.094719413245016, -23.402370792711309 ], [ -67.094449918659777, -23.402370792711309 ], [ -67.094449918659777, -23.40210129812607 ], [ -67.093910929489297, -23.402101298126073 ], [ -67.093910929489297, -23.401562308955587 ], [ -67.093641434904072, -23.401562308955597 ], [ -67.093641434904072, -23.401023319785125 ], [ -67.093371940318832, -23.401023319785125 ], [ -67.093371940318832, -23.400753825199889 ], [ -67.092832951148353, -23.400753825199885 ], [ -67.092832951148353, -23.40048433061466 ], [ -67.092293961977887, -23.400484330614649 ], [ -67.092293961977887, -23.399945341444173 ], [ -67.092024467392648, -23.39994534144418 ], [ -67.092024467392648, -23.399675846858944 ], [ -67.091754972807422, -23.399675846858944 ], [ -67.091754972807422, -23.399136857688475 ], [ -67.091485478222182, -23.399136857688479 ], [ -67.091485478222182, -23.398597868517999 ], [ -67.091754972807422, -23.398597868517999 ], [ -67.091754972807422, -23.398058879347523 ], [ -67.091485478222182, -23.398058879347531 ], [ -67.091485478222182, -23.397519890177051 ], [ -67.091215983636943, -23.397519890177055 ], [ -67.091215983636943, -23.396980901006589 ], [ -67.090946489051703, -23.396980901006589 ], [ -67.090946489051703, -23.395633428080409 ], [ -67.091215983636943, -23.395633428080409 ], [ -67.091215983636943, -23.395363933495172 ], [ -67.091485478222182, -23.395363933495172 ], [ -67.091485478222182, -23.395094438909936 ], [ -67.092024467392648, -23.395094438909943 ], [ -67.092024467392648, -23.3948249443247 ], [ -67.092293961977887, -23.3948249443247 ], [ -67.092293961977887, -23.394016460568992 ], [ -67.092024467392648, -23.394016460568999 ], [ -67.092024467392648, -23.394285955154228 ] ] ], [ [ [ -67.097144864512131, -23.399945341444177 ], [ -67.097414359097371, -23.399945341444187 ], [ -67.097414359097371, -23.400214836029413 ], [ -67.097683853682611, -23.400214836029416 ], [ -67.097683853682611, -23.400484330614656 ], [ -67.097953348267836, -23.40048433061466 ], [ -67.097953348267836, -23.400753825199885 ], [ -67.098222842853076, -23.400753825199885 ], [ -67.098222842853076, -23.401023319785125 ], [ -67.098492337438316, -23.401023319785121 ], [ -67.098492337438316, -23.401292814370361 ], [ -67.09957031577926, -23.40129281437035 ], [ -67.09957031577926, -23.400214836029413 ], [ -67.098761832023555, -23.400214836029416 ], [ -67.098761832023555, -23.399945341444177 ], [ -67.098492337438316, -23.399945341444187 ], [ -67.098492337438316, -23.399675846858951 ], [ -67.097953348267836, -23.399675846858948 ], [ -67.097953348267836, -23.399406352273708 ], [ -67.097144864512131, -23.399406352273715 ], [ -67.097144864512131, -23.399945341444177 ] ] ], [ [ [ -67.100648294120205, -23.388357074279043 ], [ -67.100917788705445, -23.388357074279039 ], [ -67.100917788705445, -23.389165558034751 ], [ -67.100378799534965, -23.389165558034751 ], [ -67.100378799534965, -23.389974041790456 ], [ -67.100109304949726, -23.389974041790449 ], [ -67.100109304949726, -23.390243536375689 ], [ -67.0998398103645, -23.390243536375696 ], [ -67.0998398103645, -23.389974041790449 ], [ -67.099300821194021, -23.389974041790456 ], [ -67.099300821194021, -23.389704547205213 ], [ -67.099031326608781, -23.38970454720522 ], [ -67.099031326608781, -23.390243536375692 ], [ -67.098761832023555, -23.390243536375689 ], [ -67.098761832023555, -23.390513030960925 ], [ -67.098492337438316, -23.390513030960921 ], [ -67.098492337438316, -23.390782525546165 ], [ -67.098222842853076, -23.390782525546157 ], [ -67.098222842853076, -23.391052020131404 ], [ -67.097953348267836, -23.391052020131401 ], [ -67.097953348267836, -23.391591009301866 ], [ -67.097414359097371, -23.391591009301877 ], [ -67.097414359097371, -23.391860503887113 ], [ -67.097144864512131, -23.391860503887102 ], [ -67.097144864512131, -23.392668987642814 ], [ -67.096875369926892, -23.392668987642814 ], [ -67.096875369926892, -23.39320797681329 ], [ -67.096605875341666, -23.393207976813287 ], [ -67.096605875341666, -23.393477471398519 ], [ -67.096336380756426, -23.393477471398519 ], [ -67.096336380756426, -23.394016460568992 ], [ -67.096066886171187, -23.394016460568995 ], [ -67.096066886171187, -23.394285955154231 ], [ -67.095797391585947, -23.394285955154228 ], [ -67.095797391585947, -23.394555449739464 ], [ -67.095527897000721, -23.39455544973946 ], [ -67.095527897000721, -23.394824944324697 ], [ -67.095258402415482, -23.394824944324707 ], [ -67.095258402415482, -23.395363933495172 ], [ -67.094719413245016, -23.395363933495172 ], [ -67.094719413245016, -23.396711406421353 ], [ -67.094988907830242, -23.396711406421353 ], [ -67.094988907830242, -23.397250395591822 ], [ -67.095527897000721, -23.397250395591815 ], [ -67.095527897000721, -23.397789384762291 ], [ -67.095797391585947, -23.397789384762287 ], [ -67.095797391585947, -23.398058879347531 ], [ -67.096066886171187, -23.398058879347534 ], [ -67.096066886171187, -23.39832837393277 ], [ -67.096336380756426, -23.398328373932767 ], [ -67.096336380756426, -23.398597868518006 ], [ -67.096605875341666, -23.398597868517999 ], [ -67.096605875341666, -23.398328373932767 ], [ -67.096875369926892, -23.39832837393277 ], [ -67.096875369926892, -23.398597868517996 ], [ -67.098492337438316, -23.398597868518003 ], [ -67.098492337438316, -23.398867363103243 ], [ -67.099300821194021, -23.398867363103243 ], [ -67.099300821194021, -23.399136857688475 ], [ -67.0998398103645, -23.399136857688475 ], [ -67.0998398103645, -23.399406352273715 ], [ -67.100378799534965, -23.399406352273711 ], [ -67.100378799534965, -23.400214836029409 ], [ -67.100648294120205, -23.400214836029413 ], [ -67.100648294120205, -23.400484330614656 ], [ -67.10118728329067, -23.400484330614649 ], [ -67.10118728329067, -23.400753825199896 ], [ -67.10145677787591, -23.400753825199889 ], [ -67.10145677787591, -23.40210129812607 ], [ -67.101726272461136, -23.402101298126073 ], [ -67.101726272461136, -23.402370792711309 ], [ -67.10199576704639, -23.402370792711306 ], [ -67.10199576704639, -23.402640287296546 ], [ -67.102265261631615, -23.402640287296542 ], [ -67.102265261631615, -23.403448771052236 ], [ -67.102534756216855, -23.403448771052243 ], [ -67.102534756216855, -23.40371826563748 ], [ -67.10280425080208, -23.40371826563748 ], [ -67.10280425080208, -23.403987760222712 ], [ -67.103073745387334, -23.403987760222723 ], [ -67.103073745387334, -23.404257254807952 ], [ -67.10334323997256, -23.404257254807959 ], [ -67.10334323997256, -23.404526749393192 ], [ -67.1036127345578, -23.404526749393188 ], [ -67.1036127345578, -23.404796243978421 ], [ -67.103882229143025, -23.404796243978414 ], [ -67.103882229143025, -23.405065738563664 ], [ -67.104151723728279, -23.405065738563668 ], [ -67.104151723728279, -23.404796243978428 ], [ -67.105229702069224, -23.404796243978421 ], [ -67.105229702069224, -23.404526749393185 ], [ -67.105499196654449, -23.404526749393181 ], [ -67.105499196654449, -23.403987760222726 ], [ -67.10496020748397, -23.403987760222719 ], [ -67.10496020748397, -23.403448771052247 ], [ -67.10469071289873, -23.403448771052243 ], [ -67.10469071289873, -23.402640287296542 ], [ -67.10496020748397, -23.402640287296538 ], [ -67.10496020748397, -23.402370792711299 ], [ -67.105499196654449, -23.402370792711302 ], [ -67.105499196654449, -23.402101298126073 ], [ -67.105768691239675, -23.402101298126077 ], [ -67.105768691239675, -23.40183180354083 ], [ -67.106307680410168, -23.401831803540841 ], [ -67.106307680410168, -23.401562308955604 ], [ -67.106846669580619, -23.40156230895559 ], [ -67.106846669580619, -23.401292814370354 ], [ -67.107116164165859, -23.401292814370358 ], [ -67.107116164165859, -23.401023319785121 ], [ -67.107385658751113, -23.401023319785121 ], [ -67.107385658751113, -23.400753825199892 ], [ -67.107655153336324, -23.400753825199889 ], [ -67.107655153336324, -23.400484330614649 ], [ -67.106846669580619, -23.400484330614653 ], [ -67.106846669580619, -23.400214836029413 ], [ -67.10469071289873, -23.400214836029406 ], [ -67.10469071289873, -23.399945341444177 ], [ -67.104421218313504, -23.399945341444173 ], [ -67.104421218313504, -23.400214836029413 ], [ -67.104151723728279, -23.400214836029413 ], [ -67.104151723728279, -23.399945341444187 ], [ -67.1036127345578, -23.39994534144418 ], [ -67.1036127345578, -23.399675846858951 ], [ -67.103073745387334, -23.399675846858951 ], [ -67.103073745387334, -23.399406352273711 ], [ -67.102265261631615, -23.399406352273704 ], [ -67.102265261631615, -23.399136857688472 ], [ -67.100648294120205, -23.399136857688475 ], [ -67.100648294120205, -23.398867363103243 ], [ -67.0998398103645, -23.398867363103232 ], [ -67.0998398103645, -23.398597868518003 ], [ -67.099300821194021, -23.398597868518003 ], [ -67.099300821194021, -23.398328373932763 ], [ -67.097683853682611, -23.398328373932767 ], [ -67.097683853682611, -23.398058879347531 ], [ -67.096875369926892, -23.398058879347534 ], [ -67.096875369926892, -23.397519890177055 ], [ -67.096605875341666, -23.397519890177055 ], [ -67.096605875341666, -23.397250395591826 ], [ -67.096336380756426, -23.397250395591822 ], [ -67.096336380756426, -23.396711406421353 ], [ -67.096066886171187, -23.396711406421353 ], [ -67.096066886171187, -23.395633428080405 ], [ -67.096336380756426, -23.395633428080409 ], [ -67.096336380756426, -23.3948249443247 ], [ -67.096605875341666, -23.394824944324704 ], [ -67.096605875341666, -23.394555449739467 ], [ -67.096875369926892, -23.394555449739464 ], [ -67.096875369926892, -23.394285955154228 ], [ -67.097144864512131, -23.394285955154235 ], [ -67.097144864512131, -23.394016460568992 ], [ -67.097414359097371, -23.394016460568995 ], [ -67.097414359097371, -23.393746965983759 ], [ -67.098492337438316, -23.393746965983759 ], [ -67.098492337438316, -23.394016460568995 ], [ -67.100917788705445, -23.394016460569002 ], [ -67.100917788705445, -23.393746965983762 ], [ -67.100648294120205, -23.393746965983759 ], [ -67.100648294120205, -23.393477471398519 ], [ -67.100378799534965, -23.393477471398519 ], [ -67.100378799534965, -23.392938482228047 ], [ -67.100648294120205, -23.392938482228047 ], [ -67.100648294120205, -23.392668987642818 ], [ -67.100917788705445, -23.392668987642814 ], [ -67.100917788705445, -23.392129998472345 ], [ -67.10145677787591, -23.392129998472342 ], [ -67.10145677787591, -23.39159100930187 ], [ -67.101726272461136, -23.391591009301866 ], [ -67.101726272461136, -23.391052020131401 ], [ -67.10199576704639, -23.391052020131397 ], [ -67.10199576704639, -23.390243536375689 ], [ -67.10145677787591, -23.390243536375696 ], [ -67.10145677787591, -23.389435052619977 ], [ -67.10118728329067, -23.389435052619984 ], [ -67.10118728329067, -23.388087579693799 ], [ -67.100648294120205, -23.388087579693796 ], [ -67.100648294120205, -23.388357074279043 ] ] ], [ [ [ -67.098222842853076, -23.385392633841448 ], [ -67.098492337438316, -23.385392633841445 ], [ -67.098492337438316, -23.385662128426677 ], [ -67.098222842853076, -23.385662128426684 ], [ -67.098222842853076, -23.386201117597157 ], [ -67.097953348267836, -23.386201117597157 ], [ -67.097953348267836, -23.387009601352865 ], [ -67.097683853682611, -23.387009601352862 ], [ -67.097683853682611, -23.387279095938094 ], [ -67.097414359097371, -23.387279095938098 ], [ -67.097414359097371, -23.387548590523334 ], [ -67.096875369926892, -23.38754859052333 ], [ -67.096875369926892, -23.387818085108567 ], [ -67.096605875341666, -23.387818085108577 ], [ -67.096605875341666, -23.388896063449504 ], [ -67.098222842853076, -23.388896063449504 ], [ -67.098222842853076, -23.388087579693799 ], [ -67.098492337438316, -23.388087579693803 ], [ -67.098492337438316, -23.387818085108577 ], [ -67.0998398103645, -23.387818085108574 ], [ -67.0998398103645, -23.38754859052333 ], [ -67.099300821194021, -23.38754859052333 ], [ -67.099300821194021, -23.386470612182382 ], [ -67.098492337438316, -23.386470612182389 ], [ -67.098492337438316, -23.386201117597157 ], [ -67.098761832023555, -23.386201117597157 ], [ -67.098761832023555, -23.385123139256212 ], [ -67.098492337438316, -23.385123139256208 ], [ -67.098492337438316, -23.384853644670976 ], [ -67.098222842853076, -23.384853644670972 ], [ -67.098222842853076, -23.385392633841448 ] ] ] ] } },
{ "type": "Feature", "properties": { "raster_value": 1, "overlap_with_reference": 0.63043478259017682, "bofedal_id": "695e86c7-8cc5-5820-8924-308f5f7c255c" }, "geometry": { "type": "Polygon", "coordinates": [ [ [ -65.267815619931142, -23.391860503887102 ], [ -65.267815619931142, -23.392668987642811 ], [ -65.268624103686847, -23.392668987642818 ], [ -65.268624103686847, -23.394285955154228 ], [ -65.268354609101607, -23.394285955154224 ], [ -65.268354609101607, -23.3948249443247 ], [ -65.268085114516381, -23.3948249443247 ], [ -65.268085114516381, -23.395633428080416 ], [ -65.267815619931142, -23.395633428080416 ], [ -65.267815619931142, -23.395363933495176 ], [ -65.267546125345902, -23.395363933495172 ], [ -65.267546125345902, -23.394285955154228 ], [ -65.267276630760662, -23.394285955154228 ], [ -65.267276630760662, -23.392129998472342 ], [ -65.267546125345902, -23.392129998472342 ], [ -65.267546125345902, -23.391860503887113 ], [ -65.267815619931142, -23.391860503887102 ] ] ] } },
{ "type": "Feature", "properties": { "raster_value": 1, "overlap_with_reference": 0.82456140349865314, "bofedal_id": "b4736ff9-fc84-5ba7-840e-491a2fc587f4" }, "geometry": { "type": "Polygon", "coordinates": [ [ [ -65.595790530163171, -23.402370792711309 ], [ -65.595790530163171, -23.402640287296546 ], [ -65.596060024748411, -23.402640287296542 ], [ -65.596060024748411, -23.402909781881782 ], [ -65.596329519333651, -23.402909781881775 ], [ -65.596329519333651, -23.403179276467004 ], [ -65.597407497674595, -23.403179276467014 ], [ -65.597407497674595, -23.403448771052247 ], [ -65.5982159814303, -23.403448771052243 ], [ -65.5982159814303, -23.403718265637476 ], [ -65.59848547601554, -23.403718265637483 ], [ -65.59848547601554, -23.403987760222712 ], [ -65.599293959771245, -23.403987760222716 ], [ -65.599293959771245, -23.404257254807948 ], [ -65.60171941103836, -23.404257254807955 ], [ -65.60171941103836, -23.404526749393188 ], [ -65.6019889056236, -23.404526749393195 ], [ -65.6019889056236, -23.404796243978424 ], [ -65.602258400208839, -23.404796243978421 ], [ -65.602258400208839, -23.405604727734133 ], [ -65.60171941103836, -23.405604727734143 ], [ -65.60171941103836, -23.406413211489834 ], [ -65.600641432697415, -23.406413211489827 ], [ -65.600641432697415, -23.406143716904609 ], [ -65.60037193811219, -23.406143716904609 ], [ -65.60037193811219, -23.406413211489838 ], [ -65.60010244352695, -23.406413211489834 ], [ -65.60010244352695, -23.406143716904609 ], [ -65.599563454356485, -23.406143716904612 ], [ -65.599563454356485, -23.406413211489831 ], [ -65.599024465186005, -23.406413211489834 ], [ -65.599024465186005, -23.406143716904612 ], [ -65.598754970600766, -23.406143716904598 ], [ -65.598754970600766, -23.405874222319365 ], [ -65.5982159814303, -23.405874222319369 ], [ -65.5982159814303, -23.406143716904602 ], [ -65.597946486845061, -23.406143716904616 ], [ -65.597946486845061, -23.405604727734133 ], [ -65.597407497674595, -23.405604727734136 ], [ -65.597407497674595, -23.405335233148897 ], [ -65.597138003089356, -23.4053352331489 ], [ -65.597138003089356, -23.404796243978428 ], [ -65.596868508504116, -23.404796243978424 ], [ -65.596868508504116, -23.404526749393181 ], [ -65.59659901391889, -23.404526749393195 ], [ -65.59659901391889, -23.404257254807948 ], [ -65.596329519333651, -23.404257254807955 ], [ -65.596329519333651, -23.403987760222719 ], [ -65.596060024748411, -23.403987760222712 ], [ -65.596060024748411, -23.403718265637476 ], [ -65.595790530163171, -23.403718265637483 ], [ -65.595790530163171, -23.403179276467018 ], [ -65.595521035577946, -23.403179276467011 ], [ -65.595521035577946, -23.402909781881782 ], [ -65.595251540992706, -23.402909781881764 ], [ -65.595251540992706, -23.402640287296542 ], [ -65.594982046407466, -23.402640287296542 ], [ -65.594982046407466, -23.402370792711309 ], [ -65.595790530163171, -23.402370792711309 ] ] ] } },
{ "type": "Feature", "properties": { "raster_value": 1, "overlap_with_reference": 0.61538461540715894, "bofedal_id": "f205ebcc-ca08-58bf-a299-ff4e8d3c9ea5" }, "geometry": { "type": "Polygon", "coordinates": [ [ [ -65.568571577054357, -23.463815558145079 ], [ -65.568571577054357, -23.464085052730315 ], [ -65.568841071639596, -23.464085052730312 ], [ -65.568841071639596, -23.46489353648602 ], [ -65.568571577054357, -23.46489353648602 ], [ -65.568571577054357, -23.465163031071256 ], [ -65.568032587883877, -23.465163031071256 ], [ -65.568032587883877, -23.464354547315558 ], [ -65.567763093298652, -23.464354547315548 ], [ -65.567763093298652, -23.464085052730315 ], [ -65.568302082469117, -23.464085052730322 ], [ -65.568302082469117, -23.463815558145082 ], [ -65.568571577054357, -23.463815558145079 ] ] ] } },
{ "type": "Feature", "properties": { "raster_value": 1, "overlap_with_reference": 0.61111111107894733, "bofedal_id": "c59582b1-c999-5029-b090-7d2a137bc268" }, "geometry": { "type": "Polygon", "coordinates": [ [ [ -67.154816705752609, -23.579967724381731 ], [ -67.154816705752609, -23.580237218966971 ], [ -67.155355694923074, -23.580237218966968 ], [ -67.155355694923074, -23.580506713552211 ], [ -67.155625189508314, -23.580506713552211 ], [ -67.155625189508314, -23.581584691893148 ], [ -67.155355694923074, -23.581584691893145 ], [ -67.155355694923074, -23.581315197307912 ], [ -67.154816705752609, -23.581315197307912 ], [ -67.154816705752609, -23.581045702722673 ], [ -67.154547211167369, -23.58104570272268 ], [ -67.154547211167369, -23.580506713552218 ], [ -67.154277716582129, -23.580506713552211 ], [ -67.154277716582129, -23.579967724381731 ], [ -67.154816705752609, -23.579967724381731 ] ] ] } },
{ "type": "Feature", "properties": { "raster_value": 1, "overlap_with_reference": 0.51999999997985669, "bofedal_id": "adc43425-a069-5502-b0d6-14eb88c8890f" }, "geometry": { "type": "Polygon", "coordinates": [ [ [ -67.097953348267836, -23.628746244309433 ], [ -67.097953348267836, -23.629824222650363 ], [ -67.097683853682611, -23.629824222650363 ], [ -67.097683853682611, -23.630093717235596 ], [ -67.097414359097371, -23.63009371723561 ], [ -67.097414359097371, -23.630363211820836 ], [ -67.096875369926892, -23.630363211820836 ], [ -67.096875369926892, -23.62982422265036 ], [ -67.096336380756426, -23.629824222650363 ], [ -67.096336380756426, -23.629285233479891 ], [ -67.096605875341666, -23.629285233479891 ], [ -67.096605875341666, -23.629015738894662 ], [ -67.097144864512131, -23.629015738894658 ], [ -67.097144864512131, -23.628746244309426 ], [ -67.097953348267836, -23.628746244309433 ] ] ] } },
{ "type": "Feature", "properties": { "raster_value": 1, "overlap_with_reference": 0.63157894736705167, "bofedal_id": "136360fa-5bef-5673-a856-6b49d597741c" }, "geometry": { "type": "Polygon", "coordinates": [ [ [ -66.969673925695574, -23.677794258822345 ], [ -66.969673925695574, -23.678063753407582 ], [ -66.970212914866039, -23.678063753407592 ], [ -66.970212914866039, -23.678333247992818 ], [ -66.970751904036518, -23.678333247992818 ], [ -66.970751904036518, -23.67860274257805 ], [ -66.971021398621758, -23.678602742578054 ], [ -66.971021398621758, -23.67914173174853 ], [ -66.969943420280813, -23.67914173174853 ], [ -66.969943420280813, -23.678872237163294 ], [ -66.969673925695574, -23.678872237163283 ], [ -66.969673925695574, -23.67860274257805 ], [ -66.969404431110334, -23.678602742578054 ], [ -66.969404431110334, -23.678063753407585 ], [ -66.969134936525094, -23.678063753407585 ], [ -66.969134936525094, -23.677794258822342 ], [ -66.969673925695574, -23.677794258822345 ] ] ] } },
{ "type": "Feature", "properties": { "raster_value": 1, "overlap_with_reference": 0.56249999999450295, "bofedal_id": "1da2e49b-92bf-5bf1-a71f-a275f7ea452e" }, "geometry": { "type": "Polygon", "coordinates": [ [ [ -66.983148654957361, -23.689921515157959 ], [ -66.983148654957361, -23.690191009743192 ], [ -66.983418149542601, -23.690191009743199 ], [ -66.983418149542601, -23.690460504328435 ], [ -66.984226633298306, -23.690460504328435 ], [ -66.984226633298306, -23.690729998913671 ], [ -66.984496127883546, -23.690729998913675 ], [ -66.984496127883546, -23.690999493498907 ], [ -66.9847656224688, -23.690999493498907 ], [ -66.9847656224688, -23.691807977254623 ], [ -66.984496127883546, -23.691807977254616 ], [ -66.984496127883546, -23.692077471839852 ], [ -66.983687644127855, -23.692077471839848 ], [ -66.983687644127855, -23.691807977254616 ], [ -66.983418149542601, -23.691807977254616 ], [ -66.983418149542601, -23.691268988084143 ], [ -66.983148654957361, -23.691268988084136 ], [ -66.983148654957361, -23.690999493498907 ], [ -66.982879160372136, -23.690999493498904 ], [ -66.982879160372136, -23.690729998913667 ], [ -66.983148654957361, -23.690729998913671 ], [ -66.983148654957361, -23.690460504328435 ], [ -66.982879160372136, -23.690460504328431 ], [ -66.982879160372136, -23.689921515157973 ], [ -66.983148654957361, -23.689921515157959 ] ] ] } },
{ "type": "Feature", "properties": { "raster_value": 1, "overlap_with_reference": 0.56111929306847419, "bofedal_id": "0e8ee079-7bf4-5044-aa7d-12e5b1c4483b" }, "geometry": { "type": "MultiPolygon", "coordinates": [ [ [ [ -67.193893420611801, -23.723069349141969 ], [ -67.193893420611801, -23.723338843727205 ], [ -67.19416291519704, -23.723338843727209 ], [ -67.19416291519704, -23.723608338312445 ], [ -67.19443240978228, -23.723608338312435 ], [ -67.19443240978228, -23.723877832897674 ], [ -67.194971398952745, -23.723877832897674 ], [ -67.194971398952745, -23.724147327482914 ], [ -67.195510388123225, -23.724147327482918 ], [ -67.195510388123225, -23.724416822068154 ], [ -67.19577988270845, -23.72441682206815 ], [ -67.19577988270845, -23.724686316653386 ], [ -67.19604937729369, -23.724686316653386 ], [ -67.19604937729369, -23.725225305823859 ], [ -67.196588366464169, -23.725225305823855 ], [ -67.196588366464169, -23.726033789579567 ], [ -67.196857861049395, -23.726033789579564 ], [ -67.196857861049395, -23.726303284164793 ], [ -67.197127355634635, -23.726303284164803 ], [ -67.197127355634635, -23.726842273335276 ], [ -67.197396850219874, -23.726842273335276 ], [ -67.197396850219874, -23.727650757090984 ], [ -67.1976663448051, -23.727650757090984 ], [ -67.1976663448051, -23.728189746261464 ], [ -67.19793583939034, -23.728189746261453 ], [ -67.19793583939034, -23.728728735431929 ], [ -67.198205333975579, -23.728728735431922 ], [ -67.198205333975579, -23.728998230017169 ], [ -67.198474828560819, -23.728998230017154 ], [ -67.198474828560819, -23.729267724602394 ], [ -67.198744323146045, -23.729267724602398 ], [ -67.198744323146045, -23.729537219187627 ], [ -67.199013817731284, -23.729537219187634 ], [ -67.199013817731284, -23.73007620835811 ], [ -67.199283312316524, -23.73007620835811 ], [ -67.199283312316524, -23.730615197528572 ], [ -67.199552806901764, -23.730615197528575 ], [ -67.199552806901764, -23.730884692113815 ], [ -67.199822301486989, -23.730884692113815 ], [ -67.199822301486989, -23.731423681284284 ], [ -67.200091796072229, -23.731423681284287 ], [ -67.200091796072229, -23.732501659625225 ], [ -67.200361290657469, -23.732501659625228 ], [ -67.200361290657469, -23.73331014338094 ], [ -67.200630785242694, -23.733310143380933 ], [ -67.200630785242694, -23.733849132551413 ], [ -67.200900279827934, -23.733849132551416 ], [ -67.200900279827934, -23.734657616307111 ], [ -67.201169774413174, -23.734657616307121 ], [ -67.201169774413174, -23.735735594648069 ], [ -67.201439268998413, -23.735735594648059 ], [ -67.201439268998413, -23.736274583818528 ], [ -67.201708763583639, -23.736274583818531 ], [ -67.201708763583639, -23.736813572989 ], [ -67.201978258168879, -23.736813572989 ], [ -67.201978258168879, -23.737352562159476 ], [ -67.202517247339358, -23.737352562159472 ], [ -67.202517247339358, -23.739239024256126 ], [ -67.202247752754118, -23.739239024256122 ], [ -67.202247752754118, -23.739508518841362 ], [ -67.202517247339358, -23.739508518841362 ], [ -67.202517247339358, -23.739778013426594 ], [ -67.202247752754118, -23.739778013426601 ], [ -67.202247752754118, -23.74031700259707 ], [ -67.201978258168879, -23.740317002597067 ], [ -67.201978258168879, -23.742472959278956 ], [ -67.202247752754118, -23.742472959278953 ], [ -67.202247752754118, -23.74220346469372 ], [ -67.202517247339358, -23.742203464693723 ], [ -67.202517247339358, -23.741394980938015 ], [ -67.202786741924584, -23.741394980938015 ], [ -67.202786741924584, -23.739778013426594 ], [ -67.203056236509823, -23.739778013426598 ], [ -67.203056236509823, -23.737622056744705 ], [ -67.202786741924584, -23.737622056744712 ], [ -67.202786741924584, -23.736274583818528 ], [ -67.202517247339358, -23.736274583818528 ], [ -67.202517247339358, -23.735735594648059 ], [ -67.202247752754118, -23.735735594648055 ], [ -67.202247752754118, -23.73519660547759 ], [ -67.201978258168879, -23.735196605477586 ], [ -67.201978258168879, -23.734388121721878 ], [ -67.201708763583639, -23.734388121721882 ], [ -67.201708763583639, -23.734118627136652 ], [ -67.201439268998413, -23.734118627136649 ], [ -67.201439268998413, -23.733040648795701 ], [ -67.201169774413174, -23.733040648795701 ], [ -67.201169774413174, -23.732501659625232 ], [ -67.200900279827934, -23.732501659625225 ], [ -67.200900279827934, -23.731962670454756 ], [ -67.200630785242694, -23.731962670454749 ], [ -67.200630785242694, -23.73142368128428 ], [ -67.200361290657469, -23.731423681284284 ], [ -67.200361290657469, -23.730615197528572 ], [ -67.200091796072229, -23.730615197528582 ], [ -67.200091796072229, -23.72980671377287 ], [ -67.199822301486989, -23.729806713772881 ], [ -67.199822301486989, -23.728998230017162 ], [ -67.199552806901764, -23.728998230017158 ], [ -67.199552806901764, -23.728459240846693 ], [ -67.199283312316524, -23.728459240846693 ], [ -67.199283312316524, -23.728189746261457 ], [ -67.199013817731284, -23.72818974626146 ], [ -67.199013817731284, -23.727650757090988 ], [ -67.198744323146045, -23.727650757090981 ], [ -67.198744323146045, -23.727381262505748 ], [ -67.198474828560819, -23.727381262505745 ], [ -67.198474828560819, -23.727111767920508 ], [ -67.198205333975579, -23.727111767920505 ], [ -67.198205333975579, -23.726842273335272 ], [ -67.19793583939034, -23.726842273335279 ], [ -67.19793583939034, -23.726572778750043 ], [ -67.1976663448051, -23.726572778750032 ], [ -67.1976663448051, -23.726303284164807 ], [ -67.197396850219874, -23.7263032841648 ], [ -67.197396850219874, -23.725764294994331 ], [ -67.197127355634635, -23.725764294994327 ], [ -67.197127355634635, -23.725225305823862 ], [ -67.196857861049395, -23.725225305823855 ], [ -67.196857861049395, -23.724686316653383 ], [ -67.196588366464169, -23.724686316653393 ], [ -67.196588366464169, -23.724416822068147 ], [ -67.19631887187893, -23.724416822068161 ], [ -67.19631887187893, -23.724147327482914 ], [ -67.19604937729369, -23.724147327482921 ], [ -67.19604937729369, -23.723877832897674 ], [ -67.19577988270845, -23.723877832897674 ], [ -67.19577988270845, -23.723608338312438 ], [ -67.195240893537985, -23.723608338312449 ], [ -67.195240893537985, -23.723338843727213 ], [ -67.194701904367506, -23.723338843727202 ], [ -67.194701904367506, -23.72306934914198 ], [ -67.193893420611801, -23.723069349141969 ] ] ], [ [ [ -67.188773023492317, -23.713637038658717 ], [ -67.188503528907091, -23.713637038658725 ], [ -67.188503528907091, -23.71417602782919 ], [ -67.188234034321852, -23.71417602782919 ], [ -67.188234034321852, -23.714715016999662 ], [ -67.187964539736612, -23.714715016999662 ], [ -67.187964539736612, -23.715254006170134 ], [ -67.187695045151386, -23.715254006170131 ], [ -67.187695045151386, -23.715523500755367 ], [ -67.187425550566147, -23.715523500755371 ], [ -67.187425550566147, -23.715792995340607 ], [ -67.186886561395667, -23.715792995340607 ], [ -67.186886561395667, -23.716601479096315 ], [ -67.186617066810442, -23.716601479096312 ], [ -67.186617066810442, -23.717948952022493 ], [ -67.186886561395667, -23.717948952022496 ], [ -67.186886561395667, -23.718218446607729 ], [ -67.186617066810442, -23.718218446607732 ], [ -67.186617066810442, -23.718487941192969 ], [ -67.187156055980907, -23.718487941192961 ], [ -67.187156055980907, -23.71929642494867 ], [ -67.187425550566147, -23.719296424948677 ], [ -67.187425550566147, -23.720104908704375 ], [ -67.187964539736612, -23.720104908704386 ], [ -67.187964539736612, -23.720374403289611 ], [ -67.187695045151386, -23.720374403289611 ], [ -67.187695045151386, -23.720643897874851 ], [ -67.188234034321852, -23.720643897874851 ], [ -67.188234034321852, -23.720913392460091 ], [ -67.188503528907091, -23.720913392460087 ], [ -67.188503528907091, -23.721182887045313 ], [ -67.189312012662796, -23.721182887045327 ], [ -67.189312012662796, -23.721452381630552 ], [ -67.190659485588981, -23.721452381630549 ], [ -67.190659485588981, -23.721721876215788 ], [ -67.192276453100391, -23.721721876215796 ], [ -67.192276453100391, -23.721452381630552 ], [ -67.191467969344686, -23.721452381630549 ], [ -67.191467969344686, -23.721182887045316 ], [ -67.190928980174206, -23.721182887045323 ], [ -67.190928980174206, -23.720913392460083 ], [ -67.190389991003741, -23.720913392460087 ], [ -67.190389991003741, -23.720643897874851 ], [ -67.190120496418501, -23.720643897874847 ], [ -67.190120496418501, -23.720374403289611 ], [ -67.189851001833262, -23.720374403289608 ], [ -67.189851001833262, -23.720104908704371 ], [ -67.189581507248036, -23.720104908704378 ], [ -67.189581507248036, -23.719835414119139 ], [ -67.189312012662796, -23.719835414119142 ], [ -67.189312012662796, -23.719296424948663 ], [ -67.189042518077557, -23.71929642494867 ], [ -67.189042518077557, -23.716331984511076 ], [ -67.189312012662796, -23.716331984511079 ], [ -67.189312012662796, -23.716062489925843 ], [ -67.189851001833262, -23.716062489925839 ], [ -67.189851001833262, -23.71417602782919 ], [ -67.189581507248036, -23.71417602782919 ], [ -67.189581507248036, -23.71390653324395 ], [ -67.189312012662796, -23.713906533243954 ], [ -67.189312012662796, -23.713637038658714 ], [ -67.189042518077557, -23.713637038658721 ], [ -67.189042518077557, -23.713367544073485 ], [ -67.188773023492317, -23.713367544073481 ], [ -67.188773023492317, -23.713637038658717 ] ] ], [ [ [ -67.187425550566147, -23.702857255249281 ], [ -67.187156055980907, -23.702857255249281 ], [ -67.187156055980907, -23.70339624441975 ], [ -67.186886561395667, -23.703396244419753 ], [ -67.186886561395667, -23.703935233590226 ], [ -67.186347572225202, -23.703935233590222 ], [ -67.186347572225202, -23.704204728175458 ], [ -67.185808583054722, -23.704204728175462 ], [ -67.185808583054722, -23.704474222760702 ], [ -67.185269593884257, -23.704474222760702 ], [ -67.185269593884257, -23.704743717345931 ], [ -67.185000099299018, -23.704743717345938 ], [ -67.185000099299018, -23.705013211931171 ], [ -67.184730604713792, -23.705013211931181 ], [ -67.184730604713792, -23.705282706516407 ], [ -67.184461110128552, -23.705282706516407 ], [ -67.184461110128552, -23.70555220110165 ], [ -67.184191615543313, -23.705552201101639 ], [ -67.184191615543313, -23.705821695686879 ], [ -67.183922120958073, -23.705821695686875 ], [ -67.183922120958073, -23.706091190272119 ], [ -67.183652626372847, -23.706091190272115 ], [ -67.183652626372847, -23.706360684857344 ], [ -67.183383131787608, -23.706360684857348 ], [ -67.183383131787608, -23.706630179442591 ], [ -67.182844142617128, -23.706630179442584 ], [ -67.182844142617128, -23.706899674027817 ], [ -67.181227175105718, -23.706899674027827 ], [ -67.181227175105718, -23.707169168613063 ], [ -67.180957680520478, -23.707169168613056 ], [ -67.180957680520478, -23.707438663198293 ], [ -67.180418691350013, -23.707438663198293 ], [ -67.180418691350013, -23.707977652368758 ], [ -67.180957680520478, -23.707977652368761 ], [ -67.180957680520478, -23.708247146954008 ], [ -67.182574648031903, -23.708247146954005 ], [ -67.182574648031903, -23.708516641539234 ], [ -67.183113637202368, -23.70851664153923 ], [ -67.183113637202368, -23.708786136124473 ], [ -67.183383131787608, -23.70878613612447 ], [ -67.183383131787608, -23.709055630709717 ], [ -67.183652626372847, -23.709055630709717 ], [ -67.183652626372847, -23.709325125294942 ], [ -67.183922120958073, -23.709325125294939 ], [ -67.183922120958073, -23.709594619880182 ], [ -67.184191615543313, -23.709594619880182 ], [ -67.184191615543313, -23.709864114465418 ], [ -67.184461110128552, -23.709864114465418 ], [ -67.184461110128552, -23.710133609050658 ], [ -67.185000099299018, -23.710133609050661 ], [ -67.185000099299018, -23.710403103635894 ], [ -67.185269593884257, -23.710403103635887 ], [ -67.185269593884257, -23.710672598221123 ], [ -67.186617066810442, -23.71067259822112 ], [ -67.186617066810442, -23.710942092806356 ], [ -67.187425550566147, -23.710942092806363 ], [ -67.187425550566147, -23.711211587391599 ], [ -67.187695045151386, -23.711211587391595 ], [ -67.187695045151386, -23.711481081976828 ], [ -67.187964539736612, -23.711481081976832 ], [ -67.187964539736612, -23.711750576562068 ], [ -67.188234034321852, -23.711750576562064 ], [ -67.188234034321852, -23.712020071147304 ], [ -67.188503528907091, -23.7120200711473 ], [ -67.188503528907091, -23.712828554903009 ], [ -67.188773023492317, -23.712828554903016 ], [ -67.188773023492317, -23.713098049488252 ], [ -67.189042518077557, -23.713098049488252 ], [ -67.189042518077557, -23.71228956573254 ], [ -67.188773023492317, -23.712289565732547 ], [ -67.188773023492317, -23.711481081976835 ], [ -67.188503528907091, -23.711481081976828 ], [ -67.188503528907091, -23.711211587391592 ], [ -67.188234034321852, -23.711211587391592 ], [ -67.188234034321852, -23.710942092806352 ], [ -67.187695045151386, -23.710942092806363 ], [ -67.187695045151386, -23.710672598221116 ], [ -67.187156055980907, -23.710672598221123 ], [ -67.187156055980907, -23.710403103635887 ], [ -67.186617066810442, -23.710403103635883 ], [ -67.186617066810442, -23.710133609050658 ], [ -67.185539088469497, -23.710133609050651 ], [ -67.185539088469497, -23.709864114465415 ], [ -67.185269593884257, -23.709864114465415 ], [ -67.185269593884257, -23.709594619880189 ], [ -67.184730604713792, -23.709594619880189 ], [ -67.184730604713792, -23.709325125294939 ], [ -67.184461110128552, -23.709325125294935 ], [ -67.184461110128552, -23.70905563070971 ], [ -67.184191615543313, -23.709055630709702 ], [ -67.184191615543313, -23.708516641539237 ], [ -67.183922120958073, -23.708516641539237 ], [ -67.183922120958073, -23.708247146953994 ], [ -67.184191615543313, -23.708247146954005 ], [ -67.184191615543313, -23.707977652368758 ], [ -67.184461110128552, -23.707977652368765 ], [ -67.184461110128552, -23.707708157783522 ], [ -67.184730604713792, -23.707708157783522 ], [ -67.184730604713792, -23.707438663198296 ], [ -67.185000099299018, -23.707438663198289 ], [ -67.185000099299018, -23.707169168613053 ], [ -67.185269593884257, -23.70716916861306 ], [ -67.185269593884257, -23.70689967402782 ], [ -67.185539088469497, -23.70689967402782 ], [ -67.185539088469497, -23.706630179442584 ], [ -67.185808583054722, -23.70663017944258 ], [ -67.185808583054722, -23.706360684857351 ], [ -67.186078077639962, -23.706360684857341 ], [ -67.186078077639962, -23.705821695686872 ], [ -67.186347572225202, -23.705821695686883 ], [ -67.186347572225202, -23.705552201101636 ], [ -67.186617066810442, -23.705552201101646 ], [ -67.186617066810442, -23.705282706516407 ], [ -67.186886561395667, -23.705282706516396 ], [ -67.186886561395667, -23.704743717345938 ], [ -67.187156055980907, -23.704743717345931 ], [ -67.187156055980907, -23.704204728175458 ], [ -67.187425550566147, -23.704204728175462 ], [ -67.187425550566147, -23.703665739004993 ], [ -67.187695045151386, -23.703665739004986 ], [ -67.187695045151386, -23.702857255249285 ], [ -67.187964539736612, -23.702857255249285 ], [ -67.187964539736612, -23.702587760664048 ], [ -67.187425550566147, -23.702587760664038 ], [ -67.187425550566147, -23.702857255249281 ] ] ] ] } },
{ "type": "Feature", "properties": { "raster_value": 1, "overlap_with_reference": 0.6355140186837841, "bofedal_id": "933bc2e7-d32b-5b75-9a05-657df40f6306" }, "geometry": { "type": "Polygon", "coordinates": [ [ [ -67.110889088359158, -23.745976388887026 ], [ -67.110889088359158, -23.74705436722796 ], [ -67.111158582944398, -23.747054367227957 ], [ -67.111158582944398, -23.747862850983676 ], [ -67.110889088359158, -23.74786285098368 ], [ -67.110889088359158, -23.748401840154138 ], [ -67.110619593773919, -23.748401840154145 ], [ -67.110619593773919, -23.748671334739374 ], [ -67.110350099188693, -23.748671334739381 ], [ -67.110350099188693, -23.748940829324614 ], [ -67.110080604603453, -23.748940829324614 ], [ -67.110080604603453, -23.749479818495093 ], [ -67.109272120847749, -23.749479818495093 ], [ -67.109272120847749, -23.749749313080326 ], [ -67.108463637092058, -23.749749313080329 ], [ -67.108463637092058, -23.74921032390985 ], [ -67.108194142506804, -23.749210323909846 ], [ -67.108194142506804, -23.748940829324621 ], [ -67.108463637092058, -23.74894082932461 ], [ -67.108463637092058, -23.74867133473937 ], [ -67.108194142506804, -23.748671334739381 ], [ -67.108194142506804, -23.748401840154141 ], [ -67.107924647921564, -23.748401840154134 ], [ -67.107924647921564, -23.747593356398426 ], [ -67.108194142506804, -23.747593356398433 ], [ -67.108194142506804, -23.747323861813197 ], [ -67.108463637092058, -23.7473238618132 ], [ -67.108463637092058, -23.747054367227964 ], [ -67.109002626262509, -23.74705436722796 ], [ -67.109002626262509, -23.746784872642735 ], [ -67.109272120847749, -23.746784872642728 ], [ -67.109272120847749, -23.746515378057492 ], [ -67.109541615433002, -23.746515378057481 ], [ -67.109541615433002, -23.746245883472252 ], [ -67.110350099188693, -23.746245883472259 ], [ -67.110350099188693, -23.745976388887016 ], [ -67.110889088359158, -23.745976388887026 ] ] ] } },
{ "type": "Feature", "properties": { "raster_value": 1, "overlap_with_reference": 0.5510204081593123, "bofedal_id": "903da6a3-1879-5f26-98ce-678a1cde7f91" }, "geometry": { "type": "Polygon", "coordinates": [ [ [ -67.024650821083682, -23.772656352825372 ], [ -67.024650821083682, -23.773464836581073 ], [ -67.024381326498457, -23.77346483658107 ], [ -67.024381326498457, -23.774542814922022 ], [ -67.024111831913217, -23.774542814922015 ], [ -67.024111831913217, -23.775081804092491 ], [ -67.023842337327977, -23.775081804092494 ], [ -67.023842337327977, -23.775620793262963 ], [ -67.023303348157512, -23.77562079326297 ], [ -67.023303348157512, -23.776429277018675 ], [ -67.023033853572272, -23.776429277018671 ], [ -67.023033853572272, -23.776968266189147 ], [ -67.022494864401807, -23.776968266189151 ], [ -67.022494864401807, -23.777237760774376 ], [ -67.022225369816567, -23.777237760774373 ], [ -67.022225369816567, -23.777507255359605 ], [ -67.021955875231328, -23.777507255359616 ], [ -67.021955875231328, -23.77885472828579 ], [ -67.022225369816567, -23.7788547282858 ], [ -67.022225369816567, -23.77912422287103 ], [ -67.022494864401807, -23.77912422287103 ], [ -67.022494864401807, -23.779932706626742 ], [ -67.022225369816567, -23.779932706626738 ], [ -67.022225369816567, -23.781010684967683 ], [ -67.021955875231328, -23.781010684967683 ], [ -67.021955875231328, -23.783436136234801 ], [ -67.021686380646088, -23.783436136234805 ], [ -67.021686380646088, -23.78424461999052 ], [ -67.021416886060862, -23.784244619990506 ], [ -67.021416886060862, -23.786400576672396 ], [ -67.021147391475623, -23.786400576672399 ], [ -67.021147391475623, -23.788556533354289 ], [ -67.021416886060862, -23.788556533354296 ], [ -67.021416886060862, -23.789904006280466 ], [ -67.021686380646088, -23.789904006280459 ], [ -67.021686380646088, -23.790173500865706 ], [ -67.021416886060862, -23.790173500865706 ], [ -67.021416886060862, -23.792059962962355 ], [ -67.021147391475623, -23.792059962962341 ], [ -67.021147391475623, -23.792868446718057 ], [ -67.020877896890383, -23.792868446718057 ], [ -67.020877896890383, -23.793407435888529 ], [ -67.020608402305143, -23.793407435888525 ], [ -67.020608402305143, -23.793676930473769 ], [ -67.020338907719918, -23.793676930473769 ], [ -67.020338907719918, -23.794215919644241 ], [ -67.020069413134678, -23.794215919644248 ], [ -67.020069413134678, -23.79475490881471 ], [ -67.019799918549438, -23.79475490881471 ], [ -67.019799918549438, -23.793946425059005 ], [ -67.020069413134678, -23.793946425059005 ], [ -67.020069413134678, -23.793137941303289 ], [ -67.020338907719918, -23.793137941303296 ], [ -67.020338907719918, -23.792598952132831 ], [ -67.020608402305143, -23.792598952132824 ], [ -67.020608402305143, -23.792059962962355 ], [ -67.020877896890383, -23.792059962962348 ], [ -67.020877896890383, -23.791790468377123 ], [ -67.020608402305143, -23.791790468377123 ], [ -67.020608402305143, -23.791520973791886 ], [ -67.020877896890383, -23.791520973791883 ], [ -67.020877896890383, -23.790712490036171 ], [ -67.020608402305143, -23.790712490036178 ], [ -67.020608402305143, -23.789365017109994 ], [ -67.020338907719918, -23.789365017109997 ], [ -67.020338907719918, -23.788826027939521 ], [ -67.020069413134678, -23.788826027939528 ], [ -67.020069413134678, -23.788556533354289 ], [ -67.019799918549438, -23.788556533354296 ], [ -67.019799918549438, -23.787748049598587 ], [ -67.020069413134678, -23.78774804959858 ], [ -67.020069413134678, -23.786131082087163 ], [ -67.019799918549438, -23.78613108208717 ], [ -67.019799918549438, -23.785322598331454 ], [ -67.019530423964213, -23.785322598331458 ], [ -67.019530423964213, -23.784514114575746 ], [ -67.019799918549438, -23.784514114575746 ], [ -67.019799918549438, -23.783166641649562 ], [ -67.020069413134678, -23.783166641649562 ], [ -67.020069413134678, -23.781280179552915 ], [ -67.020338907719918, -23.781280179552919 ], [ -67.020338907719918, -23.780202201211967 ], [ -67.020608402305143, -23.780202201211971 ], [ -67.020608402305143, -23.779393717456262 ], [ -67.020877896890383, -23.779393717456273 ], [ -67.020877896890383, -23.778585233700557 ], [ -67.021147391475623, -23.778585233700554 ], [ -67.021147391475623, -23.778315739115317 ], [ -67.020877896890383, -23.778315739115325 ], [ -67.020877896890383, -23.778046244530085 ], [ -67.021147391475623, -23.778046244530078 ], [ -67.021147391475623, -23.776968266189144 ], [ -67.021416886060862, -23.77696826618914 ], [ -67.021416886060862, -23.776698771603918 ], [ -67.021686380646088, -23.776698771603904 ], [ -67.021686380646088, -23.776429277018678 ], [ -67.021955875231328, -23.776429277018678 ], [ -67.021955875231328, -23.775890287848195 ], [ -67.022225369816567, -23.775890287848206 ], [ -67.022225369816567, -23.775081804092494 ], [ -67.022494864401807, -23.775081804092491 ], [ -67.022494864401807, -23.774273320336789 ], [ -67.022764358987033, -23.774273320336786 ], [ -67.022764358987033, -23.773734331166306 ], [ -67.023033853572272, -23.773734331166313 ], [ -67.023033853572272, -23.773195341995841 ], [ -67.023572842742738, -23.773195341995841 ], [ -67.023572842742738, -23.772925847410601 ], [ -67.023842337327977, -23.772925847410601 ], [ -67.023842337327977, -23.772656352825372 ], [ -67.024650821083682, -23.772656352825372 ] ] ] } },
{ "type": "Feature", "properties": { "raster_value": 1, "overlap_with_reference": 0.54347826086351503, "bofedal_id": "8ddd43c2-d2e6-5882-9cf2-c016700e8765" }, "geometry": { "type": "MultiPolygon", "coordinates": [ [ [ [ -66.906881687335613, -23.800953284275138 ], [ -66.906881687335613, -23.801222778860364 ], [ -66.906612192750387, -23.801222778860364 ], [ -66.906612192750387, -23.802031262616079 ], [ -66.906881687335613, -23.802031262616079 ], [ -66.906881687335613, -23.802300757201323 ], [ -66.907420676506092, -23.802300757201309 ], [ -66.907420676506092, -23.802570251786545 ], [ -66.907690171091332, -23.802570251786548 ], [ -66.907690171091332, -23.801761768030836 ], [ -66.907420676506092, -23.801761768030847 ], [ -66.907420676506092, -23.801492273445607 ], [ -66.907151181920852, -23.801492273445604 ], [ -66.907151181920852, -23.800953284275135 ], [ -66.906881687335613, -23.800953284275138 ] ] ], [ [ [ -66.898527355193309, -23.794485414229477 ], [ -66.898527355193309, -23.79475490881471 ], [ -66.897718871437604, -23.794754908814706 ], [ -66.897718871437604, -23.795024403399943 ], [ -66.897179882267125, -23.79502440339995 ], [ -66.897179882267125, -23.795293897985179 ], [ -66.897449376852364, -23.795293897985172 ], [ -66.897449376852364, -23.795563392570411 ], [ -66.897718871437604, -23.795563392570415 ], [ -66.897718871437604, -23.795832887155658 ], [ -66.898257860608069, -23.795832887155655 ], [ -66.898257860608069, -23.796102381740894 ], [ -66.898796849778549, -23.796102381740891 ], [ -66.898796849778549, -23.796641370911352 ], [ -66.899066344363774, -23.79664137091136 ], [ -66.899066344363774, -23.796910865496596 ], [ -66.899874828119479, -23.796910865496596 ], [ -66.899874828119479, -23.797180360081835 ], [ -66.900144322704719, -23.797180360081843 ], [ -66.900144322704719, -23.797449854667072 ], [ -66.900413817289959, -23.797449854667072 ], [ -66.900413817289959, -23.797719349252308 ], [ -66.900952806460424, -23.797719349252304 ], [ -66.900952806460424, -23.79798884383754 ], [ -66.902300279386608, -23.797988843837544 ], [ -66.902300279386608, -23.798258338422777 ], [ -66.902839268557074, -23.798258338422773 ], [ -66.902839268557074, -23.797988843837548 ], [ -66.903647752312793, -23.797988843837544 ], [ -66.903647752312793, -23.798527833008006 ], [ -66.903917246898018, -23.798527833008009 ], [ -66.903917246898018, -23.798797327593256 ], [ -66.904186741483258, -23.798797327593249 ], [ -66.904186741483258, -23.799066822178489 ], [ -66.904995225238963, -23.799066822178489 ], [ -66.904995225238963, -23.798527833008013 ], [ -66.904725730653738, -23.798527833008013 ], [ -66.904725730653738, -23.79798884383754 ], [ -66.904456236068498, -23.797988843837551 ], [ -66.904456236068498, -23.797719349252297 ], [ -66.904186741483258, -23.797719349252308 ], [ -66.904186741483258, -23.797449854667075 ], [ -66.903917246898018, -23.797449854667079 ], [ -66.903917246898018, -23.797180360081835 ], [ -66.903647752312793, -23.797180360081835 ], [ -66.903647752312793, -23.796910865496596 ], [ -66.903108763142313, -23.796910865496599 ], [ -66.903108763142313, -23.79664137091136 ], [ -66.901761290216143, -23.796641370911356 ], [ -66.901761290216143, -23.79637187632613 ], [ -66.901491795630903, -23.796371876326127 ], [ -66.901491795630903, -23.796102381740884 ], [ -66.901222301045664, -23.796102381740891 ], [ -66.901222301045664, -23.795832887155647 ], [ -66.900952806460424, -23.795832887155655 ], [ -66.900952806460424, -23.795293897985172 ], [ -66.900683311875198, -23.795293897985172 ], [ -66.900683311875198, -23.795024403399943 ], [ -66.900413817289959, -23.795024403399939 ], [ -66.900413817289959, -23.794754908814713 ], [ -66.899335838949014, -23.794754908814713 ], [ -66.899335838949014, -23.794485414229477 ], [ -66.898527355193309, -23.794485414229477 ] ] ] ] } },
{ "type": "Feature", "properties": { "raster_value": 1, "overlap_with_reference": 0.53999999997103987, "bofedal_id": "a676fcc2-74aa-5d73-984f-a64c2cf8549f" }, "geometry": { "type": "MultiPolygon", "coordinates": [ [ [ [ -66.955929701848547, -23.888808519062028 ], [ -66.956468691019012, -23.888808519062017 ], [ -66.956468691019012, -23.889078013647254 ], [ -66.956738185604252, -23.889078013647261 ], [ -66.956738185604252, -23.889347508232504 ], [ -66.957546669359957, -23.8893475082325 ], [ -66.957546669359957, -23.889617002817733 ], [ -66.957816163945196, -23.889617002817737 ], [ -66.957816163945196, -23.889886497402969 ], [ -66.958624647700901, -23.889886497402962 ], [ -66.958624647700901, -23.890155991988205 ], [ -66.959433131456606, -23.890155991988209 ], [ -66.959433131456606, -23.889886497402973 ], [ -66.959163636871381, -23.889886497402969 ], [ -66.959163636871381, -23.889617002817737 ], [ -66.958894142286141, -23.889617002817737 ], [ -66.958894142286141, -23.8893475082325 ], [ -66.958624647700901, -23.889347508232497 ], [ -66.958624647700901, -23.889078013647257 ], [ -66.958355153115662, -23.889078013647264 ], [ -66.958355153115662, -23.888808519062032 ], [ -66.957546669359957, -23.888808519062028 ], [ -66.957546669359957, -23.888539024476788 ], [ -66.956468691019012, -23.888539024476792 ], [ -66.956468691019012, -23.888269529891559 ], [ -66.956199196433786, -23.888269529891556 ], [ -66.956199196433786, -23.888539024476792 ], [ -66.955929701848547, -23.888539024476788 ], [ -66.955929701848547, -23.888808519062028 ] ] ], [ [ [ -66.955929701848547, -23.888269529891552 ], [ -66.954043239751897, -23.888269529891556 ], [ -66.954043239751897, -23.888539024476785 ], [ -66.953773745166657, -23.888539024476788 ], [ -66.953773745166657, -23.889078013647264 ], [ -66.954312734337122, -23.889078013647257 ], [ -66.954312734337122, -23.888808519062021 ], [ -66.955660207263307, -23.888808519062017 ], [ -66.955660207263307, -23.888539024476792 ], [ -66.955929701848547, -23.888539024476788 ], [ -66.955929701848547, -23.888269529891552 ] ] ] ] } },
{ "type": "Feature", "properties": { "raster_value": 1, "overlap_with_reference": 0.54666666666568953, "bofedal_id": "427e2c9b-8b4d-5167-9254-9b6ce4baa381" }, "geometry": { "type": "MultiPolygon", "coordinates": [ [ [ [ -65.821626992590822, -24.030023681725613 ], [ -65.821626992590822, -24.030832165481321 ], [ -65.821896487176062, -24.030832165481321 ], [ -65.821896487176062, -24.03137115465179 ], [ -65.822165981761302, -24.031371154651787 ], [ -65.822165981761302, -24.033257616748447 ], [ -65.822435476346541, -24.033257616748447 ], [ -65.822435476346541, -24.032988122163211 ], [ -65.822974465517007, -24.032988122163211 ], [ -65.822974465517007, -24.032718627577978 ], [ -65.823782949272712, -24.032718627577967 ], [ -65.823782949272712, -24.032449132992738 ], [ -65.824052443857951, -24.032449132992735 ], [ -65.824052443857951, -24.03137115465179 ], [ -65.823782949272712, -24.03137115465179 ], [ -65.823782949272712, -24.031101660066554 ], [ -65.823513454687486, -24.031101660066561 ], [ -65.823513454687486, -24.030832165481318 ], [ -65.823243960102232, -24.030832165481318 ], [ -65.823243960102232, -24.030562670896082 ], [ -65.822704970931767, -24.030562670896085 ], [ -65.822704970931767, -24.030293176310852 ], [ -65.822165981761302, -24.030293176310845 ], [ -65.822165981761302, -24.030023681725616 ], [ -65.821626992590822, -24.030023681725613 ] ] ], [ [ [ -65.823243960102232, -24.026520252117539 ], [ -65.823243960102232, -24.027598230458487 ], [ -65.822974465517007, -24.027598230458491 ], [ -65.822974465517007, -24.028676208799439 ], [ -65.823243960102232, -24.028676208799432 ], [ -65.823243960102232, -24.028406714214199 ], [ -65.823513454687486, -24.028406714214192 ], [ -65.823513454687486, -24.027598230458498 ], [ -65.823782949272712, -24.027598230458484 ], [ -65.823782949272712, -24.027328735873258 ], [ -65.823513454687486, -24.027328735873258 ], [ -65.823513454687486, -24.026520252117553 ], [ -65.823243960102232, -24.026520252117539 ] ] ] ] } },
{ "type": "Feature", "properties": { "raster_value": 1, "overlap_with_reference": 0.55844155843117327, "bofedal_id": "47ce35a1-0443-538f-b4fb-166b39f31d4e" }, "geometry": { "type": "MultiPolygon", "coordinates": [ [ [ [ -66.418826993473488, -24.063979999465328 ], [ -66.419365982643953, -24.063979999465325 ], [ -66.419365982643953, -24.064249494050561 ], [ -66.419635477229207, -24.064249494050568 ], [ -66.419635477229207, -24.0645189886358 ], [ -66.419904971814418, -24.064518988635808 ], [ -66.419904971814418, -24.064249494050575 ], [ -66.420174466399658, -24.064249494050571 ], [ -66.420174466399658, -24.063710504880085 ], [ -66.419635477229207, -24.063710504880095 ], [ -66.419635477229207, -24.063441010294852 ], [ -66.418826993473488, -24.063441010294863 ], [ -66.418826993473488, -24.063979999465328 ] ] ], [ [ [ -66.418826993473488, -24.06317151570963 ], [ -66.418557498888262, -24.06317151570963 ], [ -66.418557498888262, -24.062902021124383 ], [ -66.418288004303008, -24.062902021124394 ], [ -66.418288004303008, -24.062093537368678 ], [ -66.418557498888262, -24.062093537368678 ], [ -66.418557498888262, -24.061824042783442 ], [ -66.418826993473488, -24.061824042783446 ], [ -66.418826993473488, -24.061554548198213 ], [ -66.419096488058713, -24.061554548198206 ], [ -66.419096488058713, -24.061015559027734 ], [ -66.418826993473488, -24.061015559027734 ], [ -66.418826993473488, -24.059937580686796 ], [ -66.418557498888262, -24.059937580686796 ], [ -66.418557498888262, -24.05966808610156 ], [ -66.418018509717768, -24.05966808610156 ], [ -66.418018509717768, -24.05939859151632 ], [ -66.417210025962063, -24.059398591516324 ], [ -66.417210025962063, -24.05966808610156 ], [ -66.416671036791598, -24.059668086101556 ], [ -66.416671036791598, -24.059937580686796 ], [ -66.416132047621119, -24.059937580686796 ], [ -66.416132047621119, -24.060207075272025 ], [ -66.415862553035893, -24.060207075272036 ], [ -66.415862553035893, -24.06155454819821 ], [ -66.415593058450654, -24.061554548198206 ], [ -66.415593058450654, -24.062093537368686 ], [ -66.416132047621119, -24.062093537368686 ], [ -66.416132047621119, -24.062632526539158 ], [ -66.416401542206373, -24.062632526539158 ], [ -66.416401542206373, -24.062902021124387 ], [ -66.416132047621119, -24.06290202112439 ], [ -66.416132047621119, -24.06317151570963 ], [ -66.415862553035893, -24.06317151570962 ], [ -66.415862553035893, -24.063441010294852 ], [ -66.416132047621119, -24.063441010294859 ], [ -66.416132047621119, -24.063710504880088 ], [ -66.416671036791598, -24.063710504880092 ], [ -66.416671036791598, -24.063441010294863 ], [ -66.417479520547317, -24.063441010294856 ], [ -66.417479520547317, -24.063171515709623 ], [ -66.418288004303008, -24.063171515709623 ], [ -66.418288004303008, -24.063441010294852 ], [ -66.418826993473488, -24.063441010294863 ], [ -66.418826993473488, -24.06317151570963 ] ] ] ] } },
{ "type": "Feature", "properties": { "raster_value": 1, "overlap_with_reference": 0.65384615384189282, "bofedal_id": "9458e3c4-958d-5d5e-941d-ce8b80a834ee" }, "geometry": { "type": "Polygon", "coordinates": [ [ [ -65.638370674630437, -24.134318086211888 ], [ -65.638370674630437, -24.134857075382364 ], [ -65.639179158386142, -24.134857075382364 ], [ -65.639179158386142, -24.135665559138072 ], [ -65.638909663800916, -24.135665559138069 ], [ -65.638909663800916, -24.136204548308537 ], [ -65.637831685459972, -24.136204548308541 ], [ -65.637831685459972, -24.134587580797124 ], [ -65.638101180045211, -24.134587580797124 ], [ -65.638101180045211, -24.134318086211888 ], [ -65.638370674630437, -24.134318086211888 ] ] ] } },
{ "type": "Feature", "properties": { "raster_value": 1, "overlap_with_reference": 0.56666666662820908, "bofedal_id": "d04bd47e-5d88-5367-8e36-23e0937026bd" }, "geometry": { "type": "Polygon", "coordinates": [ [ [ -66.749227354972646, -24.170969349803961 ], [ -66.749227354972646, -24.171508338974441 ], [ -66.749766344143111, -24.171508338974441 ], [ -66.749766344143111, -24.17177783355967 ], [ -66.750035838728351, -24.171777833559677 ], [ -66.750035838728351, -24.172047328144902 ], [ -66.750574827898816, -24.172047328144913 ], [ -66.750574827898816, -24.172316822730149 ], [ -66.751652806239761, -24.172316822730142 ], [ -66.751652806239761, -24.172586317315371 ], [ -66.752461289995466, -24.172586317315375 ], [ -66.752461289995466, -24.172855811900607 ], [ -66.753000279165946, -24.172855811900622 ], [ -66.753000279165946, -24.173125306485854 ], [ -66.751922300825001, -24.173125306485854 ], [ -66.751922300825001, -24.172855811900611 ], [ -66.750574827898816, -24.172855811900614 ], [ -66.750574827898816, -24.172586317315378 ], [ -66.749766344143111, -24.172586317315382 ], [ -66.749766344143111, -24.172316822730142 ], [ -66.749496849557872, -24.172316822730142 ], [ -66.749496849557872, -24.172047328144913 ], [ -66.749227354972646, -24.172047328144902 ], [ -66.749227354972646, -24.171777833559677 ], [ -66.748957860387407, -24.171777833559673 ], [ -66.748957860387407, -24.170969349803968 ], [ -66.749227354972646, -24.170969349803961 ] ] ] } },
{ "type": "Feature", "properties": { "raster_value": 1, "overlap_with_reference": 0.52251308900079463, "bofedal_id": "04756427-873b-554b-a1b8-8ffcf01a3504" }, "geometry": { "type": "MultiPolygon", "coordinates": [ [ [ [ -66.554113275261884, -24.206812129640337 ], [ -66.554382769847123, -24.206812129640333 ], [ -66.554382769847123, -24.208159602566504 ], [ -66.554652264432349, -24.208159602566504 ], [ -66.554652264432349, -24.208429097151747 ], [ -66.554921759017589, -24.20842909715175 ], [ -66.554921759017589, -24.208968086322226 ], [ -66.555191253602828, -24.208968086322219 ], [ -66.555191253602828, -24.209507075492699 ], [ -66.554921759017589, -24.209507075492695 ], [ -66.554921759017589, -24.210046064663171 ], [ -66.554652264432349, -24.210046064663167 ], [ -66.554652264432349, -24.210585053833636 ], [ -66.554921759017589, -24.21058505383364 ], [ -66.554921759017589, -24.211124043004109 ], [ -66.555460748188054, -24.211124043004109 ], [ -66.555460748188054, -24.211663032174574 ], [ -66.555730242773294, -24.211663032174581 ], [ -66.555730242773294, -24.211124043004112 ], [ -66.555999737358533, -24.211124043004101 ], [ -66.555999737358533, -24.210585053833643 ], [ -66.556538726528998, -24.21058505383364 ], [ -66.556538726528998, -24.210315559248397 ], [ -66.557077715699478, -24.210315559248404 ], [ -66.557077715699478, -24.209776570077931 ], [ -66.557347210284718, -24.209776570077928 ], [ -66.557347210284718, -24.208968086322226 ], [ -66.557077715699478, -24.208968086322219 ], [ -66.557077715699478, -24.208698591736983 ], [ -66.556538726528998, -24.20869859173699 ], [ -66.556538726528998, -24.208159602566507 ], [ -66.556269231943773, -24.208159602566507 ], [ -66.556269231943773, -24.207890107981282 ], [ -66.555999737358533, -24.207890107981285 ], [ -66.555999737358533, -24.207620613396042 ], [ -66.555730242773294, -24.207620613396045 ], [ -66.555730242773294, -24.207351118810813 ], [ -66.555191253602828, -24.207351118810809 ], [ -66.555191253602828, -24.20708162422557 ], [ -66.554921759017589, -24.207081624225573 ], [ -66.554921759017589, -24.20681212964034 ], [ -66.554652264432349, -24.206812129640333 ], [ -66.554652264432349, -24.205464656714156 ], [ -66.554382769847123, -24.205464656714156 ], [ -66.554382769847123, -24.205195162128916 ], [ -66.554113275261884, -24.20519516212892 ], [ -66.554113275261884, -24.206812129640337 ] ] ], [ [ [ -66.55060984565381, -24.20330870003227 ], [ -66.550340351068584, -24.20330870003227 ], [ -66.550340351068584, -24.203847689202743 ], [ -66.550879340239049, -24.203847689202743 ], [ -66.550879340239049, -24.204117183787982 ], [ -66.551418329409529, -24.204117183787975 ], [ -66.551418329409529, -24.204386678373211 ], [ -66.552496307750459, -24.204386678373208 ], [ -66.552496307750459, -24.204117183787986 ], [ -66.552226813165234, -24.204117183787975 ], [ -66.552226813165234, -24.203847689202746 ], [ -66.551687823994754, -24.203847689202746 ], [ -66.551687823994754, -24.203578194617513 ], [ -66.551148834824289, -24.203578194617503 ], [ -66.551148834824289, -24.203308700032274 ], [ -66.551418329409529, -24.203308700032267 ], [ -66.551418329409529, -24.20303920544703 ], [ -66.55060984565381, -24.203039205447034 ], [ -66.55060984565381, -24.20330870003227 ] ] ], [ [ [ -66.546297932290045, -24.198457797498023 ], [ -66.546028437704805, -24.198457797498023 ], [ -66.546028437704805, -24.198996786668488 ], [ -66.546297932290045, -24.198996786668488 ], [ -66.546297932290045, -24.199535775838967 ], [ -66.546567426875271, -24.19953577583896 ], [ -66.546567426875271, -24.200344259594672 ], [ -66.546297932290045, -24.200344259594679 ], [ -66.546297932290045, -24.200883248765148 ], [ -66.546028437704805, -24.200883248765152 ], [ -66.546028437704805, -24.201152743350377 ], [ -66.545758943119566, -24.201152743350381 ], [ -66.545758943119566, -24.201422237935621 ], [ -66.54548944853434, -24.201422237935617 ], [ -66.54548944853434, -24.201691732520864 ], [ -66.544950459363861, -24.201691732520857 ], [ -66.544950459363861, -24.201961227106096 ], [ -66.544680964778621, -24.201961227106086 ], [ -66.544680964778621, -24.202230721691322 ], [ -66.544141975608156, -24.202230721691318 ], [ -66.544141975608156, -24.202500216276562 ], [ -66.543063997267211, -24.202500216276558 ], [ -66.543063997267211, -24.202769710861798 ], [ -66.542794502681971, -24.202769710861791 ], [ -66.542794502681971, -24.203039205447034 ], [ -66.541986018926266, -24.20303920544703 ], [ -66.541986018926266, -24.203308700032263 ], [ -66.540638546000082, -24.20330870003227 ], [ -66.540638546000082, -24.203578194617503 ], [ -66.540099556829631, -24.20357819461751 ], [ -66.540099556829631, -24.203847689202743 ], [ -66.540369051414856, -24.203847689202739 ], [ -66.540369051414856, -24.204117183787979 ], [ -66.540908040585322, -24.204117183787975 ], [ -66.540908040585322, -24.204386678373208 ], [ -66.541177535170561, -24.204386678373215 ], [ -66.541177535170561, -24.204117183787982 ], [ -66.541447029755801, -24.204117183787979 ], [ -66.541447029755801, -24.203847689202743 ], [ -66.541716524341027, -24.203847689202739 ], [ -66.541716524341027, -24.203578194617503 ], [ -66.543333491852451, -24.203578194617506 ], [ -66.543333491852451, -24.20330870003227 ], [ -66.544141975608156, -24.203308700032267 ], [ -66.544141975608156, -24.203578194617503 ], [ -66.544680964778621, -24.203578194617506 ], [ -66.544680964778621, -24.204656172958448 ], [ -66.544950459363861, -24.204656172958448 ], [ -66.544950459363861, -24.204925667543687 ], [ -66.54548944853434, -24.204925667543684 ], [ -66.54548944853434, -24.204656172958451 ], [ -66.546567426875271, -24.204656172958451 ], [ -66.546567426875271, -24.204925667543691 ], [ -66.54683692146051, -24.204925667543684 ], [ -66.54683692146051, -24.205464656714156 ], [ -66.54710641604575, -24.205464656714156 ], [ -66.54710641604575, -24.205734151299385 ], [ -66.54737591063099, -24.205734151299392 ], [ -66.54737591063099, -24.206003645884628 ], [ -66.547645405216215, -24.206003645884628 ], [ -66.547645405216215, -24.204386678373204 ], [ -66.54737591063099, -24.204386678373215 ], [ -66.54737591063099, -24.203847689202753 ], [ -66.54683692146051, -24.20384768920275 ], [ -66.54683692146051, -24.20357819461751 ], [ -66.546297932290045, -24.203578194617506 ], [ -66.546297932290045, -24.202769710861794 ], [ -66.546567426875271, -24.202769710861801 ], [ -66.546567426875271, -24.201961227106096 ], [ -66.54683692146051, -24.201961227106089 ], [ -66.54683692146051, -24.201152743350388 ], [ -66.54710641604575, -24.201152743350377 ], [ -66.54710641604575, -24.200344259594679 ], [ -66.54683692146051, -24.200344259594676 ], [ -66.54683692146051, -24.199266281253724 ], [ -66.546567426875271, -24.199266281253735 ], [ -66.546567426875271, -24.197918808327557 ], [ -66.546297932290045, -24.19791880832755 ], [ -66.546297932290045, -24.198457797498023 ] ] ], [ [ [ -66.551418329409529, -24.193337400378539 ], [ -66.551418329409529, -24.193606894963779 ], [ -66.55060984565381, -24.193606894963775 ], [ -66.55060984565381, -24.193876389549011 ], [ -66.549531867312865, -24.193876389549011 ], [ -66.549531867312865, -24.194145884134244 ], [ -66.5489928781424, -24.194145884134244 ], [ -66.5489928781424, -24.194415378719491 ], [ -66.54872338355716, -24.194415378719484 ], [ -66.54872338355716, -24.194684873304713 ], [ -66.548184394386695, -24.194684873304709 ], [ -66.548184394386695, -24.194954367889959 ], [ -66.547645405216215, -24.194954367889949 ], [ -66.547645405216215, -24.195223862475196 ], [ -66.54737591063099, -24.195223862475196 ], [ -66.54737591063099, -24.195493357060432 ], [ -66.54683692146051, -24.195493357060432 ], [ -66.54683692146051, -24.195762851645675 ], [ -66.546297932290045, -24.195762851645672 ], [ -66.546297932290045, -24.196032346230897 ], [ -66.5452199539491, -24.19603234623089 ], [ -66.5452199539491, -24.196301840816137 ], [ -66.544411470193396, -24.196301840816133 ], [ -66.544411470193396, -24.196571335401377 ], [ -66.544141975608156, -24.196571335401369 ], [ -66.544141975608156, -24.196840829986606 ], [ -66.544950459363861, -24.196840829986609 ], [ -66.544950459363861, -24.197110324571842 ], [ -66.546028437704805, -24.197110324571842 ], [ -66.546028437704805, -24.197379819157078 ], [ -66.54710641604575, -24.197379819157074 ], [ -66.54710641604575, -24.197110324571838 ], [ -66.547645405216215, -24.197110324571849 ], [ -66.547645405216215, -24.196840829986606 ], [ -66.548453888971935, -24.196840829986606 ], [ -66.548453888971935, -24.197110324571842 ], [ -66.54872338355716, -24.197110324571838 ], [ -66.54872338355716, -24.197379819157078 ], [ -66.5489928781424, -24.197379819157085 ], [ -66.5489928781424, -24.198727292083259 ], [ -66.54872338355716, -24.198727292083266 ], [ -66.54872338355716, -24.201961227106089 ], [ -66.5489928781424, -24.201961227106089 ], [ -66.5489928781424, -24.202230721691322 ], [ -66.549531867312865, -24.202230721691322 ], [ -66.549531867312865, -24.201961227106086 ], [ -66.54926237272764, -24.201961227106086 ], [ -66.54926237272764, -24.201691732520857 ], [ -66.5489928781424, -24.20169173252086 ], [ -66.5489928781424, -24.201422237935617 ], [ -66.549531867312865, -24.201422237935617 ], [ -66.549531867312865, -24.200883248765145 ], [ -66.549801361898105, -24.200883248765145 ], [ -66.549801361898105, -24.200344259594679 ], [ -66.549531867312865, -24.200344259594676 ], [ -66.549531867312865, -24.199805270424196 ], [ -66.54926237272764, -24.199805270424203 ], [ -66.54926237272764, -24.199266281253728 ], [ -66.549531867312865, -24.199266281253728 ], [ -66.549531867312865, -24.198457797498016 ], [ -66.549801361898105, -24.198457797498023 ], [ -66.549801361898105, -24.198188302912794 ], [ -66.550070856483345, -24.198188302912794 ], [ -66.550070856483345, -24.197649313742311 ], [ -66.549801361898105, -24.197649313742314 ], [ -66.549801361898105, -24.197110324571838 ], [ -66.550070856483345, -24.197110324571852 ], [ -66.550070856483345, -24.196840829986609 ], [ -66.549801361898105, -24.196840829986609 ], [ -66.549801361898105, -24.196571335401373 ], [ -66.550070856483345, -24.196571335401377 ], [ -66.550070856483345, -24.19630184081613 ], [ -66.549801361898105, -24.19630184081614 ], [ -66.549801361898105, -24.195762851645661 ], [ -66.550070856483345, -24.195762851645664 ], [ -66.550070856483345, -24.195493357060428 ], [ -66.55060984565381, -24.195493357060428 ], [ -66.55060984565381, -24.195223862475203 ], [ -66.550879340239049, -24.195223862475203 ], [ -66.550879340239049, -24.194954367889959 ], [ -66.551687823994754, -24.194954367889959 ], [ -66.551687823994754, -24.194684873304723 ], [ -66.551957318579994, -24.194684873304723 ], [ -66.551957318579994, -24.194954367889956 ], [ -66.552226813165234, -24.194954367889967 ], [ -66.552226813165234, -24.194684873304727 ], [ -66.552496307750459, -24.194684873304723 ], [ -66.552496307750459, -24.194954367889949 ], [ -66.553035296920939, -24.194954367889963 ], [ -66.553035296920939, -24.195223862475196 ], [ -66.552765802335699, -24.195223862475192 ], [ -66.552765802335699, -24.195493357060425 ], [ -66.553304791506179, -24.195493357060425 ], [ -66.553304791506179, -24.195223862475185 ], [ -66.553843780676644, -24.195223862475203 ], [ -66.553843780676644, -24.194954367889963 ], [ -66.554113275261884, -24.194954367889959 ], [ -66.554113275261884, -24.193337400378532 ], [ -66.552496307750459, -24.193337400378539 ], [ -66.552496307750459, -24.193067905793306 ], [ -66.551687823994754, -24.19306790579331 ], [ -66.551687823994754, -24.193337400378539 ], [ -66.551418329409529, -24.193337400378539 ] ] ], [ [ [ -66.534979159710133, -24.192259422037594 ], [ -66.534979159710133, -24.19279841120807 ], [ -66.534709665124907, -24.192798411208074 ], [ -66.534709665124907, -24.193067905793303 ], [ -66.534170675954428, -24.193067905793306 ], [ -66.534170675954428, -24.193337400378546 ], [ -66.533362192198723, -24.193337400378539 ], [ -66.533362192198723, -24.193067905793306 ], [ -66.532823203028244, -24.19306790579331 ], [ -66.532823203028244, -24.192798411208077 ], [ -66.531475730102073, -24.192798411208067 ], [ -66.531475730102073, -24.192528916622834 ], [ -66.530667246346368, -24.192528916622837 ], [ -66.530667246346368, -24.193067905793299 ], [ -66.530936740931594, -24.19306790579331 ], [ -66.530936740931594, -24.193337400378532 ], [ -66.531475730102073, -24.193337400378535 ], [ -66.531475730102073, -24.193606894963779 ], [ -66.531206235516834, -24.193606894963771 ], [ -66.531206235516834, -24.193876389549018 ], [ -66.529858762590649, -24.193876389549015 ], [ -66.529858762590649, -24.193606894963775 ], [ -66.529050278834944, -24.193606894963775 ], [ -66.529050278834944, -24.193876389549015 ], [ -66.527972300494, -24.193876389549011 ], [ -66.527972300494, -24.193606894963786 ], [ -66.525546849226885, -24.193606894963768 ], [ -66.525546849226885, -24.193876389549015 ], [ -66.52581634381211, -24.193876389549011 ], [ -66.52581634381211, -24.194415378719487 ], [ -66.52608583839735, -24.194415378719484 ], [ -66.52608583839735, -24.194145884134251 ], [ -66.526624827567829, -24.194145884134247 ], [ -66.526624827567829, -24.194415378719484 ], [ -66.526894322153055, -24.194415378719487 ], [ -66.526894322153055, -24.194684873304716 ], [ -66.527433311323534, -24.19468487330472 ], [ -66.527433311323534, -24.194954367889959 ], [ -66.530128257175889, -24.194954367889963 ], [ -66.530128257175889, -24.195223862475196 ], [ -66.530397751761129, -24.195223862475203 ], [ -66.530397751761129, -24.195493357060432 ], [ -66.531475730102073, -24.195493357060425 ], [ -66.531475730102073, -24.195223862475203 ], [ -66.533362192198723, -24.195223862475189 ], [ -66.533362192198723, -24.194954367889959 ], [ -66.537943600147742, -24.194954367889959 ], [ -66.537943600147742, -24.194684873304716 ], [ -66.539291073073912, -24.194684873304727 ], [ -66.539291073073912, -24.194954367889963 ], [ -66.539830062244377, -24.194954367889963 ], [ -66.539830062244377, -24.194684873304716 ], [ -66.540369051414856, -24.19468487330472 ], [ -66.540369051414856, -24.195223862475199 ], [ -66.540638546000082, -24.195223862475196 ], [ -66.540638546000082, -24.195493357060428 ], [ -66.542525008096746, -24.195493357060428 ], [ -66.542525008096746, -24.195762851645672 ], [ -66.542794502681971, -24.195762851645668 ], [ -66.542794502681971, -24.196032346230897 ], [ -66.543333491852451, -24.196032346230897 ], [ -66.543333491852451, -24.196301840816133 ], [ -66.543602986437676, -24.196301840816137 ], [ -66.543602986437676, -24.195762851645664 ], [ -66.543333491852451, -24.195762851645668 ], [ -66.543333491852451, -24.195493357060439 ], [ -66.543063997267211, -24.195493357060432 ], [ -66.543063997267211, -24.195223862475196 ], [ -66.542794502681971, -24.195223862475203 ], [ -66.542794502681971, -24.194954367889956 ], [ -66.542255513511506, -24.194954367889963 ], [ -66.542255513511506, -24.19468487330472 ], [ -66.541986018926266, -24.194684873304709 ], [ -66.541986018926266, -24.194415378719484 ], [ -66.541177535170561, -24.194415378719487 ], [ -66.541177535170561, -24.194145884134244 ], [ -66.540908040585322, -24.19414588413424 ], [ -66.540908040585322, -24.194415378719491 ], [ -66.540638546000082, -24.19441537871948 ], [ -66.540638546000082, -24.193876389549008 ], [ -66.538482589318207, -24.193876389549018 ], [ -66.538482589318207, -24.193606894963782 ], [ -66.537404610977262, -24.193606894963782 ], [ -66.537404610977262, -24.193337400378535 ], [ -66.536057138051078, -24.193337400378539 ], [ -66.536057138051078, -24.193067905793313 ], [ -66.535787643465852, -24.193067905793303 ], [ -66.535787643465852, -24.192528916622837 ], [ -66.535518148880612, -24.192528916622834 ], [ -66.535518148880612, -24.191989927452365 ], [ -66.535248654295373, -24.191989927452362 ], [ -66.535248654295373, -24.192259422037598 ], [ -66.534979159710133, -24.192259422037594 ] ] ] ] } },
{ "type": "Feature", "properties": { "raster_value": 1, "overlap_with_reference": 0.50887573963499122, "bofedal_id": "e5ddcadb-35e3-5f0f-b106-2c9ca478b968" }, "geometry": { "type": "MultiPolygon", "coordinates": [ [ [ [ -66.764588546331083, -24.222712310169261 ], [ -66.764588546331083, -24.22298180475449 ], [ -66.764319051745844, -24.222981804754479 ], [ -66.764319051745844, -24.223251299339722 ], [ -66.763780062575378, -24.223251299339722 ], [ -66.763780062575378, -24.223520793924955 ], [ -66.763510567990139, -24.223520793924958 ], [ -66.763510567990139, -24.223790288510184 ], [ -66.763241073404913, -24.223790288510195 ], [ -66.763241073404913, -24.224059783095424 ], [ -66.763510567990139, -24.224059783095431 ], [ -66.763510567990139, -24.224598772265896 ], [ -66.763241073404913, -24.224598772265903 ], [ -66.763241073404913, -24.224868266851139 ], [ -66.762971578819688, -24.224868266851136 ], [ -66.762971578819688, -24.225137761436368 ], [ -66.762702084234434, -24.225137761436383 ], [ -66.762702084234434, -24.225407256021619 ], [ -66.762432589649194, -24.225407256021615 ], [ -66.762432589649194, -24.225946245192088 ], [ -66.762163095063968, -24.225946245192077 ], [ -66.762163095063968, -24.226754728947785 ], [ -66.761893600478743, -24.226754728947782 ], [ -66.761893600478743, -24.227293718118265 ], [ -66.761624105893489, -24.227293718118265 ], [ -66.761624105893489, -24.22756321270349 ], [ -66.762163095063968, -24.227563212703497 ], [ -66.762163095063968, -24.227024223533018 ], [ -66.762432589649194, -24.227024223533018 ], [ -66.762432589649194, -24.226485234362546 ], [ -66.762702084234434, -24.226485234362546 ], [ -66.762702084234434, -24.225676750606844 ], [ -66.763241073404913, -24.225676750606837 ], [ -66.763241073404913, -24.225407256021604 ], [ -66.763510567990139, -24.225407256021615 ], [ -66.763510567990139, -24.224868266851136 ], [ -66.763780062575378, -24.224868266851143 ], [ -66.763780062575378, -24.224598772265907 ], [ -66.764049557160632, -24.224598772265907 ], [ -66.764049557160632, -24.224059783095431 ], [ -66.764319051745844, -24.22405978309542 ], [ -66.764319051745844, -24.223790288510198 ], [ -66.764588546331083, -24.223790288510191 ], [ -66.764588546331083, -24.223520793924962 ], [ -66.765127535501577, -24.223520793924958 ], [ -66.765127535501577, -24.222981804754479 ], [ -66.765666524672028, -24.222981804754486 ], [ -66.765666524672028, -24.222712310169246 ], [ -66.764588546331083, -24.222712310169261 ] ] ], [ [ [ -66.766205513842522, -24.222712310169253 ], [ -66.766205513842522, -24.222442815584017 ], [ -66.766475008427733, -24.222442815584017 ], [ -66.766475008427733, -24.222173320998781 ], [ -66.766744503012973, -24.222173320998774 ], [ -66.766744503012973, -24.221903826413534 ], [ -66.767013997598212, -24.221903826413538 ], [ -66.767013997598212, -24.221634331828305 ], [ -66.767283492183438, -24.221634331828312 ], [ -66.767283492183438, -24.221364837243076 ], [ -66.767552986768678, -24.221364837243073 ], [ -66.767552986768678, -24.221095342657836 ], [ -66.768361470524383, -24.221095342657829 ], [ -66.768361470524383, -24.2208258480726 ], [ -66.768630965109622, -24.2208258480726 ], [ -66.768630965109622, -24.221095342657836 ], [ -66.768900459694862, -24.221095342657833 ], [ -66.768900459694862, -24.221364837243076 ], [ -66.769169954280102, -24.221364837243076 ], [ -66.769169954280102, -24.221095342657833 ], [ -66.769439448865327, -24.221095342657829 ], [ -66.769439448865327, -24.220286858902121 ], [ -66.769169954280102, -24.220286858902131 ], [ -66.769169954280102, -24.220017364316888 ], [ -66.768900459694862, -24.220017364316888 ], [ -66.768900459694862, -24.21947837514643 ], [ -66.768630965109622, -24.219478375146419 ], [ -66.768630965109622, -24.219208880561187 ], [ -66.768361470524383, -24.21920888056119 ], [ -66.768361470524383, -24.218669891390718 ], [ -66.768091975939157, -24.218669891390711 ], [ -66.768091975939157, -24.218130902220242 ], [ -66.767822481353917, -24.218130902220246 ], [ -66.767822481353917, -24.217861407634999 ], [ -66.767283492183438, -24.217861407635006 ], [ -66.767283492183438, -24.217591913049773 ], [ -66.765936019257268, -24.21759191304977 ], [ -66.765936019257268, -24.217322418464526 ], [ -66.765666524672028, -24.217322418464533 ], [ -66.765666524672028, -24.217052923879297 ], [ -66.765397030086788, -24.217052923879301 ], [ -66.765397030086788, -24.216783429294072 ], [ -66.765127535501577, -24.216783429294061 ], [ -66.765127535501577, -24.217052923879294 ], [ -66.764858040916323, -24.21705292387929 ], [ -66.764858040916323, -24.217591913049759 ], [ -66.765397030086788, -24.217591913049766 ], [ -66.765397030086788, -24.217861407635002 ], [ -66.765666524672028, -24.217861407635002 ], [ -66.765666524672028, -24.218130902220242 ], [ -66.765936019257268, -24.218130902220242 ], [ -66.765936019257268, -24.218400396805471 ], [ -66.766205513842522, -24.218400396805471 ], [ -66.766205513842522, -24.218669891390711 ], [ -66.766744503012973, -24.218669891390711 ], [ -66.766744503012973, -24.218939385975947 ], [ -66.767013997598212, -24.218939385975951 ], [ -66.767013997598212, -24.220017364316888 ], [ -66.766744503012973, -24.220017364316888 ], [ -66.766744503012973, -24.2208258480726 ], [ -66.766475008427733, -24.220825848072597 ], [ -66.766475008427733, -24.221903826413538 ], [ -66.766205513842522, -24.221903826413538 ], [ -66.766205513842522, -24.222173320998778 ], [ -66.765936019257268, -24.222173320998781 ], [ -66.765936019257268, -24.222442815584017 ], [ -66.765666524672028, -24.222442815584017 ], [ -66.765666524672028, -24.222712310169246 ], [ -66.766205513842522, -24.222712310169253 ] ] ] ] } },
{ "type": "Feature", "properties": { "raster_value": 1, "overlap_with_reference": 0.66666666663794105, "bofedal_id": "7f08f7f3-68ad-5a2a-a24a-78b2660d6e3d" }, "geometry": { "type": "Polygon", "coordinates": [ [ [ -66.392686018705604, -24.291972418574872 ], [ -66.392686018705604, -24.292241913160094 ], [ -66.393225007876069, -24.292241913160101 ], [ -66.393225007876069, -24.292511407745337 ], [ -66.393494502461309, -24.292511407745334 ], [ -66.393494502461309, -24.293050396915802 ], [ -66.392955513290858, -24.293050396915802 ], [ -66.392955513290858, -24.292780902330577 ], [ -66.391069051194194, -24.29278090233057 ], [ -66.391069051194194, -24.293050396915806 ], [ -66.390260567438474, -24.293050396915795 ], [ -66.390260567438474, -24.29278090233057 ], [ -66.390530062023714, -24.29278090233057 ], [ -66.390530062023714, -24.29251140774533 ], [ -66.391069051194194, -24.292511407745337 ], [ -66.391069051194194, -24.292241913160108 ], [ -66.391877534949913, -24.292241913160094 ], [ -66.391877534949913, -24.291972418574861 ], [ -66.392686018705604, -24.291972418574872 ] ] ] } },
{ "type": "Feature", "properties": { "raster_value": 1, "overlap_with_reference": 0.99999999992309974, "bofedal_id": "24903855-9fc5-5a1c-8a80-1cebefb947cf" }, "geometry": { "type": "Polygon", "coordinates": [ [ [ -66.456825729991735, -24.341559422258264 ], [ -66.456825729991735, -24.342098411428729 ], [ -66.457364719162214, -24.342098411428733 ], [ -66.457364719162214, -24.342367906013973 ], [ -66.45628674082127, -24.342367906013969 ], [ -66.45628674082127, -24.342098411428733 ], [ -66.45574775165079, -24.342098411428736 ], [ -66.45574775165079, -24.341559422258261 ], [ -66.456825729991735, -24.341559422258264 ] ] ] } },
{ "type": "Feature", "properties": { "raster_value": 1, "overlap_with_reference": 0.71428571423439513, "bofedal_id": "e1ce884b-5dde-5ccd-ad4b-7e1dd3fc9ba4" }, "geometry": { "type": "Polygon", "coordinates": [ [ [ -66.124808400981166, -24.365813934929484 ], [ -66.124808400981166, -24.366083429514724 ], [ -66.125077895566392, -24.366083429514724 ], [ -66.125077895566392, -24.366891913270432 ], [ -66.124808400981166, -24.36689191327044 ], [ -66.124808400981166, -24.367161407855665 ], [ -66.124269411810687, -24.367161407855679 ], [ -66.124269411810687, -24.36689191327044 ], [ -66.123999917225461, -24.366891913270432 ], [ -66.123999917225461, -24.36635292409996 ], [ -66.124269411810687, -24.366352924099967 ], [ -66.124269411810687, -24.366083429514731 ], [ -66.124538906395927, -24.366083429514724 ], [ -66.124538906395927, -24.365813934929488 ], [ -66.124808400981166, -24.365813934929484 ] ] ] } },
{ "type": "Feature", "properties": { "raster_value": 1, "overlap_with_reference": 0.60256410256434634, "bofedal_id": "84dd6fb5-22a3-55a8-96ad-4f30f57b57eb" }, "geometry": { "type": "MultiPolygon", "coordinates": [ [ [ [ -66.674038365691843, -24.435882527090818 ], [ -66.674307860277068, -24.435882527090815 ], [ -66.674307860277068, -24.436152021676047 ], [ -66.674577354862308, -24.436152021676044 ], [ -66.674577354862308, -24.436421516261287 ], [ -66.674846849447547, -24.436421516261277 ], [ -66.674846849447547, -24.43507404333511 ], [ -66.674307860277068, -24.43507404333511 ], [ -66.674307860277068, -24.434804548749867 ], [ -66.674038365691843, -24.434804548749867 ], [ -66.674038365691843, -24.435882527090818 ] ] ], [ [ [ -66.672421398180418, -24.433457075823689 ], [ -66.672960387350898, -24.433457075823696 ], [ -66.672960387350898, -24.433726570408925 ], [ -66.673499376521363, -24.433726570408925 ], [ -66.673499376521363, -24.433457075823686 ], [ -66.673229881936123, -24.433457075823696 ], [ -66.673229881936123, -24.432379097482748 ], [ -66.672960387350898, -24.432379097482752 ], [ -66.672960387350898, -24.431570613727033 ], [ -66.672421398180418, -24.43157061372704 ], [ -66.672421398180418, -24.433457075823689 ] ] ], [ [ [ -66.671073925254248, -24.422138303243777 ], [ -66.671343419839474, -24.422138303243781 ], [ -66.671343419839474, -24.422407797829013 ], [ -66.671073925254248, -24.42240779782902 ], [ -66.671073925254248, -24.422677292414257 ], [ -66.670804430669008, -24.422677292414257 ], [ -66.670804430669008, -24.422946786999486 ], [ -66.671073925254248, -24.422946786999493 ], [ -66.671073925254248, -24.423216281584729 ], [ -66.671343419839474, -24.423216281584729 ], [ -66.671343419839474, -24.42402476534043 ], [ -66.671073925254248, -24.424024765340437 ], [ -66.671073925254248, -24.426450216607556 ], [ -66.671343419839474, -24.426450216607559 ], [ -66.671343419839474, -24.427258700363264 ], [ -66.671073925254248, -24.427258700363264 ], [ -66.671073925254248, -24.42779768953374 ], [ -66.671343419839474, -24.427797689533733 ], [ -66.671343419839474, -24.428336678704209 ], [ -66.671612914424713, -24.428336678704216 ], [ -66.671612914424713, -24.428606173289442 ], [ -66.671882409009953, -24.428606173289438 ], [ -66.671882409009953, -24.428875667874685 ], [ -66.672421398180418, -24.428875667874681 ], [ -66.672421398180418, -24.429145162459918 ], [ -66.672690892765658, -24.429145162459918 ], [ -66.672690892765658, -24.428336678704206 ], [ -66.672960387350898, -24.428336678704209 ], [ -66.672960387350898, -24.428067184118966 ], [ -66.672690892765658, -24.428067184118973 ], [ -66.672690892765658, -24.425641732851847 ], [ -66.672421398180418, -24.425641732851851 ], [ -66.672421398180418, -24.425102743681379 ], [ -66.672151903595193, -24.425102743681375 ], [ -66.672151903595193, -24.424833249096146 ], [ -66.672690892765658, -24.424833249096139 ], [ -66.672690892765658, -24.42402476534043 ], [ -66.672421398180418, -24.424024765340437 ], [ -66.672421398180418, -24.423755270755201 ], [ -66.672151903595193, -24.423755270755194 ], [ -66.672151903595193, -24.423216281584722 ], [ -66.672421398180418, -24.423216281584729 ], [ -66.672421398180418, -24.423485776169965 ], [ -66.672690892765658, -24.423485776169958 ], [ -66.672690892765658, -24.422407797829024 ], [ -66.672421398180418, -24.422407797829017 ], [ -66.672421398180418, -24.421329819488086 ], [ -66.672151903595193, -24.421329819488083 ], [ -66.672151903595193, -24.420251841147135 ], [ -66.671612914424713, -24.420251841147138 ], [ -66.671612914424713, -24.419982346561902 ], [ -66.671073925254248, -24.419982346561891 ], [ -66.671073925254248, -24.422138303243777 ] ] ], [ [ [ -66.672151903595193, -24.41567043319813 ], [ -66.671882409009953, -24.415670433198123 ], [ -66.671882409009953, -24.416748411539071 ], [ -66.671612914424713, -24.416748411539071 ], [ -66.671612914424713, -24.418095884465245 ], [ -66.671343419839474, -24.418095884465242 ], [ -66.671343419839474, -24.419173862806193 ], [ -66.671612914424713, -24.419173862806197 ], [ -66.671612914424713, -24.418904368220968 ], [ -66.672151903595193, -24.418904368220961 ], [ -66.672151903595193, -24.418365379050485 ], [ -66.672421398180418, -24.418365379050485 ], [ -66.672421398180418, -24.417017906124308 ], [ -66.672690892765658, -24.417017906124304 ], [ -66.672690892765658, -24.416209422368595 ], [ -66.672421398180418, -24.416209422368599 ], [ -66.672421398180418, -24.415400938612887 ], [ -66.672151903595193, -24.415400938612883 ], [ -66.672151903595193, -24.41567043319813 ] ] ] ] } },
{ "type": "Feature", "properties": { "raster_value": 1, "overlap_with_reference": 0.54684838159651217, "bofedal_id": "24c291a4-df24-5b02-b772-7fb0bae8c6fa" }, "geometry": { "type": "MultiPolygon", "coordinates": [ [ [ [ -66.605317246456693, -24.423485776169965 ], [ -66.605586741041932, -24.423485776169962 ], [ -66.605586741041932, -24.423755270755194 ], [ -66.605856235627172, -24.423755270755201 ], [ -66.605856235627172, -24.424024765340437 ], [ -66.606125730212398, -24.424024765340437 ], [ -66.606125730212398, -24.424294259925674 ], [ -66.606664719382877, -24.424294259925666 ], [ -66.606664719382877, -24.424563754510906 ], [ -66.606934213968103, -24.424563754510913 ], [ -66.606934213968103, -24.42483324909615 ], [ -66.607473203138582, -24.42483324909615 ], [ -66.607473203138582, -24.425102743681375 ], [ -66.607742697723822, -24.425102743681375 ], [ -66.607742697723822, -24.425372238266611 ], [ -66.608012192309047, -24.425372238266611 ], [ -66.608012192309047, -24.425641732851847 ], [ -66.608551181479527, -24.425641732851844 ], [ -66.608551181479527, -24.425911227437087 ], [ -66.608820676064767, -24.425911227437084 ], [ -66.608820676064767, -24.42618072202233 ], [ -66.609359665235232, -24.426180722022323 ], [ -66.609359665235232, -24.426450216607556 ], [ -66.609629159820472, -24.426450216607567 ], [ -66.609629159820472, -24.426719711192799 ], [ -66.610168148990937, -24.426719711192796 ], [ -66.610168148990937, -24.426989205778028 ], [ -66.610437643576176, -24.426989205778028 ], [ -66.610437643576176, -24.427258700363261 ], [ -66.610976632746642, -24.427258700363272 ], [ -66.610976632746642, -24.427528194948501 ], [ -66.611515621917121, -24.427528194948497 ], [ -66.611515621917121, -24.427797689533737 ], [ -66.612054611087586, -24.427797689533744 ], [ -66.612054611087586, -24.428067184118973 ], [ -66.612593600258066, -24.428067184118973 ], [ -66.612593600258066, -24.428336678704213 ], [ -66.612863094843291, -24.428336678704209 ], [ -66.612863094843291, -24.42779768953374 ], [ -66.612593600258066, -24.427797689533744 ], [ -66.612593600258066, -24.427528194948501 ], [ -66.612324105672826, -24.427528194948501 ], [ -66.612324105672826, -24.427258700363268 ], [ -66.612593600258066, -24.427258700363264 ], [ -66.612593600258066, -24.426719711192796 ], [ -66.612324105672826, -24.426719711192799 ], [ -66.612324105672826, -24.426450216607556 ], [ -66.612054611087586, -24.426450216607563 ], [ -66.612054611087586, -24.42618072202232 ], [ -66.611785116502361, -24.42618072202232 ], [ -66.611785116502361, -24.425911227437084 ], [ -66.611515621917121, -24.425911227437084 ], [ -66.611515621917121, -24.426180722022327 ], [ -66.611246127331881, -24.42618072202232 ], [ -66.611246127331881, -24.426450216607556 ], [ -66.610437643576176, -24.426450216607556 ], [ -66.610437643576176, -24.426180722022323 ], [ -66.609629159820472, -24.42618072202232 ], [ -66.609629159820472, -24.425911227437084 ], [ -66.609359665235232, -24.425911227437087 ], [ -66.609359665235232, -24.425641732851847 ], [ -66.608820676064767, -24.425641732851851 ], [ -66.608820676064767, -24.425372238266611 ], [ -66.608551181479527, -24.425372238266611 ], [ -66.608551181479527, -24.425102743681379 ], [ -66.608281686894287, -24.425102743681375 ], [ -66.608281686894287, -24.42483324909615 ], [ -66.608012192309047, -24.424833249096142 ], [ -66.608012192309047, -24.424563754510913 ], [ -66.607473203138582, -24.42456375451091 ], [ -66.607473203138582, -24.42402476534043 ], [ -66.607203708553342, -24.424024765340434 ], [ -66.607203708553342, -24.423755270755198 ], [ -66.606934213968103, -24.423755270755194 ], [ -66.606934213968103, -24.423485776169962 ], [ -66.606664719382877, -24.423485776169962 ], [ -66.606664719382877, -24.423216281584729 ], [ -66.605856235627172, -24.423216281584722 ], [ -66.605856235627172, -24.422946786999493 ], [ -66.605317246456693, -24.422946786999486 ], [ -66.605317246456693, -24.423485776169965 ] ] ], [ [ [ -66.602622300604338, -24.421329819488076 ], [ -66.602891795189578, -24.421329819488086 ], [ -66.602891795189578, -24.421599314073305 ], [ -66.602622300604338, -24.421599314073312 ], [ -66.602622300604338, -24.422138303243781 ], [ -66.603161289774803, -24.422138303243781 ], [ -66.603161289774803, -24.42240779782902 ], [ -66.603969773530508, -24.422407797829017 ], [ -66.603969773530508, -24.422677292414264 ], [ -66.604778257286227, -24.422677292414253 ], [ -66.604778257286227, -24.4229467869995 ], [ -66.605317246456693, -24.422946786999486 ], [ -66.605317246456693, -24.422677292414253 ], [ -66.605047751871453, -24.422677292414257 ], [ -66.605047751871453, -24.42240779782902 ], [ -66.604778257286227, -24.422407797829024 ], [ -66.604778257286227, -24.422138303243777 ], [ -66.604508762700988, -24.422138303243781 ], [ -66.604508762700988, -24.421868808658544 ], [ -66.604239268115748, -24.421868808658555 ], [ -66.604239268115748, -24.421599314073315 ], [ -66.603700278945283, -24.421599314073315 ], [ -66.603700278945283, -24.421329819488076 ], [ -66.603161289774803, -24.421329819488079 ], [ -66.603161289774803, -24.421060324902847 ], [ -66.602622300604338, -24.421060324902843 ], [ -66.602622300604338, -24.421329819488076 ] ] ], [ [ [ -66.588339087586832, -24.412705992760532 ], [ -66.588608582172071, -24.412705992760529 ], [ -66.588608582172071, -24.413783971101477 ], [ -66.588069593001606, -24.41378397110147 ], [ -66.588069593001606, -24.413514476516237 ], [ -66.587800098416366, -24.413514476516234 ], [ -66.587800098416366, -24.413244981931001 ], [ -66.587530603831127, -24.413244981930994 ], [ -66.587530603831127, -24.412975487345765 ], [ -66.586183130904942, -24.412975487345768 ], [ -66.586183130904942, -24.413244981931001 ], [ -66.585913636319717, -24.413244981930998 ], [ -66.585913636319717, -24.41351447651623 ], [ -66.586183130904942, -24.413514476516234 ], [ -66.586183130904942, -24.413783971101466 ], [ -66.586722120075422, -24.413783971101477 ], [ -66.586722120075422, -24.414053465686703 ], [ -66.586991614660661, -24.414053465686717 ], [ -66.586991614660661, -24.414322960271949 ], [ -66.587530603831127, -24.414322960271942 ], [ -66.587530603831127, -24.414592454857182 ], [ -66.588069593001606, -24.414592454857171 ], [ -66.588069593001606, -24.414861949442422 ], [ -66.588608582172071, -24.414861949442415 ], [ -66.588608582172071, -24.415131444027658 ], [ -66.588878076757311, -24.415131444027644 ], [ -66.588878076757311, -24.415400938612891 ], [ -66.589417065927776, -24.415400938612887 ], [ -66.589417065927776, -24.415670433198123 ], [ -66.589956055098256, -24.41567043319812 ], [ -66.589956055098256, -24.415939927783356 ], [ -66.5910340334392, -24.415939927783366 ], [ -66.5910340334392, -24.416209422368592 ], [ -66.591573022609666, -24.416209422368599 ], [ -66.591573022609666, -24.416478916953839 ], [ -66.591842517194905, -24.416478916953821 ], [ -66.591842517194905, -24.416748411539071 ], [ -66.592381506365371, -24.416748411539068 ], [ -66.592381506365371, -24.417017906124304 ], [ -66.59292049553585, -24.4170179061243 ], [ -66.59292049553585, -24.41728740070954 ], [ -66.593189990121076, -24.417287400709533 ], [ -66.593189990121076, -24.417556895294769 ], [ -66.593728979291555, -24.41755689529478 ], [ -66.593728979291555, -24.417826389880016 ], [ -66.593998473876795, -24.417826389880002 ], [ -66.593998473876795, -24.418095884465256 ], [ -66.59426796846202, -24.418095884465242 ], [ -66.59426796846202, -24.418365379050485 ], [ -66.5948069576325, -24.418365379050485 ], [ -66.5948069576325, -24.418634873635714 ], [ -66.595076452217725, -24.418634873635714 ], [ -66.595076452217725, -24.41890436822095 ], [ -66.595345946802965, -24.418904368220961 ], [ -66.595345946802965, -24.419173862806183 ], [ -66.595615441388205, -24.419173862806186 ], [ -66.595615441388205, -24.419443357391419 ], [ -66.59642392514391, -24.419443357391433 ], [ -66.59642392514391, -24.419712851976662 ], [ -66.597232408899615, -24.419712851976662 ], [ -66.597232408899615, -24.419982346561895 ], [ -66.598849376411039, -24.419982346561888 ], [ -66.598849376411039, -24.420251841147131 ], [ -66.599657860166744, -24.420251841147135 ], [ -66.599657860166744, -24.420521335732364 ], [ -66.600466343922449, -24.420521335732374 ], [ -66.600466343922449, -24.4207908303176 ], [ -66.601274827678154, -24.420790830317596 ], [ -66.601274827678154, -24.420251841147131 ], [ -66.601005333092914, -24.420251841147135 ], [ -66.601005333092914, -24.419982346561888 ], [ -66.600466343922449, -24.419982346561895 ], [ -66.600466343922449, -24.419712851976659 ], [ -66.599927354751983, -24.419712851976655 ], [ -66.599927354751983, -24.41917386280619 ], [ -66.599657860166744, -24.419173862806183 ], [ -66.599657860166744, -24.418634873635717 ], [ -66.599388365581504, -24.418634873635721 ], [ -66.599388365581504, -24.418365379050485 ], [ -66.599118870996264, -24.418365379050488 ], [ -66.599118870996264, -24.418095884465238 ], [ -66.598849376411039, -24.418095884465249 ], [ -66.598849376411039, -24.417826389880016 ], [ -66.598579881825799, -24.417826389880009 ], [ -66.598579881825799, -24.417556895294783 ], [ -66.598310387240559, -24.417556895294773 ], [ -66.598310387240559, -24.41728740070953 ], [ -66.597771398070094, -24.41728740070954 ], [ -66.597771398070094, -24.417017906124304 ], [ -66.597501903484854, -24.417017906124304 ], [ -66.597501903484854, -24.416748411539064 ], [ -66.59642392514391, -24.416748411539064 ], [ -66.59642392514391, -24.416478916953828 ], [ -66.595615441388205, -24.416478916953828 ], [ -66.595615441388205, -24.416209422368588 ], [ -66.595076452217725, -24.416209422368592 ], [ -66.595076452217725, -24.41593992778337 ], [ -66.5948069576325, -24.415939927783366 ], [ -66.5948069576325, -24.415670433198127 ], [ -66.59453746304726, -24.415670433198134 ], [ -66.59453746304726, -24.415400938612887 ], [ -66.593998473876795, -24.415400938612891 ], [ -66.593998473876795, -24.415131444027661 ], [ -66.593189990121076, -24.415131444027647 ], [ -66.593189990121076, -24.414861949442422 ], [ -66.59292049553585, -24.414861949442422 ], [ -66.59292049553585, -24.414592454857171 ], [ -66.59265100095061, -24.414592454857175 ], [ -66.59265100095061, -24.414322960271953 ], [ -66.592381506365371, -24.414322960271953 ], [ -66.592381506365371, -24.414053465686706 ], [ -66.591842517194905, -24.414053465686703 ], [ -66.591842517194905, -24.41378397110147 ], [ -66.591573022609666, -24.41378397110147 ], [ -66.591573022609666, -24.413514476516237 ], [ -66.5910340334392, -24.413514476516241 ], [ -66.5910340334392, -24.413244981931001 ], [ -66.589956055098256, -24.413244981931005 ], [ -66.589956055098256, -24.412705992760529 ], [ -66.588878076757311, -24.412705992760532 ], [ -66.588878076757311, -24.412436498175289 ], [ -66.588339087586832, -24.412436498175285 ], [ -66.588339087586832, -24.412705992760532 ] ] ] ] } },
{ "type": "Feature", "properties": { "raster_value": 1, "overlap_with_reference": 0.76213592231975003, "bofedal_id": "5fee0310-3a55-5cb2-9744-483cd6905497" }, "geometry": { "type": "Polygon", "coordinates": [ [ [ -66.686704611197925, -24.426719711192792 ], [ -66.686704611197925, -24.426989205778035 ], [ -66.68724360036839, -24.426989205778028 ], [ -66.68724360036839, -24.427258700363268 ], [ -66.68751309495363, -24.427258700363264 ], [ -66.68751309495363, -24.427797689533737 ], [ -66.686974105783165, -24.42779768953374 ], [ -66.686974105783165, -24.428067184118973 ], [ -66.686704611197925, -24.428067184118973 ], [ -66.686704611197925, -24.428336678704209 ], [ -66.686165622027445, -24.428336678704209 ], [ -66.686165622027445, -24.428875667874685 ], [ -66.68589612744222, -24.428875667874685 ], [ -66.68589612744222, -24.429145162459918 ], [ -66.68562663285698, -24.429145162459918 ], [ -66.68562663285698, -24.42968415163039 ], [ -66.68535713827174, -24.42968415163039 ], [ -66.68535713827174, -24.433726570408933 ], [ -66.685087643686501, -24.433726570408925 ], [ -66.685087643686501, -24.434535054164623 ], [ -66.684818149101275, -24.43453505416463 ], [ -66.684818149101275, -24.435613032505575 ], [ -66.684548654516036, -24.435613032505575 ], [ -66.684548654516036, -24.436960505431756 ], [ -66.684279159930796, -24.436960505431767 ], [ -66.684279159930796, -24.437230000016996 ], [ -66.68400966534557, -24.437230000016996 ], [ -66.68400966534557, -24.437499494602228 ], [ -66.683740170760331, -24.437499494602228 ], [ -66.683740170760331, -24.431570613727043 ], [ -66.683470676175091, -24.431570613727033 ], [ -66.683470676175091, -24.430223140800862 ], [ -66.683740170760331, -24.430223140800866 ], [ -66.683740170760331, -24.429145162459918 ], [ -66.68400966534557, -24.429145162459921 ], [ -66.68400966534557, -24.428875667874681 ], [ -66.684548654516036, -24.428875667874681 ], [ -66.684548654516036, -24.428606173289445 ], [ -66.684818149101275, -24.428606173289449 ], [ -66.684818149101275, -24.428336678704213 ], [ -66.685087643686501, -24.428336678704216 ], [ -66.685087643686501, -24.428067184118966 ], [ -66.68535713827174, -24.428067184118973 ], [ -66.68535713827174, -24.427797689533737 ], [ -66.68562663285698, -24.427797689533737 ], [ -66.68562663285698, -24.427528194948508 ], [ -66.68589612744222, -24.427528194948501 ], [ -66.68589612744222, -24.427258700363275 ], [ -66.686165622027445, -24.427258700363268 ], [ -66.686165622027445, -24.426989205778032 ], [ -66.686435116612685, -24.426989205778028 ], [ -66.686435116612685, -24.426719711192792 ], [ -66.686704611197925, -24.426719711192792 ] ] ] } },
{ "type": "Feature", "properties": { "raster_value": 1, "overlap_with_reference": 0.70588235290808221, "bofedal_id": "1d87b501-c0cd-5118-994e-4bf8a1da0fb4" }, "geometry": { "type": "Polygon", "coordinates": [ [ [ -66.807707679968829, -24.443967364647889 ], [ -66.807707679968829, -24.447201299670716 ], [ -66.807438185383589, -24.447201299670716 ], [ -66.807438185383589, -24.447470794255953 ], [ -66.807168690798349, -24.44747079425596 ], [ -66.807168690798349, -24.446931805085484 ], [ -66.807438185383589, -24.44693180508548 ], [ -66.807438185383589, -24.446392815915008 ], [ -66.807168690798349, -24.446392815915011 ], [ -66.807168690798349, -24.44558433215931 ], [ -66.807438185383589, -24.445584332159306 ], [ -66.807438185383589, -24.443967364647893 ], [ -66.807707679968829, -24.443967364647889 ] ] ] } },
{ "type": "Feature", "properties": { "raster_value": 1, "overlap_with_reference": 0.51806083649804635, "bofedal_id": "2f120bcd-839d-53c6-8f05-2a6755dd9480" }, "geometry": { "type": "MultiPolygon", "coordinates": [ [ [ [ -66.677541795299902, -24.45986754517681 ], [ -66.677272300714662, -24.459867545176795 ], [ -66.677272300714662, -24.460137039762035 ], [ -66.677002806129437, -24.460137039762049 ], [ -66.677002806129437, -24.460676028932514 ], [ -66.676733311544197, -24.460676028932514 ], [ -66.676733311544197, -24.460945523517747 ], [ -66.676463816958957, -24.460945523517751 ], [ -66.676463816958957, -24.46121501810299 ], [ -66.676194322373718, -24.461215018102987 ], [ -66.676194322373718, -24.461484512688223 ], [ -66.675385838618013, -24.461484512688223 ], [ -66.675385838618013, -24.461754007273449 ], [ -66.675116344032787, -24.461754007273452 ], [ -66.675116344032787, -24.462023501858692 ], [ -66.674846849447547, -24.462023501858688 ], [ -66.674846849447547, -24.462292996443932 ], [ -66.674577354862308, -24.462292996443921 ], [ -66.674577354862308, -24.462023501858692 ], [ -66.674307860277068, -24.462023501858695 ], [ -66.674307860277068, -24.461754007273449 ], [ -66.674038365691843, -24.461754007273452 ], [ -66.674038365691843, -24.460945523517751 ], [ -66.673768871106603, -24.460945523517751 ], [ -66.673768871106603, -24.461484512688216 ], [ -66.673499376521363, -24.461484512688227 ], [ -66.673499376521363, -24.462292996443928 ], [ -66.673229881936123, -24.462292996443928 ], [ -66.673229881936123, -24.463101480199636 ], [ -66.672960387350898, -24.463101480199633 ], [ -66.672960387350898, -24.463909963955338 ], [ -66.672690892765658, -24.463909963955349 ], [ -66.672690892765658, -24.464179458540574 ], [ -66.672421398180418, -24.464179458540588 ], [ -66.672421398180418, -24.464448953125807 ], [ -66.672151903595193, -24.46444895312581 ], [ -66.672151903595193, -24.464987942296286 ], [ -66.671882409009953, -24.464987942296279 ], [ -66.671882409009953, -24.465257436881522 ], [ -66.671612914424713, -24.465257436881519 ], [ -66.671612914424713, -24.465526931466762 ], [ -66.671882409009953, -24.465526931466755 ], [ -66.671882409009953, -24.466065920637227 ], [ -66.672421398180418, -24.466065920637231 ], [ -66.672421398180418, -24.466604909807707 ], [ -66.672151903595193, -24.466604909807703 ], [ -66.672151903595193, -24.467143898978168 ], [ -66.671882409009953, -24.467143898978172 ], [ -66.671882409009953, -24.467682888148651 ], [ -66.671612914424713, -24.467682888148651 ], [ -66.671612914424713, -24.467952382733881 ], [ -66.671343419839474, -24.46795238273387 ], [ -66.671343419839474, -24.46822187731912 ], [ -66.671073925254248, -24.46822187731911 ], [ -66.671073925254248, -24.468491371904349 ], [ -66.670804430669008, -24.468491371904346 ], [ -66.670804430669008, -24.468760866489593 ], [ -66.670534936083769, -24.468760866489582 ], [ -66.670534936083769, -24.469030361074818 ], [ -66.670265441498529, -24.469030361074818 ], [ -66.670265441498529, -24.469299855660058 ], [ -66.669995946913303, -24.469299855660058 ], [ -66.669995946913303, -24.46983884483053 ], [ -66.669726452328064, -24.469838844830534 ], [ -66.669726452328064, -24.470916823171475 ], [ -66.669456957742824, -24.470916823171468 ], [ -66.669456957742824, -24.474959241950014 ], [ -66.669187463157598, -24.47495924195001 ], [ -66.669187463157598, -24.476576209461424 ], [ -66.668917968572359, -24.476576209461427 ], [ -66.668917968572359, -24.481966101166147 ], [ -66.669187463157598, -24.481966101166144 ], [ -66.669187463157598, -24.482774584921852 ], [ -66.669456957742824, -24.482774584921849 ], [ -66.669456957742824, -24.483583068677554 ], [ -66.669726452328064, -24.483583068677554 ], [ -66.669726452328064, -24.484122057848037 ], [ -66.669995946913303, -24.484122057848037 ], [ -66.669995946913303, -24.488703465797034 ], [ -66.670265441498529, -24.488703465797045 ], [ -66.670265441498529, -24.489242454967521 ], [ -66.670534936083769, -24.489242454967506 ], [ -66.670534936083769, -24.490050938723218 ], [ -66.670804430669008, -24.490050938723215 ], [ -66.670804430669008, -24.490859422478927 ], [ -66.671073925254248, -24.490859422478923 ], [ -66.671073925254248, -24.491398411649389 ], [ -66.671343419839474, -24.491398411649392 ], [ -66.671343419839474, -24.49112891706417 ], [ -66.671612914424713, -24.49112891706417 ], [ -66.671612914424713, -24.492476389990333 ], [ -66.671343419839474, -24.492476389990333 ], [ -66.671343419839474, -24.492745884575584 ], [ -66.671073925254248, -24.49274588457558 ], [ -66.671073925254248, -24.493284873746049 ], [ -66.671343419839474, -24.493284873746052 ], [ -66.671343419839474, -24.493554368331285 ], [ -66.671073925254248, -24.493554368331278 ], [ -66.671073925254248, -24.493823862916518 ], [ -66.670804430669008, -24.493823862916521 ], [ -66.670804430669008, -24.494362852086994 ], [ -66.670534936083769, -24.494362852087004 ], [ -66.670534936083769, -24.494632346672223 ], [ -66.670804430669008, -24.494632346672226 ], [ -66.670804430669008, -24.494901841257462 ], [ -66.671073925254248, -24.494901841257459 ], [ -66.671073925254248, -24.496518808768876 ], [ -66.670804430669008, -24.496518808768879 ], [ -66.670804430669008, -24.495979819598411 ], [ -66.670534936083769, -24.495979819598414 ], [ -66.670534936083769, -24.496518808768879 ], [ -66.670265441498529, -24.496518808768883 ], [ -66.670265441498529, -24.497866281695057 ], [ -66.670534936083769, -24.497866281695057 ], [ -66.670534936083769, -24.4981357762803 ], [ -66.670804430669008, -24.498135776280293 ], [ -66.670804430669008, -24.497596787109828 ], [ -66.671073925254248, -24.497596787109821 ], [ -66.671073925254248, -24.498405270865529 ], [ -66.671343419839474, -24.498405270865529 ], [ -66.671343419839474, -24.497327292524588 ], [ -66.671612914424713, -24.497327292524592 ], [ -66.671612914424713, -24.495710325013178 ], [ -66.671882409009953, -24.495710325013167 ], [ -66.671882409009953, -24.495171335842702 ], [ -66.672151903595193, -24.495171335842706 ], [ -66.672151903595193, -24.494362852087004 ], [ -66.672690892765658, -24.494362852086994 ], [ -66.672690892765658, -24.493284873746049 ], [ -66.672421398180418, -24.493284873746052 ], [ -66.672421398180418, -24.49247638999034 ], [ -66.672690892765658, -24.492476389990333 ], [ -66.672690892765658, -24.490050938723215 ], [ -66.672421398180418, -24.490050938723222 ], [ -66.672421398180418, -24.489511949552746 ], [ -66.672151903595193, -24.489511949552742 ], [ -66.672151903595193, -24.48789498204134 ], [ -66.671882409009953, -24.487894982041336 ], [ -66.671882409009953, -24.486817003700395 ], [ -66.671612914424713, -24.486817003700391 ], [ -66.671612914424713, -24.484930541603742 ], [ -66.671343419839474, -24.484930541603742 ], [ -66.671343419839474, -24.483583068677557 ], [ -66.671073925254248, -24.483583068677564 ], [ -66.671073925254248, -24.483044079507096 ], [ -66.670804430669008, -24.483044079507092 ], [ -66.670804430669008, -24.482505090336623 ], [ -66.670534936083769, -24.482505090336613 ], [ -66.670534936083769, -24.48223559575138 ], [ -66.670804430669008, -24.482235595751384 ], [ -66.670804430669008, -24.481966101166147 ], [ -66.670534936083769, -24.481966101166144 ], [ -66.670534936083769, -24.481696606580911 ], [ -66.670804430669008, -24.481696606580915 ], [ -66.670804430669008, -24.480349133654723 ], [ -66.670534936083769, -24.48034913365473 ], [ -66.670534936083769, -24.479271155313793 ], [ -66.670265441498529, -24.479271155313789 ], [ -66.670265441498529, -24.476576209461427 ], [ -66.670534936083769, -24.476576209461427 ], [ -66.670534936083769, -24.471455812341944 ], [ -66.670804430669008, -24.471455812341954 ], [ -66.670804430669008, -24.470647328586239 ], [ -66.671343419839474, -24.470647328586232 ], [ -66.671343419839474, -24.47010833941577 ], [ -66.671612914424713, -24.470108339415759 ], [ -66.671612914424713, -24.469838844830534 ], [ -66.671882409009953, -24.469838844830537 ], [ -66.671882409009953, -24.469569350245301 ], [ -66.672151903595193, -24.469569350245301 ], [ -66.672151903595193, -24.469030361074818 ], [ -66.672421398180418, -24.469030361074825 ], [ -66.672421398180418, -24.468760866489593 ], [ -66.672690892765658, -24.468760866489585 ], [ -66.672690892765658, -24.468221877319113 ], [ -66.672960387350898, -24.468221877319117 ], [ -66.672960387350898, -24.467682888148644 ], [ -66.673229881936123, -24.467682888148641 ], [ -66.673229881936123, -24.467413393563408 ], [ -66.673499376521363, -24.467413393563401 ], [ -66.673499376521363, -24.467143898978176 ], [ -66.673768871106603, -24.467143898978172 ], [ -66.673768871106603, -24.466604909807703 ], [ -66.674038365691843, -24.466604909807703 ], [ -66.674038365691843, -24.466335415222467 ], [ -66.674307860277068, -24.46633541522246 ], [ -66.674307860277068, -24.46606592063722 ], [ -66.674577354862308, -24.466065920637231 ], [ -66.674577354862308, -24.465526931466762 ], [ -66.674846849447547, -24.465526931466751 ], [ -66.674846849447547, -24.465257436881519 ], [ -66.675116344032787, -24.465257436881515 ], [ -66.675116344032787, -24.464987942296279 ], [ -66.675385838618013, -24.464987942296283 ], [ -66.675385838618013, -24.464718447711054 ], [ -66.675655333203252, -24.464718447711043 ], [ -66.675655333203252, -24.464179458540585 ], [ -66.676194322373718, -24.464179458540578 ], [ -66.676194322373718, -24.463909963955349 ], [ -66.676463816958957, -24.463909963955349 ], [ -66.676463816958957, -24.463640469370105 ], [ -66.677002806129437, -24.463640469370109 ], [ -66.677002806129437, -24.463370974784876 ], [ -66.677272300714662, -24.463370974784876 ], [ -66.677272300714662, -24.463101480199636 ], [ -66.677541795299902, -24.463101480199629 ], [ -66.677541795299902, -24.462831985614397 ], [ -66.678619773640847, -24.462831985614397 ], [ -66.678619773640847, -24.462562491029161 ], [ -66.678889268226087, -24.462562491029153 ], [ -66.678889268226087, -24.462292996443928 ], [ -66.679158762811312, -24.462292996443928 ], [ -66.679158762811312, -24.461754007273452 ], [ -66.679428257396552, -24.461754007273452 ], [ -66.679428257396552, -24.460945523517744 ], [ -66.679697751981791, -24.460945523517744 ], [ -66.679697751981791, -24.459867545176802 ], [ -66.679967246567031, -24.459867545176806 ], [ -66.679967246567031, -24.459059061421097 ], [ -66.680236741152257, -24.459059061421101 ], [ -66.680236741152257, -24.458789566835865 ], [ -66.681045224907976, -24.458789566835854 ], [ -66.681045224907976, -24.459328556006323 ], [ -66.680775730322736, -24.45932855600633 ], [ -66.680775730322736, -24.459867545176802 ], [ -66.681045224907976, -24.45986754517681 ], [ -66.681045224907976, -24.460137039762039 ], [ -66.681314719493201, -24.460137039762039 ], [ -66.681314719493201, -24.46121501810298 ], [ -66.681584214078441, -24.46121501810298 ], [ -66.681584214078441, -24.462023501858685 ], [ -66.681853708663681, -24.462023501858688 ], [ -66.681853708663681, -24.462562491029164 ], [ -66.682123203248906, -24.462562491029161 ], [ -66.682123203248906, -24.463101480199633 ], [ -66.682662192419386, -24.463101480199633 ], [ -66.682662192419386, -24.4628319856144 ], [ -66.682392697834146, -24.462831985614397 ], [ -66.682392697834146, -24.462562491029161 ], [ -66.682662192419386, -24.462562491029164 ], [ -66.682662192419386, -24.462023501858692 ], [ -66.682392697834146, -24.462023501858688 ], [ -66.682392697834146, -24.460676028932514 ], [ -66.682123203248906, -24.460676028932514 ], [ -66.682123203248906, -24.460137039762046 ], [ -66.682392697834146, -24.460137039762035 ], [ -66.682392697834146, -24.457172599324451 ], [ -66.682662192419386, -24.457172599324451 ], [ -66.682662192419386, -24.456364115568736 ], [ -66.682931687004626, -24.456364115568743 ], [ -66.682931687004626, -24.455825126398267 ], [ -66.683470676175091, -24.45582512639827 ], [ -66.683470676175091, -24.455555631813034 ], [ -66.683740170760331, -24.455555631813027 ], [ -66.683740170760331, -24.455286137227798 ], [ -66.68400966534557, -24.455286137227795 ], [ -66.68400966534557, -24.455016642642562 ], [ -66.684279159930796, -24.455016642642558 ], [ -66.684279159930796, -24.454747148057326 ], [ -66.684548654516036, -24.454747148057326 ], [ -66.684548654516036, -24.45447765347209 ], [ -66.685087643686501, -24.454477653472082 ], [ -66.685087643686501, -24.453938664301624 ], [ -66.684818149101275, -24.453938664301614 ], [ -66.684818149101275, -24.453399675131148 ], [ -66.684548654516036, -24.453399675131152 ], [ -66.684548654516036, -24.452591191375436 ], [ -66.68400966534557, -24.452591191375436 ], [ -66.68400966534557, -24.452860685960676 ], [ -66.683740170760331, -24.452860685960665 ], [ -66.683740170760331, -24.453130180545909 ], [ -66.683201181589851, -24.453130180545909 ], [ -66.683201181589851, -24.453399675131141 ], [ -66.682931687004626, -24.453399675131145 ], [ -66.682931687004626, -24.453669169716374 ], [ -66.682123203248906, -24.453669169716381 ], [ -66.682123203248906, -24.453399675131148 ], [ -66.681853708663681, -24.453399675131141 ], [ -66.681853708663681, -24.452860685960673 ], [ -66.681584214078441, -24.452860685960673 ], [ -66.681584214078441, -24.451782707619731 ], [ -66.681314719493201, -24.451782707619728 ], [ -66.681314719493201, -24.451243718449266 ], [ -66.681045224907976, -24.451243718449259 ], [ -66.681045224907976, -24.450704729278783 ], [ -66.680775730322736, -24.45070472927879 ], [ -66.680775730322736, -24.450165740108314 ], [ -66.680506235737496, -24.450165740108311 ], [ -66.680506235737496, -24.449357256352602 ], [ -66.680236741152257, -24.449357256352602 ], [ -66.680236741152257, -24.44908776176737 ], [ -66.679967246567031, -24.449087761767366 ], [ -66.679967246567031, -24.448548772596894 ], [ -66.679697751981791, -24.448548772596904 ], [ -66.679697751981791, -24.448279278011661 ], [ -66.679967246567031, -24.448279278011661 ], [ -66.679967246567031, -24.448009783426439 ], [ -66.680236741152257, -24.448009783426425 ], [ -66.680236741152257, -24.44693180508548 ], [ -66.679967246567031, -24.44693180508548 ], [ -66.679967246567031, -24.446392815915019 ], [ -66.679697751981791, -24.446392815915004 ], [ -66.679697751981791, -24.445853826744539 ], [ -66.679428257396552, -24.445853826744546 ], [ -66.679428257396552, -24.444236859233122 ], [ -66.679158762811312, -24.444236859233122 ], [ -66.679158762811312, -24.443158880892181 ], [ -66.678889268226087, -24.443158880892174 ], [ -66.678889268226087, -24.441811407966007 ], [ -66.678619773640847, -24.441811407966 ], [ -66.678619773640847, -24.440463935039812 ], [ -66.678350279055607, -24.44046393503983 ], [ -66.678350279055607, -24.440194440454587 ], [ -66.677811289885142, -24.440194440454587 ], [ -66.677811289885142, -24.43992494586935 ], [ -66.677541795299902, -24.439924945869343 ], [ -66.677541795299902, -24.439116462113649 ], [ -66.676733311544197, -24.439116462113638 ], [ -66.676733311544197, -24.438846967528406 ], [ -66.676463816958957, -24.438846967528406 ], [ -66.676463816958957, -24.439116462113645 ], [ -66.676194322373718, -24.439116462113649 ], [ -66.676194322373718, -24.439385956698882 ], [ -66.676463816958957, -24.439385956698885 ], [ -66.676463816958957, -24.439924945869347 ], [ -66.676733311544197, -24.43992494586935 ], [ -66.676733311544197, -24.440463935039819 ], [ -66.677002806129437, -24.440463935039823 ], [ -66.677002806129437, -24.442080902551236 ], [ -66.677272300714662, -24.44208090255124 ], [ -66.677272300714662, -24.442889386306945 ], [ -66.677541795299902, -24.442889386306948 ], [ -66.677541795299902, -24.443158880892181 ], [ -66.677272300714662, -24.443158880892177 ], [ -66.677272300714662, -24.445045342988838 ], [ -66.677541795299902, -24.445045342988841 ], [ -66.677541795299902, -24.445584332159303 ], [ -66.677811289885142, -24.445584332159303 ], [ -66.677811289885142, -24.44720129967072 ], [ -66.678080784470382, -24.447201299670724 ], [ -66.678080784470382, -24.447470794255949 ], [ -66.678350279055607, -24.447470794255953 ], [ -66.678350279055607, -24.448009783426425 ], [ -66.678619773640847, -24.448009783426425 ], [ -66.678619773640847, -24.448279278011661 ], [ -66.679158762811312, -24.448279278011661 ], [ -66.679158762811312, -24.448548772596894 ], [ -66.678889268226087, -24.448548772596897 ], [ -66.678889268226087, -24.448818267182137 ], [ -66.679158762811312, -24.448818267182144 ], [ -66.679158762811312, -24.44908776176737 ], [ -66.678619773640847, -24.449087761767373 ], [ -66.678619773640847, -24.449626750937838 ], [ -66.678889268226087, -24.449626750937838 ], [ -66.678889268226087, -24.45070472927879 ], [ -66.679158762811312, -24.450704729278787 ], [ -66.679158762811312, -24.453669169716381 ], [ -66.679428257396552, -24.453669169716377 ], [ -66.679428257396552, -24.453399675131148 ], [ -66.680236741152257, -24.453399675131145 ], [ -66.680236741152257, -24.453669169716381 ], [ -66.680775730322736, -24.453669169716381 ], [ -66.680775730322736, -24.453938664301614 ], [ -66.681045224907976, -24.453938664301617 ], [ -66.681045224907976, -24.454747148057329 ], [ -66.681314719493201, -24.454747148057322 ], [ -66.681314719493201, -24.455286137227798 ], [ -66.681584214078441, -24.455286137227795 ], [ -66.681584214078441, -24.456364115568732 ], [ -66.681045224907976, -24.456364115568743 ], [ -66.681045224907976, -24.456094620983507 ], [ -66.680775730322736, -24.456094620983507 ], [ -66.680775730322736, -24.455825126398263 ], [ -66.680506235737496, -24.455825126398267 ], [ -66.680506235737496, -24.455555631813034 ], [ -66.680775730322736, -24.455555631813027 ], [ -66.680775730322736, -24.45420815888685 ], [ -66.680506235737496, -24.454208158886853 ], [ -66.680506235737496, -24.453938664301621 ], [ -66.680236741152257, -24.453938664301617 ], [ -66.680236741152257, -24.454208158886853 ], [ -66.679158762811312, -24.45420815888685 ], [ -66.679158762811312, -24.454477653472097 ], [ -66.678889268226087, -24.45447765347209 ], [ -66.678889268226087, -24.457711588494924 ], [ -66.678619773640847, -24.45771158849492 ], [ -66.678619773640847, -24.458520072250614 ], [ -66.678350279055607, -24.458520072250625 ], [ -66.678350279055607, -24.45905906142109 ], [ -66.678080784470382, -24.459059061421094 ], [ -66.678080784470382, -24.459328556006334 ], [ -66.677811289885142, -24.459328556006334 ], [ -66.677811289885142, -24.459598050591559 ], [ -66.677541795299902, -24.45959805059157 ], [ -66.677541795299902, -24.45986754517681 ] ], [ [ -66.678350279055607, -24.45959805059157 ], [ -66.678350279055607, -24.459328556006334 ], [ -66.678619773640847, -24.459328556006341 ], [ -66.678619773640847, -24.45905906142109 ], [ -66.678889268226087, -24.459059061421097 ], [ -66.678889268226087, -24.460137039762042 ], [ -66.678619773640847, -24.460137039762035 ], [ -66.678619773640847, -24.460406534347271 ], [ -66.678350279055607, -24.460406534347275 ], [ -66.678350279055607, -24.460676028932514 ], [ -66.677811289885142, -24.460676028932522 ], [ -66.677811289885142, -24.459598050591559 ], [ -66.678350279055607, -24.45959805059157 ] ] ], [ [ [ -66.691286019146929, -24.459598050591566 ], [ -66.691286019146929, -24.459328556006337 ], [ -66.691016524561689, -24.459328556006341 ], [ -66.691016524561689, -24.45959805059157 ], [ -66.690477535391224, -24.459598050591563 ], [ -66.690477535391224, -24.460406534347275 ], [ -66.691286019146929, -24.460406534347271 ], [ -66.691286019146929, -24.460137039762042 ], [ -66.691555513732169, -24.460137039762035 ], [ -66.691555513732169, -24.459867545176799 ], [ -66.691825008317409, -24.459867545176813 ], [ -66.691825008317409, -24.459328556006326 ], [ -66.691555513732169, -24.459328556006334 ], [ -66.691555513732169, -24.45959805059157 ], [ -66.691286019146929, -24.459598050591566 ] ] ], [ [ [ -66.688052084124095, -24.458520072250622 ], [ -66.688052084124095, -24.459059061421094 ], [ -66.688591073294575, -24.459059061421101 ], [ -66.688591073294575, -24.45932855600633 ], [ -66.68913006246504, -24.459328556006334 ], [ -66.68913006246504, -24.459598050591566 ], [ -66.689938546220759, -24.459598050591566 ], [ -66.689938546220759, -24.459328556006334 ], [ -66.690208040805985, -24.459328556006334 ], [ -66.690208040805985, -24.458789566835854 ], [ -66.68939955705028, -24.458789566835861 ], [ -66.68939955705028, -24.458520072250622 ], [ -66.688860567879814, -24.458520072250622 ], [ -66.688860567879814, -24.458250577665396 ], [ -66.688321578709335, -24.458250577665389 ], [ -66.688321578709335, -24.458520072250618 ], [ -66.688052084124095, -24.458520072250622 ] ] ], [ [ [ -66.691825008317409, -24.456633610153968 ], [ -66.691825008317409, -24.457172599324444 ], [ -66.691555513732169, -24.457172599324441 ], [ -66.691555513732169, -24.457711588494924 ], [ -66.692094502902634, -24.45771158849492 ], [ -66.692094502902634, -24.459059061421097 ], [ -66.692633492073114, -24.459059061421094 ], [ -66.692633492073114, -24.458789566835861 ], [ -66.692902986658353, -24.458789566835858 ], [ -66.692902986658353, -24.458520072250618 ], [ -66.693172481243579, -24.458520072250622 ], [ -66.693172481243579, -24.457711588494924 ], [ -66.693441975828819, -24.457711588494917 ], [ -66.693441975828819, -24.457442093909691 ], [ -66.693172481243579, -24.45744209390968 ], [ -66.693172481243579, -24.457172599324444 ], [ -66.692363997487874, -24.457172599324451 ], [ -66.692363997487874, -24.456633610153975 ], [ -66.692902986658353, -24.456633610153975 ], [ -66.692902986658353, -24.456903104739215 ], [ -66.693172481243579, -24.456903104739215 ], [ -66.693172481243579, -24.456633610153975 ], [ -66.693441975828819, -24.456633610153979 ], [ -66.693441975828819, -24.456903104739215 ], [ -66.693980964999298, -24.456903104739212 ], [ -66.693980964999298, -24.456633610153975 ], [ -66.694250459584524, -24.456633610153975 ], [ -66.694250459584524, -24.456364115568732 ], [ -66.693980964999298, -24.456364115568743 ], [ -66.693980964999298, -24.455555631813027 ], [ -66.693711470414058, -24.455555631813034 ], [ -66.693711470414058, -24.455016642642562 ], [ -66.693172481243579, -24.455016642642562 ], [ -66.693172481243579, -24.454747148057322 ], [ -66.692902986658353, -24.454747148057326 ], [ -66.692902986658353, -24.455016642642555 ], [ -66.692633492073114, -24.455016642642562 ], [ -66.692633492073114, -24.455555631813031 ], [ -66.692094502902634, -24.455555631813034 ], [ -66.692094502902634, -24.456633610153968 ], [ -66.691825008317409, -24.456633610153968 ] ] ], [ [ [ -66.68724360036839, -24.453669169716377 ], [ -66.68724360036839, -24.45447765347209 ], [ -66.68751309495363, -24.454477653472093 ], [ -66.68751309495363, -24.455555631813031 ], [ -66.68778258953887, -24.455555631813034 ], [ -66.68778258953887, -24.456094620983507 ], [ -66.688052084124095, -24.456094620983503 ], [ -66.688052084124095, -24.456364115568739 ], [ -66.688321578709335, -24.456364115568743 ], [ -66.688321578709335, -24.456633610153979 ], [ -66.688052084124095, -24.456633610153968 ], [ -66.688052084124095, -24.45744209390968 ], [ -66.688321578709335, -24.457442093909687 ], [ -66.688321578709335, -24.456903104739215 ], [ -66.688591073294575, -24.456903104739215 ], [ -66.688591073294575, -24.457172599324451 ], [ -66.68913006246504, -24.457172599324444 ], [ -66.68913006246504, -24.456903104739212 ], [ -66.689669051635519, -24.456903104739215 ], [ -66.689669051635519, -24.456364115568743 ], [ -66.690208040805985, -24.456364115568743 ], [ -66.690208040805985, -24.4560946209835 ], [ -66.690747029976464, -24.456094620983507 ], [ -66.690747029976464, -24.456364115568743 ], [ -66.691286019146929, -24.456364115568739 ], [ -66.691286019146929, -24.456633610153968 ], [ -66.691555513732169, -24.456633610153975 ], [ -66.691555513732169, -24.456364115568739 ], [ -66.691825008317409, -24.456364115568736 ], [ -66.691825008317409, -24.455555631813027 ], [ -66.692094502902634, -24.455555631813034 ], [ -66.692094502902634, -24.455016642642565 ], [ -66.691016524561689, -24.455016642642569 ], [ -66.691016524561689, -24.454747148057326 ], [ -66.690747029976464, -24.454747148057326 ], [ -66.690747029976464, -24.455016642642569 ], [ -66.690477535391224, -24.455016642642562 ], [ -66.690477535391224, -24.454747148057326 ], [ -66.689938546220759, -24.454747148057326 ], [ -66.689938546220759, -24.455286137227795 ], [ -66.689669051635519, -24.455286137227791 ], [ -66.689669051635519, -24.45582512639827 ], [ -66.68913006246504, -24.45582512639827 ], [ -66.68913006246504, -24.456094620983503 ], [ -66.688591073294575, -24.456094620983507 ], [ -66.688591073294575, -24.455825126398263 ], [ -66.688321578709335, -24.455825126398263 ], [ -66.688321578709335, -24.455286137227798 ], [ -66.688860567879814, -24.455286137227795 ], [ -66.688860567879814, -24.454747148057326 ], [ -66.688591073294575, -24.454747148057329 ], [ -66.688591073294575, -24.45447765347209 ], [ -66.688321578709335, -24.45447765347209 ], [ -66.688321578709335, -24.454208158886857 ], [ -66.688052084124095, -24.454208158886853 ], [ -66.688052084124095, -24.453938664301617 ], [ -66.688321578709335, -24.453938664301621 ], [ -66.688321578709335, -24.453399675131148 ], [ -66.68778258953887, -24.453399675131148 ], [ -66.68778258953887, -24.453669169716381 ], [ -66.68724360036839, -24.453669169716377 ] ] ], [ [ [ -66.696945405436892, -24.452052202204971 ], [ -66.696945405436892, -24.451782707619731 ], [ -66.695597932510708, -24.451782707619731 ], [ -66.695597932510708, -24.452052202204971 ], [ -66.695058943340229, -24.452052202204964 ], [ -66.695058943340229, -24.452321696790197 ], [ -66.694519954169763, -24.452321696790197 ], [ -66.694519954169763, -24.452860685960669 ], [ -66.694789448755003, -24.452860685960673 ], [ -66.694789448755003, -24.453399675131148 ], [ -66.695328437925468, -24.453399675131141 ], [ -66.695328437925468, -24.453669169716385 ], [ -66.695867427095948, -24.453669169716385 ], [ -66.695867427095948, -24.454208158886853 ], [ -66.695597932510708, -24.45420815888685 ], [ -66.695597932510708, -24.454477653472086 ], [ -66.695867427095948, -24.45447765347209 ], [ -66.695867427095948, -24.455016642642562 ], [ -66.695597932510708, -24.455016642642558 ], [ -66.695597932510708, -24.455825126398263 ], [ -66.695867427095948, -24.45582512639827 ], [ -66.695867427095948, -24.455555631813038 ], [ -66.696136921681173, -24.455555631813034 ], [ -66.696136921681173, -24.455286137227795 ], [ -66.696406416266413, -24.455286137227795 ], [ -66.696406416266413, -24.455016642642558 ], [ -66.697214900022118, -24.455016642642562 ], [ -66.697214900022118, -24.454747148057322 ], [ -66.698023383777823, -24.454747148057326 ], [ -66.698023383777823, -24.454477653472086 ], [ -66.698562372948302, -24.45447765347209 ], [ -66.698562372948302, -24.454208158886853 ], [ -66.698831867533542, -24.454208158886853 ], [ -66.698831867533542, -24.453938664301617 ], [ -66.699370856704007, -24.453938664301617 ], [ -66.699370856704007, -24.453669169716377 ], [ -66.699909845874487, -24.453669169716381 ], [ -66.699909845874487, -24.453399675131145 ], [ -66.700448835044952, -24.453399675131145 ], [ -66.700448835044952, -24.453130180545912 ], [ -66.700718329630192, -24.453130180545909 ], [ -66.700718329630192, -24.452591191375436 ], [ -66.700179340459712, -24.45259119137544 ], [ -66.700179340459712, -24.4523216967902 ], [ -66.699370856704007, -24.4523216967902 ], [ -66.699370856704007, -24.452052202204968 ], [ -66.698831867533542, -24.452052202204964 ], [ -66.698831867533542, -24.451782707619728 ], [ -66.698023383777823, -24.451782707619731 ], [ -66.698023383777823, -24.451513213034499 ], [ -66.697484394607358, -24.451513213034499 ], [ -66.697484394607358, -24.452052202204964 ], [ -66.696945405436892, -24.452052202204971 ] ] ] ] } },
{ "type": "Feature", "properties": { "raster_value": 1, "overlap_with_reference": 0.72222222221398291, "bofedal_id": "10abe7a2-3848-51c1-871d-1e864b60b661" }, "geometry": { "type": "Polygon", "coordinates": [ [ [ -66.505604249919429, -24.647166281915723 ], [ -66.505604249919429, -24.647974765671435 ], [ -66.505334755334189, -24.647974765671432 ], [ -66.505334755334189, -24.648244260256668 ], [ -66.504795766163724, -24.648244260256661 ], [ -66.504795766163724, -24.647974765671432 ], [ -66.504526271578484, -24.647974765671442 ], [ -66.504526271578484, -24.648244260256668 ], [ -66.503987282408019, -24.648244260256668 ], [ -66.503987282408019, -24.648513754841897 ], [ -66.503717787822779, -24.648513754841904 ], [ -66.503717787822779, -24.647974765671425 ], [ -66.503987282408019, -24.647974765671428 ], [ -66.503987282408019, -24.647705271086195 ], [ -66.504526271578484, -24.647705271086203 ], [ -66.504526271578484, -24.647435776500963 ], [ -66.50506526074895, -24.647435776500959 ], [ -66.50506526074895, -24.647166281915723 ], [ -66.505604249919429, -24.647166281915723 ] ] ] } },
{ "type": "Feature", "properties": { "raster_value": 1, "overlap_with_reference": 0.60200668895261444, "bofedal_id": "63b6ecec-f69c-5281-9491-c5f8f19c844f" }, "geometry": { "type": "MultiPolygon", "coordinates": [ [ [ [ -66.488626091049568, -24.692171877650111 ], [ -66.488626091049568, -24.692441372235347 ], [ -66.488087101879103, -24.692441372235347 ], [ -66.488087101879103, -24.692710866820576 ], [ -66.487817607293863, -24.692710866820583 ], [ -66.487817607293863, -24.692980361405819 ], [ -66.487009123538158, -24.692980361405816 ], [ -66.487009123538158, -24.693249855991066 ], [ -66.485392156026734, -24.693249855991063 ], [ -66.485392156026734, -24.693519350576292 ], [ -66.485122661441508, -24.693519350576285 ], [ -66.485122661441508, -24.694058339746761 ], [ -66.485392156026734, -24.694058339746768 ], [ -66.485392156026734, -24.694597328917236 ], [ -66.485661650611974, -24.694597328917236 ], [ -66.485661650611974, -24.695136318087705 ], [ -66.485392156026734, -24.695136318087702 ], [ -66.485392156026734, -24.694866823502473 ], [ -66.485122661441508, -24.694866823502473 ], [ -66.485122661441508, -24.695136318087712 ], [ -66.484853166856269, -24.695136318087709 ], [ -66.484853166856269, -24.695405812672949 ], [ -66.484583672271029, -24.695405812672941 ], [ -66.484583672271029, -24.695675307258174 ], [ -66.484314177685789, -24.695675307258178 ], [ -66.484314177685789, -24.695944801843414 ], [ -66.483505693930084, -24.695944801843421 ], [ -66.483505693930084, -24.696214296428646 ], [ -66.482427715589139, -24.69621429642865 ], [ -66.482427715589139, -24.696483791013883 ], [ -66.482697210174379, -24.696483791013883 ], [ -66.482697210174379, -24.696753285599119 ], [ -66.483236199344844, -24.696753285599119 ], [ -66.483236199344844, -24.697022780184355 ], [ -66.483775188515324, -24.697022780184355 ], [ -66.483775188515324, -24.698639747695776 ], [ -66.484044683100564, -24.698639747695776 ], [ -66.484044683100564, -24.698370253110539 ], [ -66.484314177685789, -24.698370253110539 ], [ -66.484314177685789, -24.698639747695772 ], [ -66.484853166856269, -24.698639747695776 ], [ -66.484853166856269, -24.698370253110536 ], [ -66.485661650611974, -24.698370253110539 ], [ -66.485661650611974, -24.697561769354824 ], [ -66.485931145197213, -24.697561769354827 ], [ -66.485931145197213, -24.697292274769595 ], [ -66.486200639782439, -24.697292274769595 ], [ -66.486200639782439, -24.697022780184358 ], [ -66.486470134367678, -24.697022780184355 ], [ -66.486470134367678, -24.696483791013883 ], [ -66.487009123538158, -24.69648379101389 ], [ -66.487009123538158, -24.696214296428654 ], [ -66.487548112708623, -24.696214296428654 ], [ -66.487548112708623, -24.695675307258174 ], [ -66.487278618123383, -24.695675307258181 ], [ -66.487278618123383, -24.695405812672941 ], [ -66.487817607293863, -24.695405812672945 ], [ -66.487817607293863, -24.694866823502466 ], [ -66.488087101879103, -24.694866823502473 ], [ -66.488087101879103, -24.694597328917229 ], [ -66.488356596464328, -24.694597328917236 ], [ -66.488356596464328, -24.694327834332004 ], [ -66.488626091049568, -24.694327834332004 ], [ -66.488626091049568, -24.693788845161528 ], [ -66.488895585634808, -24.693788845161524 ], [ -66.488895585634808, -24.693249855991063 ], [ -66.489165080220033, -24.693249855991063 ], [ -66.489165080220033, -24.69298036140583 ], [ -66.489434574805273, -24.692980361405823 ], [ -66.489434574805273, -24.69271086682059 ], [ -66.489165080220033, -24.692710866820583 ], [ -66.489165080220033, -24.692441372235347 ], [ -66.489704069390513, -24.692441372235351 ], [ -66.489704069390513, -24.692171877650122 ], [ -66.488626091049568, -24.692171877650111 ] ] ], [ [ [ -66.483236199344844, -24.692441372235351 ], [ -66.483236199344844, -24.692980361405823 ], [ -66.482966704759619, -24.692980361405823 ], [ -66.482966704759619, -24.693249855991052 ], [ -66.482697210174379, -24.693249855991063 ], [ -66.482697210174379, -24.693519350576295 ], [ -66.481888726418674, -24.693519350576285 ], [ -66.481888726418674, -24.693788845161528 ], [ -66.481619231833434, -24.693788845161524 ], [ -66.481619231833434, -24.694327834331997 ], [ -66.481888726418674, -24.694327834332004 ], [ -66.481888726418674, -24.694866823502469 ], [ -66.483236199344844, -24.694866823502469 ], [ -66.483236199344844, -24.694597328917233 ], [ -66.483775188515324, -24.694597328917236 ], [ -66.483775188515324, -24.694327834331993 ], [ -66.484314177685789, -24.694327834332 ], [ -66.484314177685789, -24.694058339746757 ], [ -66.484583672271029, -24.694058339746757 ], [ -66.484583672271029, -24.693788845161531 ], [ -66.484853166856269, -24.693788845161528 ], [ -66.484853166856269, -24.693519350576295 ], [ -66.484583672271029, -24.693519350576288 ], [ -66.484583672271029, -24.692980361405823 ], [ -66.484314177685789, -24.692980361405819 ], [ -66.484314177685789, -24.69271086682058 ], [ -66.484044683100564, -24.692710866820587 ], [ -66.484044683100564, -24.692441372235354 ], [ -66.483236199344844, -24.692441372235351 ] ] ] ] } },
{ "type": "Feature", "properties": { "raster_value": 1, "overlap_with_reference": 0.50000000000027467, "bofedal_id": "10977e30-21e6-5d39-81cc-84e72d57eef9" }, "geometry": { "type": "Polygon", "coordinates": [ [ [ -68.046843782883286, -24.723433249537482 ], [ -68.046843782883286, -24.723702744122715 ], [ -68.047382772053766, -24.723702744122708 ], [ -68.047382772053766, -24.723972238707944 ], [ -68.047652266638991, -24.723972238707944 ], [ -68.047652266638991, -24.724241733293177 ], [ -68.047921761224231, -24.72424173329318 ], [ -68.047921761224231, -24.724780722463652 ], [ -68.047652266638991, -24.724780722463652 ], [ -68.047652266638991, -24.725050217048889 ], [ -68.047382772053766, -24.725050217048889 ], [ -68.047382772053766, -24.72478072246366 ], [ -68.046843782883286, -24.724780722463656 ], [ -68.046843782883286, -24.724511227878413 ], [ -68.046304793712821, -24.724511227878416 ], [ -68.046304793712821, -24.723972238707947 ], [ -68.046035299127581, -24.723972238707944 ], [ -68.046035299127581, -24.723433249537468 ], [ -68.046843782883286, -24.723433249537482 ] ] ] } },
{ "type": "Feature", "properties": { "raster_value": 1, "overlap_with_reference": 0.83431952661054121, "bofedal_id": "4cda0f5d-2648-5f05-8b9f-8052ecd7f401" }, "geometry": { "type": "Polygon", "coordinates": [ [ [ -66.510455152453673, -24.763048953567143 ], [ -66.510455152453673, -24.763318448152376 ], [ -66.511263636209392, -24.763318448152372 ], [ -66.511263636209392, -24.763587942737619 ], [ -66.511533130794618, -24.763587942737615 ], [ -66.511533130794618, -24.763857437322851 ], [ -66.511802625379858, -24.763857437322851 ], [ -66.511802625379858, -24.764126931908091 ], [ -66.512072119965083, -24.764126931908077 ], [ -66.512072119965083, -24.76466592107856 ], [ -66.512341614550337, -24.764665921078556 ], [ -66.512341614550337, -24.764935415663789 ], [ -66.511533130794618, -24.764935415663786 ], [ -66.511533130794618, -24.765204910249032 ], [ -66.510994141624138, -24.765204910249029 ], [ -66.510994141624138, -24.765474404834261 ], [ -66.510724647038913, -24.765474404834265 ], [ -66.510724647038913, -24.765743899419494 ], [ -66.510185657868448, -24.765743899419501 ], [ -66.510185657868448, -24.766013394004734 ], [ -66.509646668697968, -24.76601339400473 ], [ -66.509646668697968, -24.766282888589977 ], [ -66.509107679527503, -24.766282888589966 ], [ -66.509107679527503, -24.76655238317521 ], [ -66.508568690357023, -24.766552383175206 ], [ -66.508568690357023, -24.766821877760439 ], [ -66.508299195771784, -24.766821877760449 ], [ -66.508299195771784, -24.767091372345682 ], [ -66.508029701186558, -24.767091372345675 ], [ -66.508029701186558, -24.766821877760442 ], [ -66.506951722845614, -24.766821877760442 ], [ -66.506951722845614, -24.76655238317521 ], [ -66.506682228260374, -24.76655238317521 ], [ -66.506682228260374, -24.766282888589966 ], [ -66.507490712016079, -24.76628288858997 ], [ -66.507490712016079, -24.766013394004734 ], [ -66.508029701186558, -24.766013394004737 ], [ -66.508029701186558, -24.765743899419494 ], [ -66.507760206601318, -24.765743899419505 ], [ -66.507760206601318, -24.765474404834272 ], [ -66.507490712016079, -24.765474404834265 ], [ -66.507490712016079, -24.764935415663789 ], [ -66.507760206601318, -24.764935415663793 ], [ -66.507760206601318, -24.764396426493331 ], [ -66.507490712016079, -24.764396426493324 ], [ -66.507490712016079, -24.764126931908088 ], [ -66.507221217430839, -24.764126931908084 ], [ -66.507221217430839, -24.763857437322851 ], [ -66.507490712016079, -24.763857437322844 ], [ -66.507490712016079, -24.763587942737615 ], [ -66.508568690357023, -24.763587942737619 ], [ -66.508568690357023, -24.763318448152368 ], [ -66.508838184942263, -24.763318448152376 ], [ -66.508838184942263, -24.763048953567143 ], [ -66.510455152453673, -24.763048953567143 ] ] ] } },
{ "type": "Feature", "properties": { "raster_value": 1, "overlap_with_reference": 0.81632653058189963, "bofedal_id": "448c4c31-0f1a-56f5-800f-48e7b617479e" }, "geometry": { "type": "Polygon", "coordinates": [ [ [ -66.660563636430041, -24.902916643304547 ], [ -66.660563636430041, -24.90318613788979 ], [ -66.66110262560052, -24.903186137889783 ], [ -66.66110262560052, -24.903455632475023 ], [ -66.661372120185746, -24.90345563247503 ], [ -66.661372120185746, -24.903725127060259 ], [ -66.661911109356225, -24.903725127060259 ], [ -66.661911109356225, -24.903994621645495 ], [ -66.662180603941465, -24.903994621645495 ], [ -66.662180603941465, -24.904264116230731 ], [ -66.661641614770986, -24.904264116230735 ], [ -66.661641614770986, -24.903994621645491 ], [ -66.661372120185746, -24.903994621645491 ], [ -66.661372120185746, -24.904264116230735 ], [ -66.660294141844815, -24.904264116230742 ], [ -66.660294141844815, -24.904533610815964 ], [ -66.657868690577686, -24.904533610815974 ], [ -66.657868690577686, -24.904264116230738 ], [ -66.656790712236742, -24.904264116230728 ], [ -66.656790712236742, -24.903994621645488 ], [ -66.656251723066276, -24.903994621645488 ], [ -66.656251723066276, -24.903725127060259 ], [ -66.655982228481037, -24.903725127060266 ], [ -66.655982228481037, -24.90318613788979 ], [ -66.657060206821981, -24.903186137889783 ], [ -66.657060206821981, -24.90291664330455 ], [ -66.657868690577686, -24.90291664330455 ], [ -66.657868690577686, -24.903186137889776 ], [ -66.658677174333391, -24.903186137889787 ], [ -66.658677174333391, -24.902916643304554 ], [ -66.660563636430041, -24.902916643304547 ] ] ] } },
{ "type": "Feature", "properties": { "raster_value": 1, "overlap_with_reference": 0.5555555555041668, "bofedal_id": "971fd867-195a-5185-ac58-e44a697660f2" }, "geometry": { "type": "Polygon", "coordinates": [ [ [ -66.638734575025936, -24.910462491691156 ], [ -66.638734575025936, -24.910731986276392 ], [ -66.639004069611175, -24.910731986276385 ], [ -66.639004069611175, -24.911001480861625 ], [ -66.638195585855485, -24.911001480861628 ], [ -66.638195585855485, -24.911270975446854 ], [ -66.637656596684991, -24.911270975446861 ], [ -66.637656596684991, -24.911540470032097 ], [ -66.637387102099765, -24.911540470032097 ], [ -66.637387102099765, -24.912348953787813 ], [ -66.63711760751454, -24.912348953787813 ], [ -66.63711760751454, -24.912618448373046 ], [ -66.636848112929286, -24.912618448373042 ], [ -66.636848112929286, -24.911809964617337 ], [ -66.63711760751454, -24.911809964617333 ], [ -66.63711760751454, -24.911270975446858 ], [ -66.637387102099765, -24.911270975446865 ], [ -66.637387102099765, -24.911001480861625 ], [ -66.637926091270231, -24.911001480861621 ], [ -66.637926091270231, -24.910462491691153 ], [ -66.638734575025936, -24.910462491691156 ] ] ] } },
{ "type": "Feature", "properties": { "raster_value": 1, "overlap_with_reference": 0.92857142851207175, "bofedal_id": "fc35e1a4-563a-530d-bfda-dc48b9c63a2b" }, "geometry": { "type": "Polygon", "coordinates": [ [ [ -66.301866343481123, -24.933639026021446 ], [ -66.301866343481123, -24.934447509777151 ], [ -66.302135838066349, -24.934447509777147 ], [ -66.302135838066349, -24.935255993532863 ], [ -66.301866343481123, -24.935255993532856 ], [ -66.301866343481123, -24.934986498947623 ], [ -66.301057859725418, -24.934986498947616 ], [ -66.301057859725418, -24.934717004362376 ], [ -66.301596848895883, -24.934717004362387 ], [ -66.301596848895883, -24.934447509777144 ], [ -66.301327354310644, -24.934447509777154 ], [ -66.301327354310644, -24.934178015191904 ], [ -66.300788365140178, -24.934178015191922 ], [ -66.300788365140178, -24.933908520606671 ], [ -66.301596848895883, -24.933908520606685 ], [ -66.301596848895883, -24.933639026021442 ], [ -66.301866343481123, -24.933639026021446 ] ] ] } },
{ "type": "Feature", "properties": { "raster_value": 1, "overlap_with_reference": 0.65060240961973115, "bofedal_id": "7be39eaa-c52c-5293-b6da-8b715fb0c4db" }, "geometry": { "type": "MultiPolygon", "coordinates": [ [ [ [ -66.676194322373718, -24.94900021737989 ], [ -66.676194322373718, -24.949269711965133 ], [ -66.675385838618013, -24.949269711965123 ], [ -66.675385838618013, -24.949539206550366 ], [ -66.674846849447547, -24.949539206550362 ], [ -66.674846849447547, -24.949808701135588 ], [ -66.674307860277068, -24.949808701135598 ], [ -66.674307860277068, -24.950078195720831 ], [ -66.674038365691843, -24.950078195720813 ], [ -66.674038365691843, -24.950347690306067 ], [ -66.673768871106603, -24.95034769030606 ], [ -66.673768871106603, -24.950617184891303 ], [ -66.673499376521363, -24.950617184891296 ], [ -66.673499376521363, -24.950886679476532 ], [ -66.673229881936123, -24.950886679476529 ], [ -66.673229881936123, -24.951156174061779 ], [ -66.672960387350898, -24.951156174061779 ], [ -66.672960387350898, -24.951695163232237 ], [ -66.672690892765658, -24.951695163232237 ], [ -66.672690892765658, -24.952234152402717 ], [ -66.672960387350898, -24.95223415240271 ], [ -66.672960387350898, -24.95250364698795 ], [ -66.673768871106603, -24.952503646987946 ], [ -66.673768871106603, -24.95223415240272 ], [ -66.674038365691843, -24.952234152402706 ], [ -66.674038365691843, -24.951964657817484 ], [ -66.674307860277068, -24.951964657817488 ], [ -66.674307860277068, -24.951695163232245 ], [ -66.674577354862308, -24.951695163232245 ], [ -66.674577354862308, -24.951425668647008 ], [ -66.674846849447547, -24.951425668647008 ], [ -66.674846849447547, -24.951156174061776 ], [ -66.675116344032787, -24.951156174061772 ], [ -66.675116344032787, -24.950617184891303 ], [ -66.675385838618013, -24.950617184891293 ], [ -66.675385838618013, -24.950078195720831 ], [ -66.675924827788492, -24.950078195720828 ], [ -66.675924827788492, -24.949808701135595 ], [ -66.676194322373718, -24.949808701135584 ], [ -66.676194322373718, -24.949539206550362 ], [ -66.676463816958957, -24.949539206550359 ], [ -66.676463816958957, -24.94900021737989 ], [ -66.676194322373718, -24.94900021737989 ] ] ], [ [ [ -66.677272300714662, -24.94900021737989 ], [ -66.677272300714662, -24.948730722794654 ], [ -66.677541795299902, -24.948730722794654 ], [ -66.677541795299902, -24.948461228209407 ], [ -66.678350279055607, -24.948461228209418 ], [ -66.678350279055607, -24.948191733624178 ], [ -66.678619773640847, -24.948191733624178 ], [ -66.678619773640847, -24.947922239038938 ], [ -66.677811289885142, -24.947922239038945 ], [ -66.677811289885142, -24.947652744453706 ], [ -66.677541795299902, -24.947652744453702 ], [ -66.677541795299902, -24.947922239038938 ], [ -66.677272300714662, -24.947922239038945 ], [ -66.677272300714662, -24.948191733624174 ], [ -66.677002806129437, -24.948191733624174 ], [ -66.677002806129437, -24.948730722794654 ], [ -66.676463816958957, -24.94873072279465 ], [ -66.676463816958957, -24.94900021737989 ], [ -66.677272300714662, -24.94900021737989 ] ] ] ] } },
{ "type": "Feature", "properties": { "raster_value": 1, "overlap_with_reference": 0.64999999996878954, "bofedal_id": "99353376-cc31-57ba-a5bf-ac00711c5a1f" }, "geometry": { "type": "Polygon", "coordinates": [ [ [ -66.851365802777025, -24.963822419567858 ], [ -66.851365802777025, -24.96463090332357 ], [ -66.85082681360656, -24.96463090332357 ], [ -66.85082681360656, -24.964900397908799 ], [ -66.85055731902132, -24.964900397908803 ], [ -66.85055731902132, -24.964630903323567 ], [ -66.849748835265615, -24.964630903323556 ], [ -66.849748835265615, -24.964361408738327 ], [ -66.849479340680375, -24.964361408738331 ], [ -66.849479340680375, -24.964091914153091 ], [ -66.849748835265615, -24.964091914153094 ], [ -66.849748835265615, -24.963822419567851 ], [ -66.851365802777025, -24.963822419567858 ] ] ] } },
{ "type": "Feature", "properties": { "raster_value": 1, "overlap_with_reference": 0.88235294116518115, "bofedal_id": "fb88b57c-6010-53a0-b521-31d5f319f5f3" }, "geometry": { "type": "Polygon", "coordinates": [ [ [ -66.55060984565381, -25.109888484765694 ], [ -66.55060984565381, -25.110966463106639 ], [ -66.550340351068584, -25.110966463106639 ], [ -66.550340351068584, -25.111235957691868 ], [ -66.550070856483345, -25.111235957691875 ], [ -66.550070856483345, -25.111505452277108 ], [ -66.549801361898105, -25.111505452277108 ], [ -66.549801361898105, -25.11204444144758 ], [ -66.5489928781424, -25.112044441447576 ], [ -66.5489928781424, -25.111774946862344 ], [ -66.549531867312865, -25.111774946862337 ], [ -66.549531867312865, -25.110966463106632 ], [ -66.549801361898105, -25.110966463106635 ], [ -66.549801361898105, -25.110696968521399 ], [ -66.550070856483345, -25.110696968521403 ], [ -66.550070856483345, -25.110157979350927 ], [ -66.550340351068584, -25.110157979350916 ], [ -66.550340351068584, -25.10988848476569 ], [ -66.55060984565381, -25.109888484765694 ] ] ] } },
{ "type": "Feature", "properties": { "raster_value": 1, "overlap_with_reference": 0.53763440858775513, "bofedal_id": "bcf10333-d4a1-51c3-a01e-fa071ea6770d" }, "geometry": { "type": "Polygon", "coordinates": [ [ [ -66.648166885509198, -25.362674405716923 ], [ -66.648166885509198, -25.362943900302163 ], [ -66.648705874679663, -25.36294390030216 ], [ -66.648705874679663, -25.363482889472632 ], [ -66.648975369264903, -25.363482889472632 ], [ -66.648975369264903, -25.363752384057868 ], [ -66.649244863850143, -25.363752384057872 ], [ -66.649244863850143, -25.36429137322834 ], [ -66.649514358435368, -25.364291373228337 ], [ -66.649514358435368, -25.364560867813573 ], [ -66.649783853020608, -25.364560867813587 ], [ -66.649783853020608, -25.364830362398816 ], [ -66.650322842191088, -25.364830362398816 ], [ -66.650322842191088, -25.365099856984049 ], [ -66.650592336776313, -25.365099856984049 ], [ -66.650592336776313, -25.365369351569282 ], [ -66.651670315117258, -25.365369351569285 ], [ -66.651670315117258, -25.365638846154518 ], [ -66.652478798872963, -25.365638846154521 ], [ -66.652478798872963, -25.365908340739754 ], [ -66.652748293458203, -25.365908340739757 ], [ -66.652748293458203, -25.366716824495469 ], [ -66.652209304287737, -25.366716824495462 ], [ -66.652209304287737, -25.366986319080699 ], [ -66.651670315117258, -25.366986319080702 ], [ -66.651670315117258, -25.366716824495459 ], [ -66.650861831361553, -25.366716824495466 ], [ -66.650861831361553, -25.36644732991023 ], [ -66.650053347605848, -25.366447329910226 ], [ -66.650053347605848, -25.366177835324994 ], [ -66.649783853020608, -25.36617783532499 ], [ -66.649783853020608, -25.36590834073975 ], [ -66.649514358435368, -25.365908340739754 ], [ -66.649514358435368, -25.365638846154518 ], [ -66.649244863850143, -25.365638846154525 ], [ -66.649244863850143, -25.365099856984049 ], [ -66.648705874679663, -25.365099856984052 ], [ -66.648705874679663, -25.36483036239882 ], [ -66.648436380094438, -25.364830362398816 ], [ -66.648436380094438, -25.364560867813569 ], [ -66.648166885509198, -25.364560867813577 ], [ -66.648166885509198, -25.364021878643104 ], [ -66.647897390923958, -25.364021878643101 ], [ -66.647897390923958, -25.363213394887396 ], [ -66.647627896338719, -25.363213394887396 ], [ -66.647627896338719, -25.362674405716927 ], [ -66.648166885509198, -25.362674405716923 ] ] ] } },
{ "type": "Feature", "properties": { "raster_value": 1, "overlap_with_reference": 0.81249999996130107, "bofedal_id": "5822932f-3541-54d2-979e-ced8271ac7ed" }, "geometry": { "type": "Polygon", "coordinates": [ [ [ -66.552226813165234, -25.405524044769422 ], [ -66.552226813165234, -25.405793539354658 ], [ -66.552496307750459, -25.405793539354665 ], [ -66.552496307750459, -25.406063033939898 ], [ -66.552765802335699, -25.406063033939898 ], [ -66.552765802335699, -25.407410506866075 ], [ -66.552496307750459, -25.407410506866075 ], [ -66.552496307750459, -25.407141012280846 ], [ -66.551957318579994, -25.407141012280842 ], [ -66.551957318579994, -25.405524044769418 ], [ -66.552226813165234, -25.405524044769422 ] ] ] } },
{ "type": "Feature", "properties": { "raster_value": 1, "overlap_with_reference": 0.55072463765887913, "bofedal_id": "c49d4839-43eb-5a2e-883a-cfb678a0b3df" }, "geometry": { "type": "Polygon", "coordinates": [ [ [ -66.68400966534557, -25.431126030366826 ], [ -66.68400966534557, -25.431395524952077 ], [ -66.683470676175091, -25.431395524952062 ], [ -66.683470676175091, -25.431665019537299 ], [ -66.683201181589851, -25.431665019537302 ], [ -66.683201181589851, -25.431934514122542 ], [ -66.683470676175091, -25.431934514122531 ], [ -66.683470676175091, -25.432473503293004 ], [ -66.681853708663681, -25.432473503293004 ], [ -66.681853708663681, -25.432742997878243 ], [ -66.682123203248906, -25.432742997878247 ], [ -66.682123203248906, -25.433012492463487 ], [ -66.681853708663681, -25.433012492463487 ], [ -66.681853708663681, -25.433820976219188 ], [ -66.681584214078441, -25.433820976219184 ], [ -66.681584214078441, -25.433281987048712 ], [ -66.681045224907976, -25.433281987048719 ], [ -66.681045224907976, -25.432742997878243 ], [ -66.680775730322736, -25.432742997878243 ], [ -66.680775730322736, -25.432473503293018 ], [ -66.680506235737496, -25.432473503293011 ], [ -66.680506235737496, -25.43112603036683 ], [ -66.68400966534557, -25.431126030366826 ] ] ] } },
{ "type": "Feature", "properties": { "raster_value": 1, "overlap_with_reference": 0.65625000000374989, "bofedal_id": "6c61cd9f-9dfd-5afb-ae92-19c127991805" }, "geometry": { "type": "Polygon", "coordinates": [ [ [ -68.139549920204431, -25.503081084624807 ], [ -68.139549920204431, -25.503350579210032 ], [ -68.140627898545375, -25.503350579210043 ], [ -68.140627898545375, -25.503620073795279 ], [ -68.141166887715841, -25.503620073795279 ], [ -68.141166887715841, -25.503889568380512 ], [ -68.14143638230108, -25.503889568380508 ], [ -68.14143638230108, -25.504159062965748 ], [ -68.141705876886306, -25.504159062965751 ], [ -68.141705876886306, -25.50469805213622 ], [ -68.14143638230108, -25.504698052136217 ], [ -68.14143638230108, -25.504428557550987 ], [ -68.140897393130601, -25.50442855755098 ], [ -68.140897393130601, -25.504159062965751 ], [ -68.140358403960136, -25.504159062965751 ], [ -68.140358403960136, -25.503889568380515 ], [ -68.140088909374896, -25.503889568380508 ], [ -68.140088909374896, -25.504159062965744 ], [ -68.139549920204431, -25.504159062965748 ], [ -68.139549920204431, -25.503889568380512 ], [ -68.139010931033951, -25.503889568380508 ], [ -68.139010931033951, -25.504159062965755 ], [ -68.138741436448711, -25.504159062965751 ], [ -68.138741436448711, -25.503889568380522 ], [ -68.138471941863486, -25.503889568380504 ], [ -68.138471941863486, -25.504159062965744 ], [ -68.138202447278246, -25.504159062965755 ], [ -68.138202447278246, -25.504967546721453 ], [ -68.137932952693006, -25.504967546721453 ], [ -68.137932952693006, -25.505506535891922 ], [ -68.137393963522541, -25.505506535891922 ], [ -68.137393963522541, -25.505237041306692 ], [ -68.137124468937301, -25.505237041306685 ], [ -68.137124468937301, -25.50496754672146 ], [ -68.136854974352062, -25.504967546721453 ], [ -68.136854974352062, -25.504159062965744 ], [ -68.137124468937301, -25.504159062965741 ], [ -68.137124468937301, -25.503889568380504 ], [ -68.137393963522541, -25.503889568380519 ], [ -68.137393963522541, -25.503620073795279 ], [ -68.137932952693006, -25.503620073795275 ], [ -68.137932952693006, -25.503350579210043 ], [ -68.138471941863486, -25.503350579210039 ], [ -68.138471941863486, -25.503081084624807 ], [ -68.139549920204431, -25.503081084624807 ] ] ] } },
{ "type": "Feature", "properties": { "raster_value": 1, "overlap_with_reference": 0.52941176469446716, "bofedal_id": "57edddae-203b-5fa7-a98a-10434f3aecc7" }, "geometry": { "type": "Polygon", "coordinates": [ [ [ -66.742759484926978, -25.52032873807989 ], [ -66.742759484926978, -25.520598232665133 ], [ -66.743028979512218, -25.520598232665133 ], [ -66.743028979512218, -25.521676211006081 ], [ -66.742759484926978, -25.521676211006078 ], [ -66.742759484926978, -25.522215200176547 ], [ -66.742220495756513, -25.522215200176557 ], [ -66.742220495756513, -25.523023683932252 ], [ -66.741681506586033, -25.523023683932252 ], [ -66.741681506586033, -25.52086772725038 ], [ -66.741951001171273, -25.520867727250373 ], [ -66.741951001171273, -25.520598232665137 ], [ -66.742489990341738, -25.52059823266513 ], [ -66.742489990341738, -25.520328738079897 ], [ -66.742759484926978, -25.52032873807989 ] ] ] } },
{ "type": "Feature", "properties": { "raster_value": 1, "overlap_with_reference": 0.62299465240224305, "bofedal_id": "17a1a841-b4ad-5b41-a1bc-e9ceefcf0790" }, "geometry": { "type": "MultiPolygon", "coordinates": [ [ [ [ -67.063188546772409, -25.569376752592827 ], [ -67.063188546772409, -25.56964624717806 ], [ -67.062649557601944, -25.569646247178053 ], [ -67.062649557601944, -25.569915741763303 ], [ -67.062110568431464, -25.569915741763303 ], [ -67.062110568431464, -25.570185236348543 ], [ -67.061841073846239, -25.570185236348536 ], [ -67.061841073846239, -25.570724225518994 ], [ -67.061302084675759, -25.570724225519001 ], [ -67.061302084675759, -25.571263214689473 ], [ -67.061571579260999, -25.571263214689477 ], [ -67.061571579260999, -25.570993720104234 ], [ -67.062110568431464, -25.570993720104244 ], [ -67.062110568431464, -25.570724225518997 ], [ -67.062380063016704, -25.570724225519001 ], [ -67.062380063016704, -25.570454730933765 ], [ -67.062919052187183, -25.570454730933765 ], [ -67.062919052187183, -25.570185236348532 ], [ -67.065075008869059, -25.570185236348536 ], [ -67.065075008869059, -25.570454730933761 ], [ -67.065883492624778, -25.570454730933772 ], [ -67.065883492624778, -25.570724225519001 ], [ -67.066691976380483, -25.570724225519001 ], [ -67.066691976380483, -25.570454730933765 ], [ -67.066152987210003, -25.570454730933768 ], [ -67.066152987210003, -25.570185236348539 ], [ -67.065344503454298, -25.570185236348532 ], [ -67.065344503454298, -25.569915741763293 ], [ -67.064805514283833, -25.569915741763296 ], [ -67.064805514283833, -25.569646247178053 ], [ -67.064266525113354, -25.569646247178067 ], [ -67.064266525113354, -25.569376752592813 ], [ -67.063188546772409, -25.569376752592827 ] ] ], [ [ [ -67.08043620022751, -25.559674947524329 ], [ -67.08016670564227, -25.559674947524336 ], [ -67.08016670564227, -25.559944442109572 ], [ -67.07989721105703, -25.559944442109565 ], [ -67.07989721105703, -25.560213936694808 ], [ -67.079627716471805, -25.560213936694808 ], [ -67.079627716471805, -25.560483431280055 ], [ -67.079358221886565, -25.560483431280048 ], [ -67.079358221886565, -25.560752925865277 ], [ -67.079088727301325, -25.56075292586528 ], [ -67.079088727301325, -25.561291915035753 ], [ -67.0788192327161, -25.561291915035753 ], [ -67.0788192327161, -25.561561409620989 ], [ -67.07854973813086, -25.561561409620982 ], [ -67.07854973813086, -25.562100398791461 ], [ -67.07828024354562, -25.562100398791458 ], [ -67.07828024354562, -25.562369893376697 ], [ -67.078010748960381, -25.562369893376697 ], [ -67.078010748960381, -25.562908882547166 ], [ -67.077741254375155, -25.56290888254717 ], [ -67.077741254375155, -25.563447871717639 ], [ -67.077471759789915, -25.563447871717642 ], [ -67.077471759789915, -25.563717366302875 ], [ -67.077202265204676, -25.563717366302868 ], [ -67.077202265204676, -25.563986860888107 ], [ -67.076932770619436, -25.563986860888114 ], [ -67.076932770619436, -25.564256355473351 ], [ -67.076393781448971, -25.564256355473347 ], [ -67.076393781448971, -25.564525850058573 ], [ -67.075585297693266, -25.56452585005858 ], [ -67.075585297693266, -25.564795344643816 ], [ -67.075046308522786, -25.564795344643812 ], [ -67.075046308522786, -25.565064839229052 ], [ -67.074776813937561, -25.565064839229052 ], [ -67.074776813937561, -25.565334333814281 ], [ -67.074237824767081, -25.565334333814281 ], [ -67.074237824767081, -25.565603828399521 ], [ -67.073698835596616, -25.565603828399524 ], [ -67.073698835596616, -25.565873322984746 ], [ -67.073159846426137, -25.565873322984757 ], [ -67.073159846426137, -25.566142817569997 ], [ -67.072890351840911, -25.56614281757 ], [ -67.072890351840911, -25.56641231215524 ], [ -67.072620857255671, -25.56641231215524 ], [ -67.072620857255671, -25.566681806740462 ], [ -67.072351362670432, -25.566681806740462 ], [ -67.072351362670432, -25.566951301325705 ], [ -67.071812373499966, -25.566951301325705 ], [ -67.071812373499966, -25.567220795910941 ], [ -67.071542878914727, -25.567220795910934 ], [ -67.071542878914727, -25.567490290496178 ], [ -67.071273384329487, -25.567490290496178 ], [ -67.071273384329487, -25.568029279666646 ], [ -67.071003889744247, -25.568029279666646 ], [ -67.071003889744247, -25.568568268837119 ], [ -67.070734395159022, -25.568568268837112 ], [ -67.070734395159022, -25.568837763422355 ], [ -67.070464900573782, -25.568837763422355 ], [ -67.070464900573782, -25.569107258007588 ], [ -67.070195405988542, -25.569107258007584 ], [ -67.070195405988542, -25.569376752592824 ], [ -67.069656416818077, -25.569376752592824 ], [ -67.069656416818077, -25.569646247178056 ], [ -67.069386922232837, -25.56964624717806 ], [ -67.069386922232837, -25.569915741763293 ], [ -67.068847933062372, -25.569915741763303 ], [ -67.068847933062372, -25.570185236348529 ], [ -67.068308943891893, -25.570185236348539 ], [ -67.068308943891893, -25.570724225519008 ], [ -67.068578438477132, -25.570724225519008 ], [ -67.068578438477132, -25.570454730933772 ], [ -67.069925911403317, -25.570454730933765 ], [ -67.069925911403317, -25.570185236348539 ], [ -67.070734395159022, -25.570185236348539 ], [ -67.070734395159022, -25.569915741763303 ], [ -67.071003889744247, -25.5699157417633 ], [ -67.071003889744247, -25.569646247178053 ], [ -67.071273384329487, -25.56964624717806 ], [ -67.071273384329487, -25.569376752592813 ], [ -67.072081868085192, -25.569376752592827 ], [ -67.072081868085192, -25.56910725800758 ], [ -67.072620857255671, -25.569107258007588 ], [ -67.072620857255671, -25.568837763422351 ], [ -67.072890351840911, -25.568837763422358 ], [ -67.072890351840911, -25.568568268837119 ], [ -67.073159846426137, -25.568568268837119 ], [ -67.073159846426137, -25.568298774251886 ], [ -67.073429341011376, -25.568298774251883 ], [ -67.073429341011376, -25.568029279666646 ], [ -67.073698835596616, -25.56802927966665 ], [ -67.073698835596616, -25.567759785081403 ], [ -67.073968330181842, -25.56775978508141 ], [ -67.073968330181842, -25.567490290496167 ], [ -67.074507319352321, -25.567490290496171 ], [ -67.074507319352321, -25.567220795910945 ], [ -67.074776813937561, -25.567220795910934 ], [ -67.074776813937561, -25.566951301325712 ], [ -67.075315803108026, -25.566951301325702 ], [ -67.075315803108026, -25.566681806740466 ], [ -67.075585297693266, -25.566681806740462 ], [ -67.075585297693266, -25.566412312155236 ], [ -67.076393781448971, -25.566412312155233 ], [ -67.076393781448971, -25.566142817569986 ], [ -67.076932770619436, -25.566142817569993 ], [ -67.076932770619436, -25.565873322984764 ], [ -67.077471759789915, -25.565873322984753 ], [ -67.077471759789915, -25.565603828399528 ], [ -67.077741254375155, -25.565603828399524 ], [ -67.077741254375155, -25.565334333814288 ], [ -67.078010748960381, -25.565334333814288 ], [ -67.078010748960381, -25.564795344643819 ], [ -67.07828024354562, -25.564795344643812 ], [ -67.07828024354562, -25.564256355473351 ], [ -67.07854973813086, -25.564256355473351 ], [ -67.07854973813086, -25.563717366302875 ], [ -67.0788192327161, -25.563717366302875 ], [ -67.0788192327161, -25.563178377132399 ], [ -67.079088727301325, -25.563178377132413 ], [ -67.079088727301325, -25.562639387961934 ], [ -67.079358221886565, -25.562639387961934 ], [ -67.079358221886565, -25.562100398791468 ], [ -67.079627716471805, -25.562100398791454 ], [ -67.079627716471805, -25.561830904206218 ], [ -67.07989721105703, -25.561830904206222 ], [ -67.07989721105703, -25.561561409620982 ], [ -67.08016670564227, -25.561561409620989 ], [ -67.08016670564227, -25.561022420450517 ], [ -67.08043620022751, -25.561022420450513 ], [ -67.08043620022751, -25.56075292586528 ], [ -67.08070569481275, -25.56075292586528 ], [ -67.08070569481275, -25.560483431280044 ], [ -67.080975189397975, -25.560483431280044 ], [ -67.080975189397975, -25.560213936694808 ], [ -67.081244683983215, -25.560213936694812 ], [ -67.081244683983215, -25.559674947524332 ], [ -67.081514178568455, -25.559674947524339 ], [ -67.081514178568455, -25.559405452939099 ], [ -67.08043620022751, -25.559405452939099 ], [ -67.08043620022751, -25.559674947524329 ] ] ], [ [ [ -67.084748113591289, -25.557518990842446 ], [ -67.084209124420809, -25.557518990842446 ], [ -67.084209124420809, -25.55778848542769 ], [ -67.083670135250344, -25.557788485427682 ], [ -67.083670135250344, -25.558057980012929 ], [ -67.083400640665104, -25.558057980012926 ], [ -67.083400640665104, -25.558327474598155 ], [ -67.082861651494639, -25.558327474598158 ], [ -67.082861651494639, -25.55778848542769 ], [ -67.082592156909399, -25.557788485427682 ], [ -67.082592156909399, -25.558866463768631 ], [ -67.082861651494639, -25.558866463768631 ], [ -67.082861651494639, -25.558596969183387 ], [ -67.084478619006049, -25.558596969183391 ], [ -67.084478619006049, -25.558327474598155 ], [ -67.085017608176514, -25.558327474598158 ], [ -67.085017608176514, -25.557788485427682 ], [ -67.085287102761754, -25.55778848542769 ], [ -67.085287102761754, -25.557518990842457 ], [ -67.085017608176514, -25.557518990842446 ], [ -67.085017608176514, -25.557249496257214 ], [ -67.084748113591289, -25.557249496257214 ], [ -67.084748113591289, -25.557518990842446 ] ] ] ] } },
{ "type": "Feature", "properties": { "raster_value": 1, "overlap_with_reference": 0.51515151512036783, "bofedal_id": "3fa0ed60-ce21-57e2-b091-a06965e02269" }, "geometry": { "type": "Polygon", "coordinates": [ [ [ -66.893406958073825, -25.571263214689477 ], [ -66.893406958073825, -25.572341193030411 ], [ -66.893137463488586, -25.572341193030418 ], [ -66.893137463488586, -25.572880182200887 ], [ -66.89286796890336, -25.57288018220089 ], [ -66.89286796890336, -25.57341917137137 ], [ -66.892328979732881, -25.57341917137137 ], [ -66.892328979732881, -25.573149676786123 ], [ -66.891789990562415, -25.573149676786123 ], [ -66.891789990562415, -25.572880182200898 ], [ -66.891520495977176, -25.572880182200898 ], [ -66.891520495977176, -25.572341193030415 ], [ -66.891789990562415, -25.572341193030415 ], [ -66.891789990562415, -25.572071698445185 ], [ -66.892059485147641, -25.572071698445171 ], [ -66.892059485147641, -25.571802203859946 ], [ -66.89259847431812, -25.571802203859946 ], [ -66.89259847431812, -25.571532709274717 ], [ -66.893137463488586, -25.571532709274713 ], [ -66.893137463488586, -25.571263214689473 ], [ -66.893406958073825, -25.571263214689477 ] ] ] } },
{ "type": "Feature", "properties": { "raster_value": 1, "overlap_with_reference": 0.61320754716038217, "bofedal_id": "c4eb4bac-903d-5e6d-86f6-7d16bc213cfa" }, "geometry": { "type": "Polygon", "coordinates": [ [ [ -67.108463637092058, -25.571802203859953 ], [ -67.108463637092058, -25.572071698445189 ], [ -67.108733131677269, -25.572071698445185 ], [ -67.108733131677269, -25.572341193030418 ], [ -67.109002626262509, -25.572341193030418 ], [ -67.109002626262509, -25.572610687615654 ], [ -67.109272120847749, -25.572610687615661 ], [ -67.109272120847749, -25.573419171371366 ], [ -67.109541615433002, -25.573419171371363 ], [ -67.109541615433002, -25.573688665956603 ], [ -67.109811110018214, -25.573688665956603 ], [ -67.109811110018214, -25.574497149712307 ], [ -67.110080604603453, -25.574497149712304 ], [ -67.110080604603453, -25.574766644297544 ], [ -67.110350099188693, -25.57476664429754 ], [ -67.110350099188693, -25.575305633468012 ], [ -67.110619593773919, -25.575305633468016 ], [ -67.110619593773919, -25.575844622638492 ], [ -67.110889088359158, -25.575844622638481 ], [ -67.110889088359158, -25.576653106394186 ], [ -67.111158582944398, -25.57665310639419 ], [ -67.111158582944398, -25.577461590149895 ], [ -67.111428077529638, -25.577461590149902 ], [ -67.111428077529638, -25.57827007390561 ], [ -67.111697572114863, -25.578270073905614 ], [ -67.111697572114863, -25.579617546831784 ], [ -67.111428077529638, -25.579617546831784 ], [ -67.111428077529638, -25.581234514343198 ], [ -67.110889088359158, -25.581234514343198 ], [ -67.110889088359158, -25.581504008928444 ], [ -67.110619593773919, -25.581504008928448 ], [ -67.110619593773919, -25.58177350351367 ], [ -67.110350099188693, -25.58177350351367 ], [ -67.110350099188693, -25.579617546831788 ], [ -67.110619593773919, -25.579617546831781 ], [ -67.110619593773919, -25.579078557661315 ], [ -67.110889088359158, -25.579078557661319 ], [ -67.110889088359158, -25.578809063076086 ], [ -67.110619593773919, -25.578809063076079 ], [ -67.110619593773919, -25.578539568490847 ], [ -67.110889088359158, -25.578539568490847 ], [ -67.110889088359158, -25.577731084735145 ], [ -67.110619593773919, -25.577731084735134 ], [ -67.110619593773919, -25.577192095564662 ], [ -67.110350099188693, -25.577192095564666 ], [ -67.110350099188693, -25.575844622638478 ], [ -67.110080604603453, -25.575844622638481 ], [ -67.110080604603453, -25.575575128053249 ], [ -67.109811110018214, -25.575575128053242 ], [ -67.109811110018214, -25.574766644297544 ], [ -67.109541615433002, -25.574766644297551 ], [ -67.109541615433002, -25.574497149712311 ], [ -67.109272120847749, -25.574497149712304 ], [ -67.109272120847749, -25.573958160541835 ], [ -67.109002626262509, -25.573958160541828 ], [ -67.109002626262509, -25.573419171371363 ], [ -67.108733131677269, -25.573419171371352 ], [ -67.108733131677269, -25.573149676786127 ], [ -67.108194142506804, -25.573149676786127 ], [ -67.108194142506804, -25.572880182200887 ], [ -67.107924647921564, -25.572880182200898 ], [ -67.107924647921564, -25.571802203859953 ], [ -67.108463637092058, -25.571802203859953 ] ] ] } },
{ "type": "Feature", "properties": { "raster_value": 1, "overlap_with_reference": 0.55865603644588124, "bofedal_id": "ecc42bbd-9b25-561f-97db-f2c81e99b329" }, "geometry": { "type": "MultiPolygon", "coordinates": [ [ [ [ -67.512975009531061, -25.593900759849291 ], [ -67.512975009531061, -25.594709243604996 ], [ -67.512705514945822, -25.594709243604996 ], [ -67.512705514945822, -25.594978738190235 ], [ -67.512436020360582, -25.594978738190228 ], [ -67.512436020360582, -25.595517727360708 ], [ -67.512166525775356, -25.595517727360708 ], [ -67.512166525775356, -25.59605671653118 ], [ -67.511897031190117, -25.596056716531184 ], [ -67.511897031190117, -25.596595705701645 ], [ -67.511627536604877, -25.596595705701642 ], [ -67.511627536604877, -25.596865200286892 ], [ -67.512166525775356, -25.596865200286882 ], [ -67.512166525775356, -25.59902115696876 ], [ -67.511627536604877, -25.599021156968774 ], [ -67.511627536604877, -25.600099135309719 ], [ -67.511358042019637, -25.600099135309716 ], [ -67.511358042019637, -25.600368629894955 ], [ -67.511088547434412, -25.600368629894955 ], [ -67.511088547434412, -25.6014466082359 ], [ -67.510819052849172, -25.601446608235889 ], [ -67.510819052849172, -25.601985597406365 ], [ -67.510280063678707, -25.601985597406369 ], [ -67.510280063678707, -25.602524586576834 ], [ -67.510010569093467, -25.602524586576834 ], [ -67.510010569093467, -25.602794081162081 ], [ -67.509471579922987, -25.602794081162067 ], [ -67.509471579922987, -25.60306357574731 ], [ -67.509202085337762, -25.60306357574731 ], [ -67.509202085337762, -25.603333070332543 ], [ -67.508663096167282, -25.603333070332543 ], [ -67.508663096167282, -25.603602564917782 ], [ -67.508124106996817, -25.603602564917779 ], [ -67.508124106996817, -25.603872059503015 ], [ -67.507854612411577, -25.603872059503011 ], [ -67.507854612411577, -25.604141554088251 ], [ -67.507585117826338, -25.604141554088248 ], [ -67.507585117826338, -25.603872059503008 ], [ -67.507315623241112, -25.603872059503018 ], [ -67.507315623241112, -25.603602564917786 ], [ -67.506507139485393, -25.603602564917789 ], [ -67.506507139485393, -25.603333070332543 ], [ -67.503003709877333, -25.603333070332535 ], [ -67.503003709877333, -25.603602564917782 ], [ -67.501925731536389, -25.603602564917782 ], [ -67.501925731536389, -25.60333307033255 ], [ -67.501117247780684, -25.603333070332543 ], [ -67.501117247780684, -25.603602564917779 ], [ -67.500308764024979, -25.603602564917775 ], [ -67.500308764024979, -25.603872059503011 ], [ -67.500039269439739, -25.603872059503004 ], [ -67.500039269439739, -25.603602564917786 ], [ -67.499769774854499, -25.603602564917775 ], [ -67.499769774854499, -25.602524586576841 ], [ -67.49950028026926, -25.602524586576845 ], [ -67.49950028026926, -25.602255091991598 ], [ -67.499230785684034, -25.602255091991598 ], [ -67.499230785684034, -25.601985597406355 ], [ -67.498152807343089, -25.601985597406362 ], [ -67.498152807343089, -25.601716102821126 ], [ -67.497344323587384, -25.60171610282114 ], [ -67.497344323587384, -25.601446608235896 ], [ -67.496805334416905, -25.601446608235889 ], [ -67.496805334416905, -25.602255091991598 ], [ -67.497074829002145, -25.602255091991598 ], [ -67.497074829002145, -25.602524586576841 ], [ -67.497344323587384, -25.602524586576838 ], [ -67.497344323587384, -25.60306357574731 ], [ -67.49761381817261, -25.603063575747317 ], [ -67.49761381817261, -25.603602564917782 ], [ -67.498152807343089, -25.603602564917775 ], [ -67.498152807343089, -25.603872059503018 ], [ -67.498422301928329, -25.603872059503011 ], [ -67.498422301928329, -25.60333307033255 ], [ -67.499230785684034, -25.603333070332539 ], [ -67.499230785684034, -25.603063575747314 ], [ -67.49950028026926, -25.603063575747314 ], [ -67.49950028026926, -25.603872059503008 ], [ -67.498961291098794, -25.603872059503011 ], [ -67.498961291098794, -25.604141554088255 ], [ -67.498152807343089, -25.604141554088255 ], [ -67.498152807343089, -25.60468054325872 ], [ -67.49788331275785, -25.60468054325872 ], [ -67.49788331275785, -25.605219532429189 ], [ -67.498152807343089, -25.605219532429192 ], [ -67.498152807343089, -25.605489027014428 ], [ -67.498422301928329, -25.605489027014432 ], [ -67.498422301928329, -25.606028016184904 ], [ -67.498152807343089, -25.606028016184908 ], [ -67.498152807343089, -25.60629751077014 ], [ -67.49788331275785, -25.60629751077014 ], [ -67.49788331275785, -25.606567005355387 ], [ -67.497344323587384, -25.60656700535538 ], [ -67.497344323587384, -25.607105994525853 ], [ -67.49761381817261, -25.607105994525845 ], [ -67.49761381817261, -25.607375489111078 ], [ -67.49788331275785, -25.607375489111078 ], [ -67.49788331275785, -25.607644983696314 ], [ -67.498152807343089, -25.607644983696314 ], [ -67.498152807343089, -25.608722962037259 ], [ -67.498422301928329, -25.608722962037259 ], [ -67.498422301928329, -25.608992456622495 ], [ -67.498691796513555, -25.608992456622495 ], [ -67.498691796513555, -25.609261951207735 ], [ -67.498961291098794, -25.609261951207731 ], [ -67.498961291098794, -25.60953144579296 ], [ -67.499230785684034, -25.609531445792975 ], [ -67.499230785684034, -25.609800940378204 ], [ -67.49950028026926, -25.609800940378211 ], [ -67.49950028026926, -25.61007043496344 ], [ -67.500039269439739, -25.61007043496344 ], [ -67.500039269439739, -25.610339929548676 ], [ -67.500578258610204, -25.610339929548676 ], [ -67.500578258610204, -25.610609424133912 ], [ -67.500847753195444, -25.610609424133912 ], [ -67.500847753195444, -25.610878918719148 ], [ -67.501117247780684, -25.610878918719145 ], [ -67.501117247780684, -25.611148413304388 ], [ -67.501386742365924, -25.611148413304385 ], [ -67.501386742365924, -25.611417907889621 ], [ -67.501925731536389, -25.611417907889614 ], [ -67.501925731536389, -25.611687402474857 ], [ -67.502734215292094, -25.611687402474864 ], [ -67.502734215292094, -25.611956897060093 ], [ -67.503273204462573, -25.611956897060093 ], [ -67.503273204462573, -25.612495886230565 ], [ -67.503542699047799, -25.612495886230565 ], [ -67.503542699047799, -25.613034875401024 ], [ -67.505698655729688, -25.613034875401027 ], [ -67.505698655729688, -25.613304369986274 ], [ -67.506776634070633, -25.613304369986274 ], [ -67.506776634070633, -25.613034875401031 ], [ -67.507315623241112, -25.613034875401031 ], [ -67.507315623241112, -25.612765380815787 ], [ -67.507854612411577, -25.612765380815794 ], [ -67.507854612411577, -25.612495886230565 ], [ -67.508663096167282, -25.612495886230565 ], [ -67.508663096167282, -25.612226391645329 ], [ -67.509471579922987, -25.612226391645333 ], [ -67.509471579922987, -25.611956897060093 ], [ -67.510010569093467, -25.611956897060093 ], [ -67.510010569093467, -25.611687402474857 ], [ -67.510549558263932, -25.61168740247486 ], [ -67.510549558263932, -25.610878918719148 ], [ -67.510819052849172, -25.610878918719148 ], [ -67.510819052849172, -25.61007043496344 ], [ -67.510549558263932, -25.610070434963447 ], [ -67.510549558263932, -25.609800940378204 ], [ -67.510280063678707, -25.609800940378211 ], [ -67.510280063678707, -25.608992456622502 ], [ -67.510549558263932, -25.608992456622499 ], [ -67.510549558263932, -25.608722962037259 ], [ -67.511088547434412, -25.608722962037259 ], [ -67.511088547434412, -25.608453467452026 ], [ -67.511358042019637, -25.608453467452023 ], [ -67.511358042019637, -25.608183972866787 ], [ -67.511627536604877, -25.608183972866787 ], [ -67.511627536604877, -25.607105994525853 ], [ -67.511088547434412, -25.607105994525845 ], [ -67.511088547434412, -25.606297510770133 ], [ -67.510819052849172, -25.606297510770133 ], [ -67.510819052849172, -25.605758521599668 ], [ -67.511088547434412, -25.605758521599668 ], [ -67.511088547434412, -25.606028016184908 ], [ -67.511358042019637, -25.606028016184897 ], [ -67.511358042019637, -25.605489027014428 ], [ -67.511088547434412, -25.605489027014432 ], [ -67.511088547434412, -25.604411048673487 ], [ -67.510549558263932, -25.604411048673487 ], [ -67.510549558263932, -25.605489027014432 ], [ -67.510280063678707, -25.605489027014436 ], [ -67.510280063678707, -25.605219532429185 ], [ -67.509741074508227, -25.605219532429189 ], [ -67.509741074508227, -25.604950037843956 ], [ -67.510280063678707, -25.604950037843956 ], [ -67.510280063678707, -25.604141554088251 ], [ -67.510819052849172, -25.604141554088244 ], [ -67.510819052849172, -25.603872059503015 ], [ -67.511088547434412, -25.603872059503011 ], [ -67.511088547434412, -25.603063575747314 ], [ -67.511358042019637, -25.603063575747306 ], [ -67.511358042019637, -25.601985597406372 ], [ -67.511627536604877, -25.601985597406358 ], [ -67.511627536604877, -25.601446608235893 ], [ -67.512166525775356, -25.601446608235893 ], [ -67.512166525775356, -25.601177113650653 ], [ -67.512436020360582, -25.601177113650657 ], [ -67.512436020360582, -25.600907619065424 ], [ -67.512705514945822, -25.600907619065428 ], [ -67.512705514945822, -25.600638124480181 ], [ -67.512975009531061, -25.600638124480184 ], [ -67.512975009531061, -25.600368629894952 ], [ -67.513244504116301, -25.600368629894955 ], [ -67.513244504116301, -25.599829640724483 ], [ -67.513513998701526, -25.599829640724483 ], [ -67.513513998701526, -25.598482167798302 ], [ -67.513783493286766, -25.598482167798295 ], [ -67.513783493286766, -25.598212673213059 ], [ -67.514052987872006, -25.598212673213059 ], [ -67.514052987872006, -25.59767368404259 ], [ -67.514322482457231, -25.597673684042586 ], [ -67.514322482457231, -25.596056716531169 ], [ -67.514591977042471, -25.596056716531177 ], [ -67.514591977042471, -25.595517727360694 ], [ -67.514052987872006, -25.595517727360704 ], [ -67.514052987872006, -25.594709243604996 ], [ -67.513783493286766, -25.594709243604989 ], [ -67.513783493286766, -25.594170254434527 ], [ -67.513513998701526, -25.59417025443453 ], [ -67.513513998701526, -25.593900759849298 ], [ -67.512975009531061, -25.593900759849291 ] ] ], [ [ [ -67.514052987872006, -25.590936319411703 ], [ -67.514052987872006, -25.591205813996936 ], [ -67.513244504116301, -25.591205813996936 ], [ -67.513244504116301, -25.591475308582172 ], [ -67.512975009531061, -25.591475308582169 ], [ -67.512975009531061, -25.592283792337867 ], [ -67.512705514945822, -25.592283792337881 ], [ -67.512705514945822, -25.59255328692311 ], [ -67.512975009531061, -25.592553286923117 ], [ -67.512975009531061, -25.592822781508339 ], [ -67.513244504116301, -25.592822781508342 ], [ -67.513244504116301, -25.59255328692311 ], [ -67.513513998701526, -25.592553286923113 ], [ -67.513513998701526, -25.592283792337877 ], [ -67.513783493286766, -25.592283792337874 ], [ -67.513783493286766, -25.592014297752637 ], [ -67.514322482457231, -25.592014297752641 ], [ -67.514322482457231, -25.590936319411703 ], [ -67.514052987872006, -25.590936319411703 ] ] ] ] } },
{ "type": "Feature", "properties": { "raster_value": 1, "overlap_with_reference": 0.66878980890245399, "bofedal_id": "7331697c-f8ca-5771-ac32-b1842073227d" }, "geometry": { "type": "Polygon", "coordinates": [ [ [ -66.722816885619523, -25.586624406047925 ], [ -66.722816885619523, -25.586893900633157 ], [ -66.722008401863818, -25.58689390063315 ], [ -66.722008401863818, -25.58716339521839 ], [ -66.721469412693352, -25.587163395218386 ], [ -66.721469412693352, -25.587432889803626 ], [ -66.721199918108113, -25.58743288980363 ], [ -66.721199918108113, -25.587702384388869 ], [ -66.720930423522873, -25.587702384388873 ], [ -66.720930423522873, -25.587971878974109 ], [ -66.720391434352408, -25.587971878974102 ], [ -66.720391434352408, -25.588510868144571 ], [ -66.720121939767168, -25.588510868144571 ], [ -66.720121939767168, -25.588780362729807 ], [ -66.719852445181928, -25.588780362729796 ], [ -66.719852445181928, -25.589049857315036 ], [ -66.719582950596703, -25.589049857315043 ], [ -66.719582950596703, -25.589319351900276 ], [ -66.719313456011463, -25.589319351900283 ], [ -66.719313456011463, -25.589588846485508 ], [ -66.719043961426223, -25.589588846485519 ], [ -66.719043961426223, -25.589858341070748 ], [ -66.718774466840983, -25.589858341070752 ], [ -66.718774466840983, -25.589588846485508 ], [ -66.718504972255758, -25.589588846485519 ], [ -66.718504972255758, -25.589319351900272 ], [ -66.717696488500053, -25.589319351900279 ], [ -66.717696488500053, -25.589588846485515 ], [ -66.717426993914813, -25.589588846485508 ], [ -66.717426993914813, -25.59039733024122 ], [ -66.717157499329574, -25.590397330241228 ], [ -66.717157499329574, -25.590666824826464 ], [ -66.716888004744334, -25.59066682482646 ], [ -66.716888004744334, -25.590936319411696 ], [ -66.716079520988629, -25.590936319411696 ], [ -66.716079520988629, -25.591205813996933 ], [ -66.715810026403389, -25.591205813996933 ], [ -66.715810026403389, -25.5909363194117 ], [ -66.715540531818164, -25.5909363194117 ], [ -66.715540531818164, -25.591475308582169 ], [ -66.715001542647684, -25.591475308582165 ], [ -66.715001542647684, -25.591744803167394 ], [ -66.714732048062459, -25.591744803167401 ], [ -66.714732048062459, -25.592283792337874 ], [ -66.714462553477219, -25.59228379233787 ], [ -66.714462553477219, -25.59255328692311 ], [ -66.714193058891979, -25.59255328692311 ], [ -66.714193058891979, -25.593092276093575 ], [ -66.713654069721514, -25.593092276093579 ], [ -66.713654069721514, -25.593361770678815 ], [ -66.712306596795329, -25.593361770678815 ], [ -66.712306596795329, -25.593092276093579 ], [ -66.712845585965795, -25.593092276093582 ], [ -66.712845585965795, -25.59282278150835 ], [ -66.713115080551034, -25.59282278150835 ], [ -66.713115080551034, -25.59255328692311 ], [ -66.713384575136274, -25.59255328692311 ], [ -66.713384575136274, -25.59228379233787 ], [ -66.713654069721514, -25.592283792337863 ], [ -66.713654069721514, -25.592014297752634 ], [ -66.714193058891979, -25.59201429775263 ], [ -66.714193058891979, -25.591744803167398 ], [ -66.714462553477219, -25.591744803167398 ], [ -66.714462553477219, -25.591475308582169 ], [ -66.714732048062459, -25.591475308582169 ], [ -66.714732048062459, -25.591205813996936 ], [ -66.715001542647684, -25.591205813996933 ], [ -66.715001542647684, -25.590936319411696 ], [ -66.715271037232924, -25.590936319411703 ], [ -66.715271037232924, -25.59066682482646 ], [ -66.715540531818164, -25.590666824826467 ], [ -66.715540531818164, -25.590397330241213 ], [ -66.715810026403389, -25.59039733024122 ], [ -66.715810026403389, -25.590127835655995 ], [ -66.716079520988629, -25.590127835655988 ], [ -66.716079520988629, -25.589858341070745 ], [ -66.716349015573869, -25.589858341070748 ], [ -66.716349015573869, -25.589588846485508 ], [ -66.716618510159108, -25.589588846485508 ], [ -66.716618510159108, -25.589319351900286 ], [ -66.716888004744334, -25.589319351900272 ], [ -66.716888004744334, -25.588780362729807 ], [ -66.717426993914813, -25.5887803627298 ], [ -66.717426993914813, -25.588510868144574 ], [ -66.717696488500053, -25.588510868144578 ], [ -66.717696488500053, -25.588241373559338 ], [ -66.718235477670518, -25.588241373559342 ], [ -66.718235477670518, -25.587971878974106 ], [ -66.718504972255758, -25.587971878974106 ], [ -66.718504972255758, -25.587702384388869 ], [ -66.719043961426223, -25.587702384388866 ], [ -66.719043961426223, -25.587432889803633 ], [ -66.719313456011463, -25.587432889803633 ], [ -66.719313456011463, -25.587163395218393 ], [ -66.719582950596703, -25.587163395218383 ], [ -66.719582950596703, -25.586893900633154 ], [ -66.720121939767168, -25.586893900633154 ], [ -66.720121939767168, -25.586624406047925 ], [ -66.720930423522873, -25.586624406047925 ], [ -66.720930423522873, -25.586893900633161 ], [ -66.721738907278578, -25.586893900633161 ], [ -66.721738907278578, -25.586624406047925 ], [ -66.722816885619523, -25.586624406047925 ] ] ] } },
{ "type": "Feature", "properties": { "raster_value": 1, "overlap_with_reference": 0.55932203388102053, "bofedal_id": "eb9b292c-3e61-5a84-a858-060aa02107e8" }, "geometry": { "type": "Polygon", "coordinates": [ [ [ -66.709072661772495, -25.596865200286885 ], [ -66.709072661772495, -25.597134694872107 ], [ -66.709342156357735, -25.597134694872118 ], [ -66.709342156357735, -25.597943178627826 ], [ -66.709072661772495, -25.597943178627819 ], [ -66.709072661772495, -25.598212673213055 ], [ -66.70826417801679, -25.598212673213059 ], [ -66.70826417801679, -25.598482167798299 ], [ -66.707455694261085, -25.598482167798295 ], [ -66.707455694261085, -25.598751662383535 ], [ -66.707186199675846, -25.598751662383538 ], [ -66.707186199675846, -25.599290651554011 ], [ -66.706916705090606, -25.599290651554007 ], [ -66.706916705090606, -25.599560146139243 ], [ -66.706377715920141, -25.599560146139236 ], [ -66.706377715920141, -25.599829640724476 ], [ -66.705838726749676, -25.599829640724476 ], [ -66.705838726749676, -25.600099135309712 ], [ -66.704221759238251, -25.600099135309723 ], [ -66.704221759238251, -25.600368629894955 ], [ -66.703143780897307, -25.600368629894952 ], [ -66.703143780897307, -25.600099135309708 ], [ -66.703952264653012, -25.600099135309716 ], [ -66.703952264653012, -25.599829640724479 ], [ -66.705030242993956, -25.599829640724472 ], [ -66.705030242993956, -25.59956014613924 ], [ -66.705299737579196, -25.599560146139236 ], [ -66.705299737579196, -25.599290651554004 ], [ -66.706377715920141, -25.599290651554 ], [ -66.706377715920141, -25.599021156968764 ], [ -66.70664721050538, -25.599021156968774 ], [ -66.70664721050538, -25.598751662383528 ], [ -66.706916705090606, -25.598751662383531 ], [ -66.706916705090606, -25.598482167798302 ], [ -66.707186199675846, -25.598482167798295 ], [ -66.707186199675846, -25.598212673213052 ], [ -66.707455694261085, -25.598212673213062 ], [ -66.707455694261085, -25.597943178627819 ], [ -66.707725188846325, -25.597943178627819 ], [ -66.707725188846325, -25.597404189457354 ], [ -66.707994683431551, -25.597404189457361 ], [ -66.707994683431551, -25.597134694872118 ], [ -66.70826417801679, -25.597134694872118 ], [ -66.70826417801679, -25.596865200286889 ], [ -66.709072661772495, -25.596865200286885 ] ] ] } },
{ "type": "Feature", "properties": { "raster_value": 1, "overlap_with_reference": 0.51190476188323808, "bofedal_id": "e003d0b3-f4ac-5910-9644-dcc02e8440f5" }, "geometry": { "type": "MultiPolygon", "coordinates": [ [ [ [ -66.650861831361553, -25.648069171481701 ], [ -66.650861831361553, -25.648338666066927 ], [ -66.650322842191088, -25.648338666066923 ], [ -66.650322842191088, -25.648608160652163 ], [ -66.649514358435368, -25.648608160652159 ], [ -66.649514358435368, -25.648877655237413 ], [ -66.648705874679663, -25.648877655237406 ], [ -66.648705874679663, -25.649147149822632 ], [ -66.648166885509198, -25.649147149822642 ], [ -66.648166885509198, -25.649686138993108 ], [ -66.649244863850143, -25.649686138993122 ], [ -66.649244863850143, -25.649955633578347 ], [ -66.650322842191088, -25.649955633578344 ], [ -66.650322842191088, -25.649686138993115 ], [ -66.650592336776313, -25.649686138993111 ], [ -66.650592336776313, -25.649416644407875 ], [ -66.650861831361553, -25.649416644407879 ], [ -66.650861831361553, -25.649147149822639 ], [ -66.651131325946793, -25.649147149822635 ], [ -66.651131325946793, -25.648069171481694 ], [ -66.650861831361553, -25.648069171481701 ] ] ], [ [ [ -66.644124466730659, -25.647530182311225 ], [ -66.644124466730659, -25.647799676896472 ], [ -66.643315982974954, -25.647799676896462 ], [ -66.643315982974954, -25.648069171481694 ], [ -66.64358547756018, -25.648069171481712 ], [ -66.64358547756018, -25.648338666066927 ], [ -66.644124466730659, -25.648338666066941 ], [ -66.644124466730659, -25.648877655237406 ], [ -66.644932950486364, -25.64887765523741 ], [ -66.644932950486364, -25.648608160652167 ], [ -66.645202445071604, -25.648608160652167 ], [ -66.645202445071604, -25.648877655237403 ], [ -66.646010928827309, -25.648877655237406 ], [ -66.646010928827309, -25.648608160652163 ], [ -66.646280423412549, -25.648608160652167 ], [ -66.646280423412549, -25.648877655237406 ], [ -66.646549917997774, -25.648877655237413 ], [ -66.646549917997774, -25.649147149822639 ], [ -66.647088907168254, -25.649147149822642 ], [ -66.647088907168254, -25.649416644407872 ], [ -66.647627896338719, -25.649416644407872 ], [ -66.647627896338719, -25.649147149822639 ], [ -66.647358401753493, -25.649147149822639 ], [ -66.647358401753493, -25.648608160652167 ], [ -66.646549917997774, -25.648608160652167 ], [ -66.646549917997774, -25.648338666066927 ], [ -66.645741434242069, -25.648338666066937 ], [ -66.645741434242069, -25.648069171481705 ], [ -66.645202445071604, -25.648069171481694 ], [ -66.645202445071604, -25.647799676896462 ], [ -66.644932950486364, -25.647799676896458 ], [ -66.644932950486364, -25.647530182311225 ], [ -66.644124466730659, -25.647530182311225 ] ] ] ] } },
{ "type": "Feature", "properties": { "raster_value": 1, "overlap_with_reference": 0.6438923395250864, "bofedal_id": "f2d30a39-29cf-5886-b833-ea35aa24e14a" }, "geometry": { "type": "MultiPolygon", "coordinates": [ [ [ [ -67.108733131677269, -25.720293720324904 ], [ -67.107655153336324, -25.720293720324904 ], [ -67.107655153336324, -25.720563214910147 ], [ -67.107116164165859, -25.72056321491014 ], [ -67.107116164165859, -25.721102204080612 ], [ -67.107924647921564, -25.721102204080605 ], [ -67.107924647921564, -25.721371698665845 ], [ -67.108194142506804, -25.721371698665845 ], [ -67.108194142506804, -25.721102204080609 ], [ -67.108733131677269, -25.721102204080609 ], [ -67.108733131677269, -25.720563214910143 ], [ -67.109002626262509, -25.72056321491014 ], [ -67.109002626262509, -25.720024225739667 ], [ -67.108733131677269, -25.720024225739664 ], [ -67.108733131677269, -25.720293720324904 ] ] ], [ [ [ -67.103073745387334, -25.716251301546368 ], [ -67.102534756216855, -25.716251301546368 ], [ -67.102534756216855, -25.716790290716837 ], [ -67.10280425080208, -25.716790290716833 ], [ -67.10280425080208, -25.717329279887302 ], [ -67.103073745387334, -25.717329279887309 ], [ -67.103073745387334, -25.717868269057785 ], [ -67.10334323997256, -25.717868269057782 ], [ -67.10334323997256, -25.718137763643028 ], [ -67.1036127345578, -25.718137763643025 ], [ -67.1036127345578, -25.718407258228247 ], [ -67.103882229143025, -25.718407258228247 ], [ -67.103882229143025, -25.71867675281349 ], [ -67.104151723728279, -25.718676752813487 ], [ -67.104151723728279, -25.718946247398719 ], [ -67.10496020748397, -25.718946247398723 ], [ -67.10496020748397, -25.718676752813494 ], [ -67.105229702069224, -25.71867675281349 ], [ -67.105229702069224, -25.718137763643028 ], [ -67.105499196654449, -25.718137763643014 ], [ -67.105499196654449, -25.717598774472542 ], [ -67.105768691239675, -25.717598774472552 ], [ -67.105768691239675, -25.717059785302069 ], [ -67.105499196654449, -25.717059785302084 ], [ -67.105499196654449, -25.716520796131604 ], [ -67.10496020748397, -25.716520796131608 ], [ -67.10496020748397, -25.716251301546372 ], [ -67.10469071289873, -25.716251301546368 ], [ -67.10469071289873, -25.715981806961125 ], [ -67.103073745387334, -25.715981806961121 ], [ -67.103073745387334, -25.716251301546368 ] ] ], [ [ [ -67.113853528796753, -25.714095344864486 ], [ -67.113314539626288, -25.714095344864479 ], [ -67.113314539626288, -25.714364839449711 ], [ -67.112775550455808, -25.714364839449715 ], [ -67.112775550455808, -25.714634334034944 ], [ -67.111697572114863, -25.714634334034947 ], [ -67.111697572114863, -25.714903828620194 ], [ -67.111158582944398, -25.714903828620194 ], [ -67.111158582944398, -25.715173323205423 ], [ -67.110889088359158, -25.71517332320542 ], [ -67.110889088359158, -25.71544281779066 ], [ -67.110619593773919, -25.715442817790649 ], [ -67.110619593773919, -25.715712312375892 ], [ -67.110350099188693, -25.715712312375885 ], [ -67.110350099188693, -25.716251301546357 ], [ -67.110080604603453, -25.716251301546368 ], [ -67.110080604603453, -25.716520796131608 ], [ -67.109811110018214, -25.716520796131604 ], [ -67.109811110018214, -25.716790290716837 ], [ -67.109541615433002, -25.716790290716837 ], [ -67.109541615433002, -25.71705978530208 ], [ -67.109272120847749, -25.717059785302077 ], [ -67.109272120847749, -25.717598774472549 ], [ -67.109811110018214, -25.717598774472552 ], [ -67.109811110018214, -25.718676752813494 ], [ -67.110350099188693, -25.718676752813479 ], [ -67.110350099188693, -25.718137763643018 ], [ -67.110619593773919, -25.718137763643014 ], [ -67.110619593773919, -25.717868269057785 ], [ -67.110889088359158, -25.717868269057789 ], [ -67.110889088359158, -25.717598774472542 ], [ -67.111158582944398, -25.717598774472545 ], [ -67.111158582944398, -25.71732927988732 ], [ -67.111428077529638, -25.717329279887306 ], [ -67.111428077529638, -25.717059785302077 ], [ -67.111697572114863, -25.717059785302073 ], [ -67.111697572114863, -25.716790290716833 ], [ -67.111967066700103, -25.71679029071684 ], [ -67.111967066700103, -25.716520796131597 ], [ -67.112236561285343, -25.716520796131594 ], [ -67.112236561285343, -25.716251301546368 ], [ -67.112506055870583, -25.716251301546361 ], [ -67.112506055870583, -25.715981806961125 ], [ -67.113045045041048, -25.715981806961125 ], [ -67.113045045041048, -25.715712312375892 ], [ -67.113314539626288, -25.715712312375892 ], [ -67.113314539626288, -25.715442817790656 ], [ -67.113584034211513, -25.715442817790663 ], [ -67.113584034211513, -25.715173323205423 ], [ -67.113853528796753, -25.715173323205427 ], [ -67.113853528796753, -25.714634334034955 ], [ -67.114123023381993, -25.714634334034955 ], [ -67.114123023381993, -25.714095344864486 ], [ -67.114392517967232, -25.714095344864482 ], [ -67.114392517967232, -25.713825850279246 ], [ -67.113853528796753, -25.71382585027925 ], [ -67.113853528796753, -25.714095344864486 ] ] ], [ [ [ -67.10496020748397, -25.70466303438123 ], [ -67.1036127345578, -25.704663034381227 ], [ -67.1036127345578, -25.704932528966463 ], [ -67.102265261631615, -25.704932528966459 ], [ -67.102265261631615, -25.705202023551703 ], [ -67.10199576704639, -25.705202023551696 ], [ -67.10199576704639, -25.705471518136942 ], [ -67.10118728329067, -25.705471518136946 ], [ -67.10118728329067, -25.705741012722171 ], [ -67.104151723728279, -25.705741012722168 ], [ -67.104151723728279, -25.705471518136932 ], [ -67.105499196654449, -25.705471518136932 ], [ -67.105499196654449, -25.705741012722168 ], [ -67.107116164165859, -25.705741012722168 ], [ -67.107116164165859, -25.706010507307404 ], [ -67.107385658751113, -25.706010507307404 ], [ -67.107385658751113, -25.70628000189264 ], [ -67.107655153336324, -25.70628000189264 ], [ -67.107655153336324, -25.70654949647788 ], [ -67.107924647921564, -25.706549496477876 ], [ -67.107924647921564, -25.706818991063113 ], [ -67.108194142506804, -25.706818991063113 ], [ -67.108194142506804, -25.707088485648349 ], [ -67.108463637092058, -25.707088485648349 ], [ -67.108463637092058, -25.707357980233585 ], [ -67.108733131677269, -25.707357980233585 ], [ -67.108733131677269, -25.707627474818821 ], [ -67.109002626262509, -25.707627474818821 ], [ -67.109002626262509, -25.707896969404057 ], [ -67.109272120847749, -25.707896969404054 ], [ -67.109272120847749, -25.708166463989294 ], [ -67.109541615433002, -25.708166463989294 ], [ -67.109541615433002, -25.708435958574526 ], [ -67.109811110018214, -25.708435958574533 ], [ -67.109811110018214, -25.708705453159766 ], [ -67.110080604603453, -25.708705453159773 ], [ -67.110080604603453, -25.708974947745002 ], [ -67.110619593773919, -25.708974947745002 ], [ -67.110619593773919, -25.709244442330238 ], [ -67.110889088359158, -25.709244442330238 ], [ -67.110889088359158, -25.710052926085947 ], [ -67.111158582944398, -25.710052926085947 ], [ -67.111158582944398, -25.710591915256412 ], [ -67.111697572114863, -25.710591915256416 ], [ -67.111697572114863, -25.710861409841648 ], [ -67.113314539626288, -25.710861409841652 ], [ -67.113314539626288, -25.711130904426891 ], [ -67.113853528796753, -25.711130904426884 ], [ -67.113853528796753, -25.711400399012124 ], [ -67.114392517967232, -25.71140039901212 ], [ -67.114392517967232, -25.711939388182603 ], [ -67.114662012552458, -25.711939388182596 ], [ -67.114662012552458, -25.712478377353065 ], [ -67.115201001722937, -25.712478377353069 ], [ -67.115201001722937, -25.713017366523541 ], [ -67.114662012552458, -25.713017366523534 ], [ -67.114662012552458, -25.713556355694006 ], [ -67.115201001722937, -25.713556355694017 ], [ -67.115201001722937, -25.713286861108774 ], [ -67.115739990893402, -25.713286861108777 ], [ -67.115739990893402, -25.713017366523545 ], [ -67.116817969234347, -25.713017366523534 ], [ -67.116817969234347, -25.712747871938294 ], [ -67.117356958404827, -25.712747871938298 ], [ -67.117356958404827, -25.713017366523541 ], [ -67.117895947575292, -25.713017366523541 ], [ -67.117895947575292, -25.712478377353062 ], [ -67.117087463819587, -25.712478377353065 ], [ -67.117087463819587, -25.712208882767825 ], [ -67.116548474649107, -25.712208882767829 ], [ -67.116548474649107, -25.7119393881826 ], [ -67.116009485478642, -25.711939388182603 ], [ -67.116009485478642, -25.711669893597353 ], [ -67.115739990893402, -25.711669893597353 ], [ -67.115739990893402, -25.711400399012124 ], [ -67.115201001722937, -25.711400399012128 ], [ -67.115201001722937, -25.711130904426895 ], [ -67.114392517967232, -25.711130904426891 ], [ -67.114392517967232, -25.710861409841655 ], [ -67.113853528796753, -25.710861409841655 ], [ -67.113853528796753, -25.710591915256412 ], [ -67.113584034211513, -25.710591915256412 ], [ -67.113584034211513, -25.710052926085947 ], [ -67.113314539626288, -25.710052926085943 ], [ -67.113314539626288, -25.709513936915467 ], [ -67.113045045041048, -25.709513936915467 ], [ -67.113045045041048, -25.709244442330231 ], [ -67.112775550455808, -25.709244442330238 ], [ -67.112775550455808, -25.708974947745002 ], [ -67.112506055870583, -25.708974947744995 ], [ -67.112506055870583, -25.708705453159766 ], [ -67.112236561285343, -25.708705453159766 ], [ -67.112236561285343, -25.708435958574537 ], [ -67.111967066700103, -25.70843595857453 ], [ -67.111967066700103, -25.708166463989301 ], [ -67.111697572114863, -25.708166463989286 ], [ -67.111697572114863, -25.707896969404057 ], [ -67.110889088359158, -25.707896969404057 ], [ -67.110889088359158, -25.707627474818825 ], [ -67.110350099188693, -25.707627474818825 ], [ -67.110350099188693, -25.707357980233585 ], [ -67.109811110018214, -25.707357980233589 ], [ -67.109811110018214, -25.707088485648349 ], [ -67.109272120847749, -25.707088485648345 ], [ -67.109272120847749, -25.706818991063113 ], [ -67.109002626262509, -25.706818991063113 ], [ -67.109002626262509, -25.706549496477876 ], [ -67.108463637092058, -25.706549496477873 ], [ -67.108463637092058, -25.70628000189264 ], [ -67.108194142506804, -25.706280001892633 ], [ -67.108194142506804, -25.706010507307404 ], [ -67.107655153336324, -25.706010507307408 ], [ -67.107655153336324, -25.705741012722168 ], [ -67.107385658751113, -25.705741012722175 ], [ -67.107385658751113, -25.705202023551696 ], [ -67.107116164165859, -25.705202023551699 ], [ -67.107116164165859, -25.704932528966463 ], [ -67.106846669580619, -25.704932528966459 ], [ -67.106846669580619, -25.704663034381227 ], [ -67.105499196654449, -25.704663034381227 ], [ -67.105499196654449, -25.704393539795987 ], [ -67.10496020748397, -25.704393539795987 ], [ -67.10496020748397, -25.70466303438123 ] ] ] ] } },
{ "type": "Feature", "properties": { "raster_value": 1, "overlap_with_reference": 0.62280701753309287, "bofedal_id": "d4bf7495-e424-5bbb-9a09-aa345e54b502" }, "geometry": { "type": "Polygon", "coordinates": [ [ [ -67.086095586517459, -25.714634334034951 ], [ -67.086095586517459, -25.714903828620187 ], [ -67.085287102761754, -25.714903828620194 ], [ -67.085287102761754, -25.71544281779066 ], [ -67.084748113591289, -25.71544281779066 ], [ -67.084748113591289, -25.715712312375892 ], [ -67.084209124420809, -25.715712312375896 ], [ -67.084209124420809, -25.715981806961132 ], [ -67.083939629835569, -25.715981806961132 ], [ -67.083939629835569, -25.716251301546368 ], [ -67.083670135250344, -25.716251301546361 ], [ -67.083670135250344, -25.716520796131597 ], [ -67.082861651494639, -25.716520796131601 ], [ -67.082861651494639, -25.716790290716837 ], [ -67.08232266232416, -25.716790290716837 ], [ -67.08232266232416, -25.716520796131604 ], [ -67.08205316773892, -25.716520796131604 ], [ -67.08205316773892, -25.716790290716844 ], [ -67.081783673153694, -25.716790290716848 ], [ -67.081783673153694, -25.71705978530208 ], [ -67.081514178568455, -25.717059785302073 ], [ -67.081514178568455, -25.717329279887309 ], [ -67.081244683983215, -25.717329279887309 ], [ -67.081244683983215, -25.717868269057785 ], [ -67.080975189397975, -25.717868269057785 ], [ -67.080975189397975, -25.718676752813483 ], [ -67.08070569481275, -25.718676752813494 ], [ -67.08070569481275, -25.718946247398723 ], [ -67.08043620022751, -25.718946247398719 ], [ -67.08043620022751, -25.719215741983952 ], [ -67.08016670564227, -25.719215741983959 ], [ -67.08016670564227, -25.719485236569202 ], [ -67.07989721105703, -25.719485236569188 ], [ -67.07989721105703, -25.720024225739664 ], [ -67.079627716471805, -25.720024225739671 ], [ -67.079627716471805, -25.720293720324911 ], [ -67.079358221886565, -25.720293720324911 ], [ -67.079358221886565, -25.720832709495379 ], [ -67.079088727301325, -25.720832709495379 ], [ -67.079088727301325, -25.719754731154442 ], [ -67.079358221886565, -25.719754731154438 ], [ -67.079358221886565, -25.719215741983952 ], [ -67.079627716471805, -25.719215741983959 ], [ -67.079627716471805, -25.71840725822825 ], [ -67.07989721105703, -25.718407258228243 ], [ -67.07989721105703, -25.718137763643018 ], [ -67.08016670564227, -25.718137763643028 ], [ -67.08016670564227, -25.717598774472552 ], [ -67.08070569481275, -25.717598774472549 ], [ -67.08070569481275, -25.717059785302077 ], [ -67.080975189397975, -25.717059785302069 ], [ -67.080975189397975, -25.716520796131594 ], [ -67.08070569481275, -25.716520796131604 ], [ -67.08070569481275, -25.716251301546368 ], [ -67.079358221886565, -25.716251301546365 ], [ -67.079358221886565, -25.715981806961121 ], [ -67.08070569481275, -25.715981806961135 ], [ -67.08070569481275, -25.715712312375892 ], [ -67.081244683983215, -25.715712312375892 ], [ -67.081244683983215, -25.715442817790645 ], [ -67.083131146079864, -25.71544281779066 ], [ -67.083131146079864, -25.715712312375903 ], [ -67.083400640665104, -25.715712312375892 ], [ -67.083400640665104, -25.715442817790663 ], [ -67.084209124420809, -25.715442817790663 ], [ -67.084209124420809, -25.715173323205427 ], [ -67.084478619006049, -25.715173323205427 ], [ -67.084478619006049, -25.714903828620184 ], [ -67.084748113591289, -25.714903828620194 ], [ -67.084748113591289, -25.714634334034962 ], [ -67.086095586517459, -25.714634334034951 ] ] ] } },
{ "type": "Feature", "properties": { "raster_value": 1, "overlap_with_reference": 0.52777777775873091, "bofedal_id": "bac796ab-cc91-5953-9dde-b0a4820bc1dc" }, "geometry": { "type": "Polygon", "coordinates": [ [ [ -67.938776454203719, -25.73457693334241 ], [ -67.938776454203719, -25.734846427927646 ], [ -67.939315443374184, -25.734846427927646 ], [ -67.939315443374184, -25.735115922512872 ], [ -67.939584937959424, -25.735115922512879 ], [ -67.939584937959424, -25.7367328900243 ], [ -67.939045948788959, -25.736732890024289 ], [ -67.939045948788959, -25.737002384609536 ], [ -67.938776454203719, -25.737002384609529 ], [ -67.938776454203719, -25.73646339543906 ], [ -67.938506959618479, -25.736463395439049 ], [ -67.938506959618479, -25.736193900853827 ], [ -67.938237465033239, -25.736193900853827 ], [ -67.938237465033239, -25.73592440626858 ], [ -67.937967970448014, -25.735924406268587 ], [ -67.937967970448014, -25.735115922512882 ], [ -67.938237465033239, -25.735115922512879 ], [ -67.938237465033239, -25.734846427927646 ], [ -67.938506959618479, -25.734846427927639 ], [ -67.938506959618479, -25.734576933342407 ], [ -67.938776454203719, -25.73457693334241 ] ] ] } },
{ "type": "Feature", "properties": { "raster_value": 1, "overlap_with_reference": 0.64705882350420907, "bofedal_id": "a3df0aad-6f5e-52c9-ad08-1d537c10037e" }, "geometry": { "type": "Polygon", "coordinates": [ [ [ -66.61906147030372, -25.74643469509278 ], [ -66.61906147030372, -25.746704189678013 ], [ -66.619600459474199, -25.746704189678027 ], [ -66.619600459474199, -25.746973684263253 ], [ -66.620408943229904, -25.746973684263249 ], [ -66.620408943229904, -25.747243178848485 ], [ -66.619600459474199, -25.747243178848489 ], [ -66.619600459474199, -25.747512673433729 ], [ -66.618522481133255, -25.747512673433729 ], [ -66.618522481133255, -25.746434695092777 ], [ -66.61906147030372, -25.74643469509278 ] ] ] } },
{ "type": "Feature", "properties": { "raster_value": 1, "overlap_with_reference": 0.6911764705853215, "bofedal_id": "dcc25efa-58a8-54c8-b185-17a360b51c46" }, "geometry": { "type": "Polygon", "coordinates": [ [ [ -67.399517789146756, -25.787667366633865 ], [ -67.399517789146756, -25.78874534497481 ], [ -67.399787283731996, -25.78874534497481 ], [ -67.399787283731996, -25.789284334145282 ], [ -67.400056778317236, -25.789284334145286 ], [ -67.400056778317236, -25.789553828730519 ], [ -67.400595767487701, -25.789553828730519 ], [ -67.400595767487701, -25.789823323315758 ], [ -67.400326272902475, -25.789823323315765 ], [ -67.400326272902475, -25.79063180707147 ], [ -67.400056778317236, -25.79063180707146 ], [ -67.400056778317236, -25.791170796241932 ], [ -67.399248294561531, -25.791170796241929 ], [ -67.399248294561531, -25.791440290827172 ], [ -67.398709305391051, -25.791440290827172 ], [ -67.398709305391051, -25.791170796241929 ], [ -67.398439810805826, -25.791170796241939 ], [ -67.398439810805826, -25.789014839560043 ], [ -67.398709305391051, -25.789014839560043 ], [ -67.398709305391051, -25.788206355804345 ], [ -67.398978799976291, -25.788206355804345 ], [ -67.398978799976291, -25.787667366633872 ], [ -67.399517789146756, -25.787667366633865 ] ] ] } },
{ "type": "Feature", "properties": { "raster_value": 1, "overlap_with_reference": 0.518518518513708, "bofedal_id": "54a43d06-4276-5ddf-8cae-0bfdf82651d4" }, "geometry": { "type": "Polygon", "coordinates": [ [ [ -67.40463818626624, -25.789823323315751 ], [ -67.40463818626624, -25.790092817901002 ], [ -67.40490768085148, -25.790092817900991 ], [ -67.40490768085148, -25.790631807071463 ], [ -67.405716164607185, -25.790631807071463 ], [ -67.405716164607185, -25.790362312486227 ], [ -67.406255153777664, -25.790362312486231 ], [ -67.406255153777664, -25.790631807071463 ], [ -67.406794142948129, -25.79063180707147 ], [ -67.406794142948129, -25.791709785412404 ], [ -67.406255153777664, -25.791709785412412 ], [ -67.406255153777664, -25.791979279997641 ], [ -67.405446670021945, -25.791979279997637 ], [ -67.405446670021945, -25.79224877458287 ], [ -67.40490768085148, -25.79224877458287 ], [ -67.40490768085148, -25.791979279997641 ], [ -67.40463818626624, -25.791979279997644 ], [ -67.40463818626624, -25.791709785412412 ], [ -67.404368691681015, -25.791709785412408 ], [ -67.404368691681015, -25.790901301656692 ], [ -67.404099197095775, -25.790901301656699 ], [ -67.404099197095775, -25.790092817900987 ], [ -67.404368691681015, -25.790092817900995 ], [ -67.404368691681015, -25.789823323315755 ], [ -67.40463818626624, -25.789823323315751 ] ] ] } },
{ "type": "Feature", "properties": { "raster_value": 1, "overlap_with_reference": 0.73825503354527677, "bofedal_id": "f637b8ac-b4a1-5a54-8dbe-cf205b5d51b3" }, "geometry": { "type": "Polygon", "coordinates": [ [ [ -67.141072481905582, -25.792518269168109 ], [ -67.141072481905582, -25.792787763753349 ], [ -67.141880965661286, -25.792787763753353 ], [ -67.141880965661286, -25.793057258338589 ], [ -67.142150460246526, -25.793057258338589 ], [ -67.142150460246526, -25.793326752923821 ], [ -67.142419954831752, -25.793326752923825 ], [ -67.142419954831752, -25.793596247509058 ], [ -67.142689449416991, -25.793596247509054 ], [ -67.142689449416991, -25.793865742094287 ], [ -67.142958944002231, -25.79386574209429 ], [ -67.142958944002231, -25.79413523667953 ], [ -67.142689449416991, -25.794135236679516 ], [ -67.142689449416991, -25.794404731264759 ], [ -67.142419954831752, -25.794404731264766 ], [ -67.142419954831752, -25.79413523667953 ], [ -67.141341976490807, -25.794135236679516 ], [ -67.141341976490807, -25.793865742094287 ], [ -67.140802987320342, -25.793865742094294 ], [ -67.140802987320342, -25.79413523667953 ], [ -67.139725008979397, -25.794135236679537 ], [ -67.139725008979397, -25.79440473126477 ], [ -67.138647030638452, -25.794404731264763 ], [ -67.138647030638452, -25.794674225850009 ], [ -67.136221579371337, -25.794674225850006 ], [ -67.136221579371337, -25.794943720435242 ], [ -67.135143601030393, -25.794943720435239 ], [ -67.135143601030393, -25.794674225849999 ], [ -67.134065622689448, -25.794674225850006 ], [ -67.134065622689448, -25.794404731264773 ], [ -67.134604611859913, -25.794404731264756 ], [ -67.134604611859913, -25.794135236679519 ], [ -67.135143601030393, -25.79413523667953 ], [ -67.135143601030393, -25.79386574209429 ], [ -67.135682590200858, -25.79386574209429 ], [ -67.135682590200858, -25.793596247509051 ], [ -67.136491073956563, -25.793596247509058 ], [ -67.136491073956563, -25.793326752923825 ], [ -67.137299557712268, -25.793326752923825 ], [ -67.137299557712268, -25.793057258338592 ], [ -67.138377536053213, -25.793057258338592 ], [ -67.138377536053213, -25.792787763753356 ], [ -67.140533492735102, -25.792787763753356 ], [ -67.140533492735102, -25.792518269168109 ], [ -67.141072481905582, -25.792518269168109 ] ] ] } },
{ "type": "Feature", "properties": { "raster_value": 1, "overlap_with_reference": 0.65923566877758433, "bofedal_id": "378d48b2-f36a-5bab-9087-965132302817" }, "geometry": { "type": "Polygon", "coordinates": [ [ [ -67.170986380866751, -25.79413523667953 ], [ -67.170986380866751, -25.794674225850009 ], [ -67.170716886281525, -25.794674225850009 ], [ -67.170716886281525, -25.796021698776183 ], [ -67.170447391696285, -25.796021698776183 ], [ -67.170447391696285, -25.796291193361423 ], [ -67.170177897111046, -25.796291193361419 ], [ -67.170177897111046, -25.796560687946656 ], [ -67.16990840252582, -25.796560687946648 ], [ -67.16990840252582, -25.796830182531878 ], [ -67.169369413355341, -25.796830182531888 ], [ -67.169369413355341, -25.797099677117124 ], [ -67.169099918770101, -25.797099677117128 ], [ -67.169099918770101, -25.797369171702357 ], [ -67.166674467502986, -25.797369171702364 ], [ -67.166674467502986, -25.797099677117117 ], [ -67.166135478332507, -25.797099677117121 ], [ -67.166135478332507, -25.796830182531888 ], [ -67.165865983747281, -25.796830182531888 ], [ -67.165865983747281, -25.797099677117117 ], [ -67.165596489162041, -25.797099677117121 ], [ -67.165596489162041, -25.796830182531888 ], [ -67.165326994576802, -25.796830182531885 ], [ -67.165326994576802, -25.797099677117114 ], [ -67.163440532480152, -25.797099677117124 ], [ -67.163440532480152, -25.796830182531885 ], [ -67.163171037894912, -25.796830182531881 ], [ -67.163171037894912, -25.796291193361423 ], [ -67.163440532480152, -25.796291193361423 ], [ -67.163440532480152, -25.796021698776183 ], [ -67.163171037894912, -25.796021698776183 ], [ -67.163171037894912, -25.79575220419094 ], [ -67.162901543309687, -25.795752204190951 ], [ -67.162901543309687, -25.796021698776176 ], [ -67.162632048724447, -25.79602169877618 ], [ -67.162632048724447, -25.796560687946656 ], [ -67.158859124531148, -25.796560687946652 ], [ -67.158859124531148, -25.79602169877618 ], [ -67.157781146190203, -25.79602169877618 ], [ -67.157781146190203, -25.796291193361419 ], [ -67.156972662434498, -25.796291193361419 ], [ -67.156972662434498, -25.796021698776183 ], [ -67.156433673264019, -25.79602169877619 ], [ -67.156433673264019, -25.795752204190954 ], [ -67.155894684093553, -25.795752204190954 ], [ -67.155894684093553, -25.795482709605718 ], [ -67.156433673264019, -25.795482709605707 ], [ -67.156433673264019, -25.795213215020471 ], [ -67.157511651604963, -25.795213215020475 ], [ -67.157511651604963, -25.794943720435231 ], [ -67.157781146190203, -25.794943720435231 ], [ -67.157781146190203, -25.795213215020475 ], [ -67.158050640775443, -25.795213215020468 ], [ -67.158050640775443, -25.7954827096057 ], [ -67.158320135360668, -25.795482709605704 ], [ -67.158320135360668, -25.795752204190947 ], [ -67.160206597457318, -25.795752204190947 ], [ -67.160206597457318, -25.795482709605704 ], [ -67.160476092042558, -25.795482709605714 ], [ -67.160476092042558, -25.795213215020471 ], [ -67.161015081213037, -25.795213215020475 ], [ -67.161015081213037, -25.794943720435231 ], [ -67.161284575798263, -25.794943720435239 ], [ -67.161284575798263, -25.794674225850009 ], [ -67.161554070383502, -25.794674225850013 ], [ -67.161554070383502, -25.79440473126477 ], [ -67.162632048724447, -25.794404731264759 ], [ -67.162632048724447, -25.794135236679523 ], [ -67.163710027065392, -25.79413523667953 ], [ -67.163710027065392, -25.794404731264763 ], [ -67.165057499991562, -25.794404731264759 ], [ -67.165057499991562, -25.794674225849999 ], [ -67.165326994576802, -25.794674225850006 ], [ -67.165326994576802, -25.794943720435239 ], [ -67.165596489162041, -25.794943720435242 ], [ -67.165596489162041, -25.795213215020475 ], [ -67.166135478332507, -25.795213215020471 ], [ -67.166135478332507, -25.795482709605704 ], [ -67.166404972917746, -25.795482709605711 ], [ -67.166404972917746, -25.795752204190954 ], [ -67.166943962088226, -25.795752204190947 ], [ -67.166943962088226, -25.796021698776176 ], [ -67.168560929599636, -25.79602169877618 ], [ -67.168560929599636, -25.795752204190951 ], [ -67.169099918770101, -25.795752204190954 ], [ -67.169099918770101, -25.795482709605704 ], [ -67.169369413355341, -25.795482709605718 ], [ -67.169369413355341, -25.795213215020478 ], [ -67.16963890794058, -25.795213215020482 ], [ -67.16963890794058, -25.794943720435239 ], [ -67.16990840252582, -25.794943720435231 ], [ -67.16990840252582, -25.794674225850002 ], [ -67.170177897111046, -25.794674225849999 ], [ -67.170177897111046, -25.794404731264766 ], [ -67.170716886281525, -25.794404731264766 ], [ -67.170716886281525, -25.794135236679519 ], [ -67.170986380866751, -25.79413523667953 ] ] ] } },
{ "type": "Feature", "properties": { "raster_value": 1, "overlap_with_reference": 0.59523809517868265, "bofedal_id": "c24c7526-831b-5a4f-afe6-843d1ab0b86a" }, "geometry": { "type": "MultiPolygon", "coordinates": [ [ [ [ -67.121938366353831, -25.79763866628759 ], [ -67.121938366353831, -25.797908160872829 ], [ -67.120051904257181, -25.797908160872833 ], [ -67.120051904257181, -25.798177655458062 ], [ -67.119782409671942, -25.798177655458073 ], [ -67.119782409671942, -25.797908160872829 ], [ -67.118704431330997, -25.797908160872829 ], [ -67.118704431330997, -25.798177655458069 ], [ -67.118165442160532, -25.798177655458058 ], [ -67.118165442160532, -25.798447150043295 ], [ -67.120051904257181, -25.798447150043302 ], [ -67.120051904257181, -25.798716644628549 ], [ -67.120860388012886, -25.798716644628541 ], [ -67.120860388012886, -25.798447150043305 ], [ -67.121399377183366, -25.798447150043305 ], [ -67.121399377183366, -25.798177655458076 ], [ -67.122207860939071, -25.798177655458066 ], [ -67.122207860939071, -25.797908160872829 ], [ -67.122477355524296, -25.797908160872829 ], [ -67.122477355524296, -25.797638666287597 ], [ -67.121938366353831, -25.79763866628759 ] ] ], [ [ [ -67.123824828450481, -25.797099677117124 ], [ -67.123824828450481, -25.797369171702353 ], [ -67.12409432303572, -25.797369171702361 ], [ -67.12409432303572, -25.7976386662876 ], [ -67.124633312206186, -25.79763866628759 ], [ -67.124633312206186, -25.797369171702353 ], [ -67.126789268888075, -25.797369171702361 ], [ -67.126789268888075, -25.797099677117114 ], [ -67.123824828450481, -25.797099677117124 ] ] ] ] } },
{ "type": "Feature", "properties": { "raster_value": 1, "overlap_with_reference": 0.78350515461412429, "bofedal_id": "0da86b7a-6fa1-5a70-ac8f-78c453650fac" }, "geometry": { "type": "Polygon", "coordinates": [ [ [ -67.113045045041048, -25.798716644628545 ], [ -67.113045045041048, -25.79898613921377 ], [ -67.114123023381993, -25.798986139213774 ], [ -67.114123023381993, -25.799255633799017 ], [ -67.113045045041048, -25.799255633799007 ], [ -67.113045045041048, -25.799525128384246 ], [ -67.112775550455808, -25.79952512838425 ], [ -67.112775550455808, -25.799794622969479 ], [ -67.111697572114863, -25.799794622969486 ], [ -67.111697572114863, -25.800064117554722 ], [ -67.111428077529638, -25.800064117554722 ], [ -67.111428077529638, -25.800333612139951 ], [ -67.110889088359158, -25.800333612139962 ], [ -67.110889088359158, -25.800603106725195 ], [ -67.110619593773919, -25.800603106725188 ], [ -67.110619593773919, -25.800872601310427 ], [ -67.110350099188693, -25.800872601310427 ], [ -67.110350099188693, -25.801411590480892 ], [ -67.110080604603453, -25.801411590480903 ], [ -67.110080604603453, -25.801681085066139 ], [ -67.109811110018214, -25.801681085066132 ], [ -67.109811110018214, -25.801950579651379 ], [ -67.109541615433002, -25.801950579651368 ], [ -67.109541615433002, -25.802220074236608 ], [ -67.109272120847749, -25.802220074236612 ], [ -67.109272120847749, -25.802489568821848 ], [ -67.108463637092058, -25.802489568821844 ], [ -67.108463637092058, -25.802759063407073 ], [ -67.107655153336324, -25.802759063407073 ], [ -67.107655153336324, -25.801950579651365 ], [ -67.107924647921564, -25.801950579651376 ], [ -67.107924647921564, -25.801411590480903 ], [ -67.108463637092058, -25.801411590480903 ], [ -67.108463637092058, -25.80114209589566 ], [ -67.108733131677269, -25.801142095895653 ], [ -67.108733131677269, -25.800872601310431 ], [ -67.109002626262509, -25.80087260131042 ], [ -67.109002626262509, -25.800603106725202 ], [ -67.109272120847749, -25.800603106725184 ], [ -67.109272120847749, -25.800333612139962 ], [ -67.109541615433002, -25.800333612139948 ], [ -67.109541615433002, -25.800064117554715 ], [ -67.109811110018214, -25.800064117554712 ], [ -67.109811110018214, -25.79979462296949 ], [ -67.110080604603453, -25.799794622969486 ], [ -67.110080604603453, -25.799525128384243 ], [ -67.111158582944398, -25.799525128384246 ], [ -67.111158582944398, -25.79925563379901 ], [ -67.111967066700103, -25.799255633799007 ], [ -67.111967066700103, -25.79898613921377 ], [ -67.112506055870583, -25.798986139213778 ], [ -67.112506055870583, -25.798716644628549 ], [ -67.113045045041048, -25.798716644628545 ] ] ] } },
{ "type": "Feature", "properties": { "raster_value": 1, "overlap_with_reference": 0.65243902435428081, "bofedal_id": "327afd8a-6572-5c1b-98ab-b87cc1d4d0fc" }, "geometry": { "type": "Polygon", "coordinates": [ [ [ -67.147809846536475, -25.798716644628538 ], [ -67.147809846536475, -25.799255633799007 ], [ -67.147540351951235, -25.799255633799017 ], [ -67.147540351951235, -25.79952512838425 ], [ -67.14700136278077, -25.799525128384239 ], [ -67.14700136278077, -25.799794622969483 ], [ -67.146731868195531, -25.799794622969483 ], [ -67.146731868195531, -25.800064117554715 ], [ -67.145384395269346, -25.800064117554712 ], [ -67.145384395269346, -25.800333612139948 ], [ -67.144575911513641, -25.800333612139951 ], [ -67.144575911513641, -25.800603106725188 ], [ -67.144036922343176, -25.800603106725188 ], [ -67.144036922343176, -25.800872601310427 ], [ -67.143767427757936, -25.800872601310424 ], [ -67.143767427757936, -25.801142095895667 ], [ -67.143228438587457, -25.801142095895656 ], [ -67.143228438587457, -25.801411590480896 ], [ -67.142689449416991, -25.801411590480903 ], [ -67.142689449416991, -25.801681085066132 ], [ -67.142419954831752, -25.801681085066136 ], [ -67.142419954831752, -25.801950579651372 ], [ -67.141880965661286, -25.801950579651368 ], [ -67.141880965661286, -25.802220074236608 ], [ -67.141611471076047, -25.802220074236608 ], [ -67.141611471076047, -25.802489568821844 ], [ -67.140802987320342, -25.802489568821855 ], [ -67.140802987320342, -25.80275906340708 ], [ -67.139994503564637, -25.802759063407073 ], [ -67.139994503564637, -25.803028557992306 ], [ -67.139455514394157, -25.80302855799231 ], [ -67.139455514394157, -25.803298052577553 ], [ -67.139186019808932, -25.803298052577549 ], [ -67.139186019808932, -25.803567547162785 ], [ -67.138647030638452, -25.803567547162796 ], [ -67.138647030638452, -25.803837041748025 ], [ -67.137838546882747, -25.803837041748022 ], [ -67.137838546882747, -25.804106536333258 ], [ -67.134874106445153, -25.804106536333254 ], [ -67.134874106445153, -25.803837041748018 ], [ -67.135413095615618, -25.803837041748022 ], [ -67.135413095615618, -25.803567547162782 ], [ -67.135682590200858, -25.803567547162782 ], [ -67.135682590200858, -25.803298052577553 ], [ -67.136221579371337, -25.803298052577553 ], [ -67.136221579371337, -25.80302855799231 ], [ -67.137569052297508, -25.80302855799231 ], [ -67.137569052297508, -25.802759063407077 ], [ -67.138108041467987, -25.80275906340707 ], [ -67.138108041467987, -25.802489568821837 ], [ -67.138377536053213, -25.802489568821848 ], [ -67.138377536053213, -25.802220074236601 ], [ -67.138647030638452, -25.802220074236605 ], [ -67.138647030638452, -25.801950579651372 ], [ -67.138916525223692, -25.801950579651376 ], [ -67.138916525223692, -25.801681085066136 ], [ -67.139455514394157, -25.801681085066143 ], [ -67.139455514394157, -25.801411590480903 ], [ -67.142150460246526, -25.801411590480903 ], [ -67.142150460246526, -25.80114209589566 ], [ -67.142689449416991, -25.801142095895653 ], [ -67.142689449416991, -25.800872601310424 ], [ -67.143228438587457, -25.80087260131042 ], [ -67.143228438587457, -25.800603106725195 ], [ -67.143497933172696, -25.800603106725188 ], [ -67.143497933172696, -25.800333612139951 ], [ -67.144036922343176, -25.800333612139958 ], [ -67.144036922343176, -25.800064117554712 ], [ -67.144575911513641, -25.800064117554722 ], [ -67.144575911513641, -25.799794622969475 ], [ -67.144845406098881, -25.799794622969486 ], [ -67.144845406098881, -25.79952512838425 ], [ -67.145923384439826, -25.799525128384246 ], [ -67.145923384439826, -25.799255633799017 ], [ -67.146731868195531, -25.799255633799007 ], [ -67.146731868195531, -25.798986139213781 ], [ -67.147270857365996, -25.798986139213778 ], [ -67.147270857365996, -25.798716644628538 ], [ -67.147809846536475, -25.798716644628538 ] ] ] } },
{ "type": "Feature", "properties": { "raster_value": 1, "overlap_with_reference": 0.51923076923090594, "bofedal_id": "84245c87-7ac7-588b-a5c8-505ee0d230b4" }, "geometry": { "type": "Polygon", "coordinates": [ [ [ -67.295223384660488, -25.839410326999154 ], [ -67.295223384660488, -25.839679821584394 ], [ -67.295762373830954, -25.839679821584387 ], [ -67.295762373830954, -25.83994931616963 ], [ -67.296031868416193, -25.839949316169623 ], [ -67.296031868416193, -25.840218810754859 ], [ -67.296301363001433, -25.840218810754859 ], [ -67.296301363001433, -25.841835778266272 ], [ -67.296031868416193, -25.841835778266269 ], [ -67.296031868416193, -25.842105272851516 ], [ -67.295223384660488, -25.842105272851516 ], [ -67.295223384660488, -25.841835778266269 ], [ -67.294953890075249, -25.841835778266283 ], [ -67.294953890075249, -25.841027294510567 ], [ -67.294684395490009, -25.841027294510564 ], [ -67.294684395490009, -25.840488305340099 ], [ -67.294414900904783, -25.840488305340099 ], [ -67.294414900904783, -25.839679821584383 ], [ -67.294145406319544, -25.839679821584397 ], [ -67.294145406319544, -25.83941032699915 ], [ -67.295223384660488, -25.839410326999154 ] ] ] } },
{ "type": "Feature", "properties": { "raster_value": 1, "overlap_with_reference": 0.63076923074691282, "bofedal_id": "353209d7-96ae-5ced-b41e-f5ecee0bc4ea" }, "geometry": { "type": "Polygon", "coordinates": [ [ [ -67.161823564968742, -25.86258686132944 ], [ -67.161823564968742, -25.86285635591468 ], [ -67.162093059553968, -25.862856355914676 ], [ -67.162093059553968, -25.863125850499909 ], [ -67.162362554139207, -25.863125850499902 ], [ -67.162362554139207, -25.863395345085145 ], [ -67.162632048724447, -25.863395345085138 ], [ -67.162632048724447, -25.863934334255614 ], [ -67.162901543309687, -25.863934334255614 ], [ -67.162901543309687, -25.864203828840854 ], [ -67.163171037894912, -25.864203828840854 ], [ -67.163171037894912, -25.864473323426097 ], [ -67.164788005406336, -25.86447332342609 ], [ -67.164788005406336, -25.86420382884085 ], [ -67.165326994576802, -25.864203828840857 ], [ -67.165326994576802, -25.863934334255624 ], [ -67.165596489162041, -25.863934334255624 ], [ -67.165596489162041, -25.863664839670378 ], [ -67.166404972917746, -25.863664839670381 ], [ -67.166404972917746, -25.863395345085138 ], [ -67.167213456673451, -25.863395345085145 ], [ -67.167213456673451, -25.863664839670388 ], [ -67.169369413355341, -25.863664839670385 ], [ -67.169369413355341, -25.863934334255621 ], [ -67.170447391696285, -25.863934334255614 ], [ -67.170447391696285, -25.864203828840854 ], [ -67.170986380866751, -25.864203828840854 ], [ -67.170986380866751, -25.864742818011319 ], [ -67.17125587545199, -25.864742818011319 ], [ -67.17125587545199, -25.865012312596555 ], [ -67.17152537003723, -25.865012312596566 ], [ -67.17152537003723, -25.865281807181791 ], [ -67.172064359207695, -25.865281807181795 ], [ -67.172064359207695, -25.865551301767038 ], [ -67.17125587545199, -25.865551301767031 ], [ -67.17125587545199, -25.865281807181798 ], [ -67.170177897111046, -25.865281807181795 ], [ -67.170177897111046, -25.865012312596559 ], [ -67.16963890794058, -25.865012312596562 ], [ -67.16963890794058, -25.864742818011322 ], [ -67.168560929599636, -25.864742818011322 ], [ -67.168560929599636, -25.864473323426083 ], [ -67.167752445843931, -25.864473323426086 ], [ -67.167752445843931, -25.864203828840846 ], [ -67.167213456673451, -25.86420382884085 ], [ -67.167213456673451, -25.86447332342609 ], [ -67.165596489162041, -25.864473323426093 ], [ -67.165596489162041, -25.864742818011322 ], [ -67.164788005406336, -25.864742818011329 ], [ -67.164788005406336, -25.865012312596562 ], [ -67.164518510821097, -25.865012312596551 ], [ -67.164518510821097, -25.865281807181784 ], [ -67.162362554139207, -25.865281807181788 ], [ -67.162362554139207, -25.864742818011319 ], [ -67.162093059553968, -25.864742818011319 ], [ -67.162093059553968, -25.86420382884085 ], [ -67.161823564968742, -25.864203828840857 ], [ -67.161823564968742, -25.863395345085141 ], [ -67.161554070383502, -25.863395345085138 ], [ -67.161554070383502, -25.86258686132944 ], [ -67.161823564968742, -25.86258686132944 ] ] ] } },
{ "type": "Feature", "properties": { "raster_value": 1, "overlap_with_reference": 0.72222222218667431, "bofedal_id": "c0c56c08-b237-5ef1-94f0-bf94a15cc0dc" }, "geometry": { "type": "Polygon", "coordinates": [ [ [ -66.631727715809816, -25.864742818011319 ], [ -66.631727715809816, -25.865012312596562 ], [ -66.631188726639337, -25.865012312596559 ], [ -66.631188726639337, -25.865281807181795 ], [ -66.630649737468872, -25.865281807181791 ], [ -66.630649737468872, -25.865551301767031 ], [ -66.630110748298392, -25.865551301767045 ], [ -66.630110748298392, -25.865820796352263 ], [ -66.629302264542687, -25.86582079635226 ], [ -66.629302264542687, -25.8660902909375 ], [ -66.627685297031263, -25.866090290937496 ], [ -66.627685297031263, -25.866359785522732 ], [ -66.626876813275558, -25.866359785522747 ], [ -66.626876813275558, -25.866629280107972 ], [ -66.625798834934614, -25.866629280107972 ], [ -66.625798834934614, -25.866359785522743 ], [ -66.626337824105093, -25.866359785522736 ], [ -66.626337824105093, -25.866090290937496 ], [ -66.626876813275558, -25.866090290937496 ], [ -66.626876813275558, -25.865820796352267 ], [ -66.627415802446038, -25.865820796352271 ], [ -66.627415802446038, -25.865551301767031 ], [ -66.627954791616503, -25.865551301767034 ], [ -66.627954791616503, -25.865281807181791 ], [ -66.628763275372208, -25.865281807181798 ], [ -66.628763275372208, -25.865012312596559 ], [ -66.629841253713153, -25.865012312596559 ], [ -66.629841253713153, -25.864742818011329 ], [ -66.631727715809816, -25.864742818011319 ] ] ] } },
{ "type": "Feature", "properties": { "raster_value": 1, "overlap_with_reference": 0.53333333331080535, "bofedal_id": "92e07c54-ba47-5a6e-a7cb-4fd7b6790f57" }, "geometry": { "type": "Polygon", "coordinates": [ [ [ -67.23997699468714, -25.867437763863688 ], [ -67.23997699468714, -25.86770725844891 ], [ -67.239438005516661, -25.867707258448917 ], [ -67.239438005516661, -25.86797675303416 ], [ -67.239168510931435, -25.867976753034156 ], [ -67.239168510931435, -25.868246247619393 ], [ -67.239438005516661, -25.868246247619393 ], [ -67.239438005516661, -25.868515742204625 ], [ -67.23997699468714, -25.868515742204622 ], [ -67.23997699468714, -25.868785236789872 ], [ -67.2397075001019, -25.868785236789861 ], [ -67.2397075001019, -25.869324225960327 ], [ -67.239168510931435, -25.869324225960327 ], [ -67.239168510931435, -25.869054731375098 ], [ -67.238360027175716, -25.869054731375094 ], [ -67.238360027175716, -25.868785236789865 ], [ -67.237551543420011, -25.868785236789869 ], [ -67.237551543420011, -25.868515742204622 ], [ -67.236473565079066, -25.868515742204632 ], [ -67.236473565079066, -25.867976753034149 ], [ -67.238360027175716, -25.867976753034153 ], [ -67.238360027175716, -25.867707258448917 ], [ -67.238899016346195, -25.867707258448917 ], [ -67.238899016346195, -25.867437763863677 ], [ -67.23997699468714, -25.867437763863688 ] ] ] } },
{ "type": "Feature", "properties": { "raster_value": 1, "overlap_with_reference": 0.76923076913724098, "bofedal_id": "5f3af60e-c967-5dd1-822c-f8276b3e0320" }, "geometry": { "type": "Polygon", "coordinates": [ [ [ -66.731710206932306, -25.911904370427592 ], [ -66.731710206932306, -25.912173865012825 ], [ -66.732249196102785, -25.912173865012832 ], [ -66.732249196102785, -25.912712854183301 ], [ -66.731979701517545, -25.912712854183305 ], [ -66.731979701517545, -25.912443359598072 ], [ -66.73117121776184, -25.912443359598065 ], [ -66.73117121776184, -25.912173865012832 ], [ -66.72955425025043, -25.912173865012836 ], [ -66.72955425025043, -25.911904370427596 ], [ -66.731710206932306, -25.911904370427592 ] ] ] } },
{ "type": "Feature", "properties": { "raster_value": 1, "overlap_with_reference": 0.50602409637855084, "bofedal_id": "3c91be05-6364-5056-a96e-bce7a6e78580" }, "geometry": { "type": "MultiPolygon", "coordinates": [ [ [ [ -67.044593420391138, -25.932116464320288 ], [ -67.044593420391138, -25.932385958905527 ], [ -67.044862914976378, -25.932385958905527 ], [ -67.044862914976378, -25.932924948075993 ], [ -67.045132409561617, -25.932924948075993 ], [ -67.045132409561617, -25.934002926416944 ], [ -67.045401904146843, -25.934002926416944 ], [ -67.045401904146843, -25.934272421002181 ], [ -67.045671398732082, -25.934272421002177 ], [ -67.045671398732082, -25.934541915587413 ], [ -67.045940893317322, -25.934541915587413 ], [ -67.045940893317322, -25.933194442661225 ], [ -67.045671398732082, -25.933194442661232 ], [ -67.045671398732082, -25.932655453490767 ], [ -67.045401904146843, -25.932655453490764 ], [ -67.045401904146843, -25.932385958905524 ], [ -67.045132409561617, -25.932385958905527 ], [ -67.045132409561617, -25.932116464320291 ], [ -67.044593420391138, -25.932116464320288 ] ] ], [ [ [ -67.043784936635433, -25.924570615933689 ], [ -67.043784936635433, -25.924840110518925 ], [ -67.043515442050193, -25.924840110518915 ], [ -67.043515442050193, -25.925109605104154 ], [ -67.042167969124023, -25.925109605104151 ], [ -67.042167969124023, -25.924840110518911 ], [ -67.041359485368304, -25.924840110518915 ], [ -67.041359485368304, -25.925648594274623 ], [ -67.041628979953543, -25.925648594274623 ], [ -67.041628979953543, -25.925918088859873 ], [ -67.041898474538783, -25.925918088859863 ], [ -67.041898474538783, -25.926457078030335 ], [ -67.042167969124023, -25.926457078030332 ], [ -67.042167969124023, -25.926996067200808 ], [ -67.042437463709248, -25.926996067200804 ], [ -67.042437463709248, -25.92942151846793 ], [ -67.042706958294488, -25.929421518467933 ], [ -67.042706958294488, -25.929960507638398 ], [ -67.042976452879728, -25.929960507638402 ], [ -67.042976452879728, -25.931038485979347 ], [ -67.043245947464968, -25.93103848597935 ], [ -67.043245947464968, -25.931307980564583 ], [ -67.043515442050193, -25.931307980564579 ], [ -67.043515442050193, -25.931577475149819 ], [ -67.044054431220673, -25.931577475149815 ], [ -67.044054431220673, -25.93076899139411 ], [ -67.043784936635433, -25.930768991394107 ], [ -67.043784936635433, -25.929960507638398 ], [ -67.043515442050193, -25.929960507638402 ], [ -67.043515442050193, -25.929691013053159 ], [ -67.043784936635433, -25.929691013053173 ], [ -67.043784936635433, -25.928613034712228 ], [ -67.044054431220673, -25.928613034712217 ], [ -67.044054431220673, -25.928074045541756 ], [ -67.044323925805898, -25.928074045541752 ], [ -67.044323925805898, -25.927535056371276 ], [ -67.044054431220673, -25.927535056371276 ], [ -67.044054431220673, -25.926187583445092 ], [ -67.044323925805898, -25.926187583445099 ], [ -67.044323925805898, -25.925648594274623 ], [ -67.044054431220673, -25.925648594274627 ], [ -67.044054431220673, -25.924570615933682 ], [ -67.043784936635433, -25.924570615933689 ] ] ] ] } },
{ "type": "Feature", "properties": { "raster_value": 1, "overlap_with_reference": 0.82758620687899542, "bofedal_id": "9a02db31-518c-5865-b6c9-0a93504f0f27" }, "geometry": { "type": "Polygon", "coordinates": [ [ [ -67.175298294230529, -25.979547511321801 ], [ -67.175298294230529, -25.979817005907037 ], [ -67.176106777986234, -25.97981700590703 ], [ -67.176106777986234, -25.980086500492277 ], [ -67.176376272571474, -25.980086500492273 ], [ -67.176376272571474, -25.980355995077513 ], [ -67.176645767156714, -25.980355995077502 ], [ -67.176645767156714, -25.980894984247985 ], [ -67.176376272571474, -25.980894984247978 ], [ -67.176376272571474, -25.981433973418451 ], [ -67.175837283401009, -25.981433973418447 ], [ -67.175837283401009, -25.981164478833211 ], [ -67.175298294230529, -25.981164478833215 ], [ -67.175298294230529, -25.980894984247978 ], [ -67.173950821304345, -25.980894984247978 ], [ -67.173950821304345, -25.981164478833218 ], [ -67.17368132671912, -25.981164478833215 ], [ -67.17368132671912, -25.981433973418454 ], [ -67.172603348378175, -25.981433973418454 ], [ -67.172603348378175, -25.980625489662746 ], [ -67.17341183213388, -25.980625489662746 ], [ -67.17341183213388, -25.98035599507751 ], [ -67.173950821304345, -25.980355995077513 ], [ -67.173950821304345, -25.98008650049227 ], [ -67.174489810474824, -25.98008650049227 ], [ -67.174489810474824, -25.979817005907041 ], [ -67.17502879964529, -25.979817005907034 ], [ -67.17502879964529, -25.979547511321798 ], [ -67.175298294230529, -25.979547511321801 ] ] ] } },
{ "type": "Feature", "properties": { "raster_value": 1, "overlap_with_reference": 0.78278688523108142, "bofedal_id": "e551f878-186f-54e6-86f6-6de802c488fa" }, "geometry": { "type": "Polygon", "coordinates": [ [ [ -67.14700136278077, -25.978469532980856 ], [ -67.14700136278077, -25.9787390275661 ], [ -67.149426814047885, -25.978739027566093 ], [ -67.149426814047885, -25.979008522151322 ], [ -67.151313276144535, -25.979008522151329 ], [ -67.151313276144535, -25.979278016736565 ], [ -67.151852265315014, -25.979278016736565 ], [ -67.151852265315014, -25.979547511321801 ], [ -67.152121759900254, -25.979547511321801 ], [ -67.152121759900254, -25.979817005907041 ], [ -67.15239125448548, -25.979817005907041 ], [ -67.15239125448548, -25.979547511321801 ], [ -67.152660749070719, -25.979547511321801 ], [ -67.152660749070719, -25.979817005907044 ], [ -67.153199738241184, -25.979817005907037 ], [ -67.153199738241184, -25.980086500492273 ], [ -67.154008221996904, -25.980086500492273 ], [ -67.154008221996904, -25.98035599507751 ], [ -67.155086200337848, -25.98035599507751 ], [ -67.155086200337848, -25.980625489662746 ], [ -67.155894684093553, -25.980625489662749 ], [ -67.155894684093553, -25.980894984247978 ], [ -67.156164178678779, -25.980894984247982 ], [ -67.156164178678779, -25.980625489662746 ], [ -67.156703167849258, -25.980625489662746 ], [ -67.156703167849258, -25.980894984247982 ], [ -67.156972662434498, -25.980894984247978 ], [ -67.156972662434498, -25.981164478833215 ], [ -67.159398113701613, -25.981164478833211 ], [ -67.159398113701613, -25.98143397341844 ], [ -67.159937102872092, -25.981433973418451 ], [ -67.159937102872092, -25.981703468003687 ], [ -67.160745586627797, -25.98170346800368 ], [ -67.160745586627797, -25.981972962588923 ], [ -67.160476092042558, -25.981972962588927 ], [ -67.160476092042558, -25.982242457174163 ], [ -67.161015081213037, -25.982242457174163 ], [ -67.161015081213037, -25.982511951759395 ], [ -67.161823564968742, -25.982511951759395 ], [ -67.161823564968742, -25.982242457174163 ], [ -67.162901543309687, -25.982242457174159 ], [ -67.162901543309687, -25.982511951759399 ], [ -67.163440532480152, -25.982511951759399 ], [ -67.163440532480152, -25.982781446344632 ], [ -67.163710027065392, -25.982781446344635 ], [ -67.163710027065392, -25.983050940929861 ], [ -67.164249016235857, -25.983050940929864 ], [ -67.164249016235857, -25.983320435515097 ], [ -67.165326994576802, -25.9833204355151 ], [ -67.165326994576802, -25.983589930100344 ], [ -67.165057499991562, -25.983589930100344 ], [ -67.165057499991562, -25.983859424685566 ], [ -67.164518510821097, -25.983859424685566 ], [ -67.164518510821097, -25.98358993010034 ], [ -67.163171037894912, -25.983589930100333 ], [ -67.163171037894912, -25.983859424685573 ], [ -67.162901543309687, -25.983859424685573 ], [ -67.162901543309687, -25.98358993010034 ], [ -67.160206597457318, -25.983589930100344 ], [ -67.160206597457318, -25.983320435515111 ], [ -67.159398113701613, -25.9833204355151 ], [ -67.159398113701613, -25.983050940929871 ], [ -67.158589629945908, -25.983050940929861 ], [ -67.158589629945908, -25.982781446344632 ], [ -67.156433673264019, -25.982781446344628 ], [ -67.156433673264019, -25.982511951759395 ], [ -67.155086200337848, -25.982511951759399 ], [ -67.155086200337848, -25.982242457174159 ], [ -67.153738727411664, -25.982242457174163 ], [ -67.153738727411664, -25.98197296258892 ], [ -67.152121759900254, -25.981972962588923 ], [ -67.152121759900254, -25.982242457174156 ], [ -67.151582770729775, -25.982242457174163 ], [ -67.151582770729775, -25.982511951759399 ], [ -67.151313276144535, -25.982511951759399 ], [ -67.151313276144535, -25.982781446344628 ], [ -67.151043781559309, -25.982781446344632 ], [ -67.151043781559309, -25.982511951759392 ], [ -67.15077428697407, -25.982511951759399 ], [ -67.15077428697407, -25.982242457174163 ], [ -67.15050479238883, -25.982242457174163 ], [ -67.15050479238883, -25.981972962588927 ], [ -67.15023529780359, -25.981972962588927 ], [ -67.15023529780359, -25.981703468003687 ], [ -67.15050479238883, -25.98170346800368 ], [ -67.15050479238883, -25.981433973418447 ], [ -67.149696308633125, -25.981433973418451 ], [ -67.149696308633125, -25.981164478833218 ], [ -67.14834883570694, -25.981164478833211 ], [ -67.14834883570694, -25.981433973418447 ], [ -67.147809846536475, -25.981433973418451 ], [ -67.147809846536475, -25.981164478833218 ], [ -67.147270857365996, -25.981164478833218 ], [ -67.147270857365996, -25.980625489662742 ], [ -67.14700136278077, -25.980625489662746 ], [ -67.14700136278077, -25.980355995077506 ], [ -67.146731868195531, -25.98035599507751 ], [ -67.146731868195531, -25.980086500492273 ], [ -67.146462373610291, -25.98008650049227 ], [ -67.146462373610291, -25.979817005907041 ], [ -67.146192879025051, -25.979817005907037 ], [ -67.146192879025051, -25.978469532980856 ], [ -67.14700136278077, -25.978469532980856 ] ] ] } },
{ "type": "Feature", "properties": { "raster_value": 1, "overlap_with_reference": 0.65853658532622283, "bofedal_id": "63784836-4c89-5926-abc0-3fb7e3609d70" }, "geometry": { "type": "Polygon", "coordinates": [ [ [ -66.788573564417078, -26.007305453601095 ], [ -66.788573564417078, -26.007574948186328 ], [ -66.788843059002318, -26.007574948186335 ], [ -66.788843059002318, -26.007844442771567 ], [ -66.788034575246598, -26.007844442771564 ], [ -66.788034575246598, -26.008113937356807 ], [ -66.787226091490894, -26.008113937356804 ], [ -66.787226091490894, -26.008383431942029 ], [ -66.786956596905668, -26.00838343194204 ], [ -66.786956596905668, -26.008652926527276 ], [ -66.786687102320428, -26.008652926527272 ], [ -66.786687102320428, -26.009191915697741 ], [ -66.786148113149949, -26.009191915697745 ], [ -66.786148113149949, -26.008922421112501 ], [ -66.785878618564723, -26.008922421112509 ], [ -66.785878618564723, -26.008652926527265 ], [ -66.785339629394244, -26.008652926527272 ], [ -66.785339629394244, -26.008383431942029 ], [ -66.784531145638539, -26.00838343194204 ], [ -66.784531145638539, -26.008113937356796 ], [ -66.785609123979484, -26.0081139373568 ], [ -66.785609123979484, -26.007844442771564 ], [ -66.786687102320428, -26.007844442771564 ], [ -66.786687102320428, -26.007574948186335 ], [ -66.787765080661373, -26.007574948186335 ], [ -66.787765080661373, -26.007305453601091 ], [ -66.788573564417078, -26.007305453601095 ] ] ] } },
{ "type": "Feature", "properties": { "raster_value": 1, "overlap_with_reference": 0.58139534882352273, "bofedal_id": "8ca85b37-9026-5e41-93f7-1cea86581eba" }, "geometry": { "type": "Polygon", "coordinates": [ [ [ -66.789382048172783, -26.014312312817221 ], [ -66.789382048172783, -26.014581807402454 ], [ -66.789651542758023, -26.014581807402461 ], [ -66.789651542758023, -26.014851301987697 ], [ -66.790190531928488, -26.014851301987694 ], [ -66.790190531928488, -26.01512079657293 ], [ -66.791268510269433, -26.015120796572933 ], [ -66.791268510269433, -26.015390291158166 ], [ -66.791807499439912, -26.015390291158177 ], [ -66.791807499439912, -26.015659785743399 ], [ -66.792346488610377, -26.015659785743402 ], [ -66.792346488610377, -26.015929280328642 ], [ -66.793154972366082, -26.015929280328638 ], [ -66.793154972366082, -26.016198774913878 ], [ -66.795580423633211, -26.016198774913871 ], [ -66.795580423633211, -26.016468269499114 ], [ -66.796388907388916, -26.016468269499111 ], [ -66.796388907388916, -26.017276753254823 ], [ -66.796119412803677, -26.017276753254816 ], [ -66.796119412803677, -26.017546247840055 ], [ -66.794232950707027, -26.017546247840055 ], [ -66.794232950707027, -26.017276753254826 ], [ -66.793963456121787, -26.017276753254812 ], [ -66.793963456121787, -26.017007258669583 ], [ -66.793693961536562, -26.017007258669587 ], [ -66.793693961536562, -26.016737764084343 ], [ -66.792885477780857, -26.016737764084343 ], [ -66.792885477780857, -26.016468269499118 ], [ -66.791268510269433, -26.016468269499114 ], [ -66.791268510269433, -26.016198774913878 ], [ -66.789651542758023, -26.016198774913875 ], [ -66.789651542758023, -26.015929280328649 ], [ -66.788304069831838, -26.015929280328638 ], [ -66.788304069831838, -26.016198774913867 ], [ -66.788034575246598, -26.016198774913875 ], [ -66.788034575246598, -26.015929280328635 ], [ -66.787765080661373, -26.015929280328635 ], [ -66.787765080661373, -26.015390291158166 ], [ -66.788034575246598, -26.015390291158173 ], [ -66.788034575246598, -26.014312312817225 ], [ -66.788304069831838, -26.014312312817232 ], [ -66.788304069831838, -26.014581807402461 ], [ -66.789112553587543, -26.014581807402465 ], [ -66.789112553587543, -26.014312312817218 ], [ -66.789382048172783, -26.014312312817221 ] ] ] } },
{ "type": "Feature", "properties": { "raster_value": 1, "overlap_with_reference": 0.99999999993348654, "bofedal_id": "63838b88-791c-5076-974f-e960b00c2a3b" }, "geometry": { "type": "Polygon", "coordinates": [ [ [ -66.673499376521363, -26.027787042079019 ], [ -66.673499376521363, -26.028056536664256 ], [ -66.673768871106603, -26.028056536664256 ], [ -66.673768871106603, -26.028326031249495 ], [ -66.673499376521363, -26.028326031249499 ], [ -66.673499376521363, -26.028595525834724 ], [ -66.672960387350898, -26.028595525834728 ], [ -66.672960387350898, -26.028865020419961 ], [ -66.672690892765658, -26.028865020419957 ], [ -66.672690892765658, -26.027787042079019 ], [ -66.673499376521363, -26.027787042079019 ] ] ] } },
{ "type": "Feature", "properties": { "raster_value": 1, "overlap_with_reference": 0.5384615384596273, "bofedal_id": "65b16460-7e8f-58ef-9f83-3544a4c3c6e6" }, "geometry": { "type": "Polygon", "coordinates": [ [ [ -66.672421398180418, -26.03641086880657 ], [ -66.672421398180418, -26.037758341732747 ], [ -66.672151903595193, -26.037758341732737 ], [ -66.672151903595193, -26.038027836317983 ], [ -66.671882409009953, -26.03802783631798 ], [ -66.671882409009953, -26.038566825488452 ], [ -66.671343419839474, -26.038566825488456 ], [ -66.671343419839474, -26.03829733090322 ], [ -66.671073925254248, -26.038297330903205 ], [ -66.671073925254248, -26.037488847147507 ], [ -66.671343419839474, -26.037488847147507 ], [ -66.671343419839474, -26.036949857977032 ], [ -66.671612914424713, -26.036949857977032 ], [ -66.671612914424713, -26.036680363391802 ], [ -66.672151903595193, -26.036680363391792 ], [ -66.672151903595193, -26.03641086880657 ], [ -66.672421398180418, -26.03641086880657 ] ] ] } },
{ "type": "Feature", "properties": { "raster_value": 1, "overlap_with_reference": 0.77777777773981593, "bofedal_id": "32197388-9454-5eb6-a4a7-09ab44e6620e" }, "geometry": { "type": "Polygon", "coordinates": [ [ [ -66.542525008096746, -26.108096428479307 ], [ -66.542525008096746, -26.108904912235012 ], [ -66.543333491852451, -26.108904912235012 ], [ -66.543333491852451, -26.109443901405484 ], [ -66.542794502681971, -26.109443901405474 ], [ -66.542794502681971, -26.10971339599072 ], [ -66.542525008096746, -26.109713395990717 ], [ -66.542525008096746, -26.109443901405481 ], [ -66.542255513511506, -26.109443901405477 ], [ -66.542255513511506, -26.109174406820244 ], [ -66.541986018926266, -26.109174406820248 ], [ -66.541986018926266, -26.108904912235005 ], [ -66.541447029755801, -26.108904912235012 ], [ -66.541447029755801, -26.108635417649765 ], [ -66.541986018926266, -26.108635417649776 ], [ -66.541986018926266, -26.108096428479296 ], [ -66.542525008096746, -26.108096428479307 ] ] ] } },
{ "type": "Feature", "properties": { "raster_value": 1, "overlap_with_reference": 0.52205882351892663, "bofedal_id": "dc2c1209-039b-5071-9b50-84dcd55faeb3" }, "geometry": { "type": "MultiPolygon", "coordinates": [ [ [ [ -66.821990892986321, -26.158222421333168 ], [ -66.821990892986321, -26.158491915918404 ], [ -66.821182409230616, -26.158491915918411 ], [ -66.821182409230616, -26.158761410503644 ], [ -66.819834936304431, -26.158761410503647 ], [ -66.819834936304431, -26.159300399674112 ], [ -66.819565441719206, -26.159300399674116 ], [ -66.819565441719206, -26.159569894259352 ], [ -66.819834936304431, -26.159569894259356 ], [ -66.819834936304431, -26.159839388844585 ], [ -66.820104430889671, -26.159839388844588 ], [ -66.820104430889671, -26.160108883429817 ], [ -66.820912914645376, -26.160108883429821 ], [ -66.820912914645376, -26.160378378015057 ], [ -66.821721398401081, -26.160378378015057 ], [ -66.821721398401081, -26.160108883429825 ], [ -66.823607860497745, -26.160108883429821 ], [ -66.823607860497745, -26.160378378015061 ], [ -66.823877355082971, -26.160378378015054 ], [ -66.823877355082971, -26.160647872600293 ], [ -66.82414684966821, -26.1606478726003 ], [ -66.82414684966821, -26.16091736718553 ], [ -66.825224828009155, -26.160917367185533 ], [ -66.825224828009155, -26.161456356355995 ], [ -66.825494322594395, -26.161456356355995 ], [ -66.825494322594395, -26.161725850941242 ], [ -66.82576381717962, -26.161725850941238 ], [ -66.82576381717962, -26.161186861770766 ], [ -66.825494322594395, -26.161186861770766 ], [ -66.825494322594395, -26.16064787260029 ], [ -66.825224828009155, -26.160647872600297 ], [ -66.825224828009155, -26.160108883429825 ], [ -66.824955333423915, -26.160108883429825 ], [ -66.824955333423915, -26.159839388844581 ], [ -66.824685838838676, -26.159839388844595 ], [ -66.824685838838676, -26.15930039967412 ], [ -66.82441634425345, -26.15930039967412 ], [ -66.82441634425345, -26.15903090508888 ], [ -66.82414684966821, -26.15903090508888 ], [ -66.82414684966821, -26.158761410503647 ], [ -66.822799376742026, -26.158761410503637 ], [ -66.822799376742026, -26.158491915918397 ], [ -66.8225298821568, -26.158491915918407 ], [ -66.8225298821568, -26.158222421333175 ], [ -66.821990892986321, -26.158222421333168 ] ] ], [ [ [ -66.82765027927627, -26.157683432162703 ], [ -66.82765027927627, -26.15903090508888 ], [ -66.82791977386151, -26.159030905088869 ], [ -66.82791977386151, -26.159569894259352 ], [ -66.828189268446749, -26.159569894259342 ], [ -66.828189268446749, -26.159030905088883 ], [ -66.828458763031989, -26.159030905088876 ], [ -66.828458763031989, -26.157683432162699 ], [ -66.82765027927627, -26.157683432162703 ] ] ] ] } },
{ "type": "Feature", "properties": { "raster_value": 1, "overlap_with_reference": 0.56043956041903864, "bofedal_id": "f17fdb89-a9c6-5bed-9462-34b54618cc62" }, "geometry": { "type": "MultiPolygon", "coordinates": [ [ [ [ -66.603700278945283, -26.170888666839254 ], [ -66.603700278945283, -26.173044623521147 ], [ -66.604508762700988, -26.173044623521136 ], [ -66.604508762700988, -26.173314118106376 ], [ -66.605317246456693, -26.173314118106383 ], [ -66.605317246456693, -26.173853107276845 ], [ -66.605586741041932, -26.173853107276848 ], [ -66.605586741041932, -26.174122601862084 ], [ -66.605856235627172, -26.174122601862088 ], [ -66.605856235627172, -26.1749310856178 ], [ -66.606395224797637, -26.174931085617796 ], [ -66.606395224797637, -26.175200580203033 ], [ -66.606934213968103, -26.175200580203033 ], [ -66.606934213968103, -26.174931085617796 ], [ -66.606664719382877, -26.174931085617796 ], [ -66.606664719382877, -26.17439209644732 ], [ -66.606395224797637, -26.174392096447328 ], [ -66.606395224797637, -26.173314118106376 ], [ -66.606125730212398, -26.173314118106376 ], [ -66.606125730212398, -26.172236139765431 ], [ -66.605856235627172, -26.172236139765438 ], [ -66.605856235627172, -26.172505634350674 ], [ -66.605317246456693, -26.172505634350667 ], [ -66.605317246456693, -26.172236139765438 ], [ -66.605047751871453, -26.172236139765435 ], [ -66.605047751871453, -26.171966645180195 ], [ -66.603969773530508, -26.171966645180202 ], [ -66.603969773530508, -26.170888666839257 ], [ -66.603700278945283, -26.170888666839254 ] ] ], [ [ [ -66.605047751871453, -26.169002204742608 ], [ -66.605047751871453, -26.16927169932784 ], [ -66.605317246456693, -26.169271699327833 ], [ -66.605317246456693, -26.170080183083552 ], [ -66.605586741041932, -26.170080183083556 ], [ -66.605586741041932, -26.17142765600973 ], [ -66.605856235627172, -26.171427656009726 ], [ -66.605856235627172, -26.171697150594962 ], [ -66.606125730212398, -26.171697150594966 ], [ -66.606125730212398, -26.171158161424486 ], [ -66.606395224797637, -26.17115816142449 ], [ -66.606395224797637, -26.170619172254025 ], [ -66.606125730212398, -26.170619172254021 ], [ -66.606125730212398, -26.170349677668796 ], [ -66.606395224797637, -26.170349677668789 ], [ -66.606395224797637, -26.16927169932784 ], [ -66.606125730212398, -26.169271699327833 ], [ -66.606125730212398, -26.169002204742601 ], [ -66.605047751871453, -26.169002204742608 ] ] ] ] } },
{ "type": "Feature", "properties": { "raster_value": 1, "overlap_with_reference": 0.5421052631500618, "bofedal_id": "86889dd0-93ed-5e86-8ee7-6826d8dec5fa" }, "geometry": { "type": "MultiPolygon", "coordinates": [ [ [ [ -66.724703347716172, -26.196221157851429 ], [ -66.724433853130947, -26.196221157851422 ], [ -66.724433853130947, -26.196490652436658 ], [ -66.724164358545707, -26.196490652436669 ], [ -66.724164358545707, -26.196760147021905 ], [ -66.723086380204762, -26.196760147021902 ], [ -66.723086380204762, -26.197029641607141 ], [ -66.722816885619523, -26.197029641607148 ], [ -66.722816885619523, -26.197299136192381 ], [ -66.722547391034297, -26.197299136192374 ], [ -66.722547391034297, -26.197838125362843 ], [ -66.723355874790002, -26.197838125362839 ], [ -66.723355874790002, -26.197568630777603 ], [ -66.723894863960467, -26.19756863077761 ], [ -66.723894863960467, -26.197299136192381 ], [ -66.724433853130947, -26.197299136192377 ], [ -66.724433853130947, -26.197029641607141 ], [ -66.724703347716172, -26.197029641607134 ], [ -66.724703347716172, -26.196760147021905 ], [ -66.724972842301412, -26.196760147021902 ], [ -66.724972842301412, -26.196490652436662 ], [ -66.725242336886652, -26.196490652436665 ], [ -66.725242336886652, -26.196221157851422 ], [ -66.725511831471891, -26.196221157851422 ], [ -66.725511831471891, -26.195951663266186 ], [ -66.724703347716172, -26.195951663266193 ], [ -66.724703347716172, -26.196221157851429 ] ] ], [ [ [ -66.739256055318918, -26.186519352782938 ], [ -66.738986560733679, -26.186519352782931 ], [ -66.738986560733679, -26.18678884736817 ], [ -66.738717066148439, -26.18678884736817 ], [ -66.738717066148439, -26.187327836538646 ], [ -66.738178076977974, -26.187327836538646 ], [ -66.738178076977974, -26.187597331123875 ], [ -66.737639087807494, -26.187597331123879 ], [ -66.737639087807494, -26.187866825709111 ], [ -66.737369593222269, -26.187866825709126 ], [ -66.737369593222269, -26.188136320294351 ], [ -66.737100098637029, -26.188136320294344 ], [ -66.737100098637029, -26.188405814879584 ], [ -66.736830604051789, -26.188405814879587 ], [ -66.736830604051789, -26.189214298635296 ], [ -66.73656110946655, -26.189214298635296 ], [ -66.73656110946655, -26.189483793220525 ], [ -66.736291614881324, -26.189483793220525 ], [ -66.736291614881324, -26.189753287805758 ], [ -66.736022120296084, -26.189753287805772 ], [ -66.736022120296084, -26.190022782391004 ], [ -66.735483131125619, -26.190022782391008 ], [ -66.735483131125619, -26.190292276976237 ], [ -66.73494414195514, -26.190292276976248 ], [ -66.73494414195514, -26.19056177156147 ], [ -66.734405152784674, -26.190561771561473 ], [ -66.734405152784674, -26.190831266146716 ], [ -66.733596669028955, -26.190831266146706 ], [ -66.733596669028955, -26.190561771561477 ], [ -66.73332717444373, -26.19056177156148 ], [ -66.73332717444373, -26.190292276976241 ], [ -66.73305767985849, -26.190292276976233 ], [ -66.73305767985849, -26.190561771561466 ], [ -66.73278818527325, -26.190561771561473 ], [ -66.73278818527325, -26.191100760731942 ], [ -66.732518690688025, -26.191100760731938 ], [ -66.732518690688025, -26.191639749902411 ], [ -66.731710206932306, -26.191639749902414 ], [ -66.731710206932306, -26.191909244487647 ], [ -66.73144071234708, -26.191909244487654 ], [ -66.73144071234708, -26.192178739072894 ], [ -66.73117121776184, -26.192178739072887 ], [ -66.73117121776184, -26.192448233658119 ], [ -66.730632228591361, -26.192448233658119 ], [ -66.730632228591361, -26.192178739072894 ], [ -66.730362734006135, -26.192178739072887 ], [ -66.730362734006135, -26.191909244487643 ], [ -66.729823744835656, -26.191909244487658 ], [ -66.729823744835656, -26.192178739072887 ], [ -66.729284755665191, -26.192178739072887 ], [ -66.729284755665191, -26.193795706584304 ], [ -66.729015261079951, -26.1937957065843 ], [ -66.729015261079951, -26.19406520116954 ], [ -66.727937282739006, -26.19406520116954 ], [ -66.727937282739006, -26.194334695754772 ], [ -66.727128798983301, -26.194334695754776 ], [ -66.727128798983301, -26.194065201169536 ], [ -66.726589809812836, -26.194065201169536 ], [ -66.726589809812836, -26.194604190340016 ], [ -66.726320315227596, -26.194604190340012 ], [ -66.726320315227596, -26.194873684925255 ], [ -66.725781326057117, -26.194873684925248 ], [ -66.725781326057117, -26.195682168680953 ], [ -66.726589809812836, -26.19568216868096 ], [ -66.726589809812836, -26.195412674095717 ], [ -66.726859304398062, -26.195412674095714 ], [ -66.726859304398062, -26.195143179510485 ], [ -66.727398293568541, -26.195143179510488 ], [ -66.727398293568541, -26.194873684925248 ], [ -66.727937282739006, -26.194873684925248 ], [ -66.727937282739006, -26.194604190340012 ], [ -66.729284755665191, -26.194604190340005 ], [ -66.729284755665191, -26.19433469575478 ], [ -66.731979701517545, -26.19433469575478 ], [ -66.731979701517545, -26.194604190340009 ], [ -66.73278818527325, -26.194604190340009 ], [ -66.73278818527325, -26.194873684925241 ], [ -66.73305767985849, -26.194873684925241 ], [ -66.73305767985849, -26.194604190340012 ], [ -66.7346746473699, -26.194604190340009 ], [ -66.7346746473699, -26.194334695754772 ], [ -66.735213636540379, -26.194334695754783 ], [ -66.735213636540379, -26.194065201169547 ], [ -66.735483131125619, -26.194065201169543 ], [ -66.735483131125619, -26.19433469575478 ], [ -66.73656110946655, -26.194334695754772 ], [ -66.73656110946655, -26.194065201169547 ], [ -66.736830604051789, -26.194065201169547 ], [ -66.736830604051789, -26.194334695754776 ], [ -66.737639087807494, -26.19433469575478 ], [ -66.737639087807494, -26.194604190340016 ], [ -66.737908582392734, -26.194604190340009 ], [ -66.737908582392734, -26.194873684925248 ], [ -66.737639087807494, -26.194873684925255 ], [ -66.737639087807494, -26.195143179510481 ], [ -66.738178076977974, -26.195143179510485 ], [ -66.738178076977974, -26.194604190340016 ], [ -66.738447571563214, -26.194604190340009 ], [ -66.738447571563214, -26.19433469575479 ], [ -66.739256055318918, -26.19433469575478 ], [ -66.739256055318918, -26.194604190340012 ], [ -66.739525549904144, -26.194604190340016 ], [ -66.739525549904144, -26.194334695754776 ], [ -66.740064539074623, -26.194334695754776 ], [ -66.740064539074623, -26.194065201169543 ], [ -66.740603528245089, -26.194065201169533 ], [ -66.740603528245089, -26.19352621199906 ], [ -66.740873022830328, -26.193526211999071 ], [ -66.740873022830328, -26.193256717413824 ], [ -66.740603528245089, -26.193256717413831 ], [ -66.740603528245089, -26.192987222828595 ], [ -66.740064539074623, -26.192987222828599 ], [ -66.740064539074623, -26.192717728243366 ], [ -66.739795044489384, -26.192717728243359 ], [ -66.739795044489384, -26.19244823365813 ], [ -66.738447571563214, -26.192448233658126 ], [ -66.738447571563214, -26.192717728243355 ], [ -66.737100098637029, -26.192717728243363 ], [ -66.737100098637029, -26.192987222828592 ], [ -66.73656110946655, -26.192987222828595 ], [ -66.73656110946655, -26.192717728243363 ], [ -66.736291614881324, -26.192717728243363 ], [ -66.736291614881324, -26.192448233658123 ], [ -66.735483131125619, -26.192448233658119 ], [ -66.735483131125619, -26.191909244487647 ], [ -66.735213636540379, -26.191909244487643 ], [ -66.735213636540379, -26.191639749902414 ], [ -66.735483131125619, -26.191639749902411 ], [ -66.735483131125619, -26.190831266146713 ], [ -66.736291614881324, -26.190831266146706 ], [ -66.736291614881324, -26.190561771561477 ], [ -66.73656110946655, -26.19056177156148 ], [ -66.73656110946655, -26.190292276976237 ], [ -66.736830604051789, -26.190292276976248 ], [ -66.736830604051789, -26.190022782391011 ], [ -66.737100098637029, -26.190022782391004 ], [ -66.737100098637029, -26.189753287805761 ], [ -66.737369593222269, -26.189753287805761 ], [ -66.737369593222269, -26.190022782391008 ], [ -66.737639087807494, -26.190022782391008 ], [ -66.737639087807494, -26.189753287805768 ], [ -66.737908582392734, -26.189753287805758 ], [ -66.737908582392734, -26.188675309464827 ], [ -66.738447571563214, -26.18867530946482 ], [ -66.738447571563214, -26.188405814879587 ], [ -66.738717066148439, -26.188405814879591 ], [ -66.738717066148439, -26.188136320294344 ], [ -66.738986560733679, -26.188136320294344 ], [ -66.738986560733679, -26.187866825709119 ], [ -66.739525549904144, -26.187866825709126 ], [ -66.739525549904144, -26.186519352782923 ], [ -66.739795044489384, -26.186519352782938 ], [ -66.739795044489384, -26.186249858197701 ], [ -66.739256055318918, -26.186249858197701 ], [ -66.739256055318918, -26.186519352782938 ] ] ], [ [ [ -66.743837463267923, -26.185171879856753 ], [ -66.743298474097458, -26.18517187985676 ], [ -66.743298474097458, -26.185441374441993 ], [ -66.743028979512218, -26.185441374441996 ], [ -66.743028979512218, -26.185710869027226 ], [ -66.742489990341738, -26.185710869027222 ], [ -66.742489990341738, -26.185980363612462 ], [ -66.742220495756513, -26.185980363612462 ], [ -66.742220495756513, -26.186249858197698 ], [ -66.741951001171273, -26.186249858197694 ], [ -66.741951001171273, -26.186788847368167 ], [ -66.742489990341738, -26.186788847368163 ], [ -66.742489990341738, -26.186519352782938 ], [ -66.743298474097458, -26.186519352782945 ], [ -66.743298474097458, -26.186249858197694 ], [ -66.743567968682683, -26.186249858197698 ], [ -66.743567968682683, -26.185980363612465 ], [ -66.744106957853162, -26.185980363612469 ], [ -66.744106957853162, -26.185710869027226 ], [ -66.744376452438402, -26.185710869027226 ], [ -66.744376452438402, -26.185171879856764 ], [ -66.744645947023628, -26.185171879856767 ], [ -66.744645947023628, -26.184902385271524 ], [ -66.743837463267923, -26.184902385271524 ], [ -66.743837463267923, -26.185171879856753 ] ] ], [ [ [ -66.745993419949812, -26.183824406930579 ], [ -66.745454430779333, -26.183824406930572 ], [ -66.745454430779333, -26.184093901515805 ], [ -66.744915441608867, -26.184093901515819 ], [ -66.744915441608867, -26.184632890686288 ], [ -66.745723925364572, -26.184632890686281 ], [ -66.745723925364572, -26.184363396101048 ], [ -66.745993419949812, -26.184363396101048 ], [ -66.745993419949812, -26.184093901515816 ], [ -66.746262914535052, -26.184093901515812 ], [ -66.746262914535052, -26.18355491234534 ], [ -66.745993419949812, -26.183554912345343 ], [ -66.745993419949812, -26.183824406930579 ] ] ] ] } },
{ "type": "Feature", "properties": { "raster_value": 1, "overlap_with_reference": 0.69916434539460115, "bofedal_id": "60a513d6-c67b-54bc-8761-c0c6b6f12d21" }, "geometry": { "type": "Polygon", "coordinates": [ [ [ -66.653556777213907, -26.18894480405006 ], [ -66.653556777213907, -26.189214298635296 ], [ -66.653826271799147, -26.189214298635292 ], [ -66.653826271799147, -26.189753287805761 ], [ -66.653556777213907, -26.189753287805765 ], [ -66.653556777213907, -26.190022782390997 ], [ -66.653287282628682, -26.190022782390997 ], [ -66.653287282628682, -26.190292276976244 ], [ -66.653556777213907, -26.190292276976241 ], [ -66.653556777213907, -26.190561771561473 ], [ -66.653826271799147, -26.190561771561473 ], [ -66.653826271799147, -26.190831266146709 ], [ -66.654095766384387, -26.190831266146716 ], [ -66.654095766384387, -26.191100760731942 ], [ -66.654365260969627, -26.191100760731953 ], [ -66.654365260969627, -26.191370255317185 ], [ -66.654634755554852, -26.191370255317182 ], [ -66.654634755554852, -26.191639749902414 ], [ -66.654904250140092, -26.191639749902414 ], [ -66.654904250140092, -26.19217873907289 ], [ -66.655173744725332, -26.192178739072887 ], [ -66.655173744725332, -26.192448233658123 ], [ -66.655443239310557, -26.192448233658126 ], [ -66.655443239310557, -26.192987222828602 ], [ -66.655712733895797, -26.192987222828592 ], [ -66.655712733895797, -26.193256717413828 ], [ -66.656251723066276, -26.193256717413831 ], [ -66.656251723066276, -26.193526211999075 ], [ -66.656790712236742, -26.193526211999064 ], [ -66.656790712236742, -26.194065201169543 ], [ -66.657329701407221, -26.194065201169543 ], [ -66.657329701407221, -26.194604190340016 ], [ -66.657868690577686, -26.194604190340009 ], [ -66.657868690577686, -26.195143179510481 ], [ -66.658138185162926, -26.195143179510485 ], [ -66.658138185162926, -26.195412674095714 ], [ -66.658407679748152, -26.195412674095721 ], [ -66.658407679748152, -26.195682168680957 ], [ -66.658946668918631, -26.19568216868096 ], [ -66.658946668918631, -26.195951663266197 ], [ -66.659216163503871, -26.1959516632662 ], [ -66.659216163503871, -26.196221157851426 ], [ -66.660024647259576, -26.196221157851422 ], [ -66.660024647259576, -26.196490652436658 ], [ -66.660833131015281, -26.196490652436658 ], [ -66.660833131015281, -26.196760147021894 ], [ -66.662180603941465, -26.196760147021894 ], [ -66.662180603941465, -26.197029641607138 ], [ -66.66325858228241, -26.197029641607145 ], [ -66.66325858228241, -26.196760147021894 ], [ -66.664067066038115, -26.196760147021902 ], [ -66.664067066038115, -26.196490652436665 ], [ -66.665145044379059, -26.196490652436658 ], [ -66.665145044379059, -26.196221157851429 ], [ -66.66649251730523, -26.196221157851422 ], [ -66.66649251730523, -26.196490652436658 ], [ -66.666223022720004, -26.196490652436662 ], [ -66.666223022720004, -26.196760147021898 ], [ -66.665953528134764, -26.196760147021905 ], [ -66.665953528134764, -26.197029641607138 ], [ -66.665414538964285, -26.197029641607131 ], [ -66.665414538964285, -26.197299136192374 ], [ -66.665145044379059, -26.197299136192377 ], [ -66.665145044379059, -26.19756863077761 ], [ -66.66487554979382, -26.197568630777603 ], [ -66.66487554979382, -26.197838125362836 ], [ -66.66433656062334, -26.197838125362832 ], [ -66.66433656062334, -26.198377114533308 ], [ -66.663528076867635, -26.198377114533312 ], [ -66.663528076867635, -26.198646609118558 ], [ -66.66271959311193, -26.198646609118551 ], [ -66.66271959311193, -26.198916103703784 ], [ -66.661911109356225, -26.198916103703784 ], [ -66.661911109356225, -26.19918559828902 ], [ -66.661372120185746, -26.19918559828902 ], [ -66.661372120185746, -26.198916103703784 ], [ -66.660563636430041, -26.198916103703784 ], [ -66.660563636430041, -26.198646609118548 ], [ -66.659755152674336, -26.198646609118551 ], [ -66.659755152674336, -26.198377114533319 ], [ -66.659216163503871, -26.198377114533319 ], [ -66.659216163503871, -26.198107619948082 ], [ -66.658946668918631, -26.198107619948079 ], [ -66.658946668918631, -26.197838125362839 ], [ -66.658407679748152, -26.197838125362839 ], [ -66.658407679748152, -26.197568630777599 ], [ -66.658138185162926, -26.197568630777603 ], [ -66.658138185162926, -26.197029641607145 ], [ -66.657599195992447, -26.197029641607141 ], [ -66.657599195992447, -26.196760147021909 ], [ -66.657329701407221, -26.196760147021905 ], [ -66.657329701407221, -26.196490652436662 ], [ -66.656790712236742, -26.196490652436665 ], [ -66.656790712236742, -26.196221157851422 ], [ -66.656521217651502, -26.196221157851422 ], [ -66.656521217651502, -26.195682168680957 ], [ -66.656251723066276, -26.195682168680953 ], [ -66.656251723066276, -26.195412674095714 ], [ -66.655982228481037, -26.195412674095714 ], [ -66.655982228481037, -26.194873684925245 ], [ -66.655712733895797, -26.194873684925241 ], [ -66.655712733895797, -26.194604190340016 ], [ -66.655443239310557, -26.194604190340012 ], [ -66.655443239310557, -26.194334695754783 ], [ -66.655173744725332, -26.194334695754776 ], [ -66.655173744725332, -26.194065201169547 ], [ -66.654904250140092, -26.194065201169536 ], [ -66.654904250140092, -26.1937957065843 ], [ -66.654634755554852, -26.193795706584304 ], [ -66.654634755554852, -26.193526211999071 ], [ -66.654365260969627, -26.193526211999071 ], [ -66.654365260969627, -26.193256717413828 ], [ -66.654095766384387, -26.193256717413838 ], [ -66.654095766384387, -26.192987222828606 ], [ -66.653826271799147, -26.192987222828599 ], [ -66.653826271799147, -26.192717728243355 ], [ -66.653556777213907, -26.192717728243355 ], [ -66.653556777213907, -26.192448233658133 ], [ -66.653287282628682, -26.192448233658123 ], [ -66.653287282628682, -26.191370255317182 ], [ -66.653017788043442, -26.191370255317182 ], [ -66.653017788043442, -26.189214298635296 ], [ -66.653287282628682, -26.189214298635296 ], [ -66.653287282628682, -26.188944804050053 ], [ -66.653556777213907, -26.18894480405006 ] ] ] } },
{ "type": "Feature", "properties": { "raster_value": 1, "overlap_with_reference": 0.74999999997497324, "bofedal_id": "edfc5e51-ec5a-5e75-b830-883a326c1d8c" }, "geometry": { "type": "Polygon", "coordinates": [ [ [ -66.151488364919516, -26.221284154278365 ], [ -66.151488364919516, -26.221823143448837 ], [ -66.151218870334276, -26.221823143448834 ], [ -66.151218870334276, -26.222362132619306 ], [ -66.150679881163811, -26.222362132619313 ], [ -66.150679881163811, -26.222631627204542 ], [ -66.150410386578571, -26.222631627204549 ], [ -66.150410386578571, -26.222092638034066 ], [ -66.150140891993331, -26.222092638034063 ], [ -66.150140891993331, -26.221284154278369 ], [ -66.150410386578571, -26.221284154278372 ], [ -66.150410386578571, -26.221553648863598 ], [ -66.150949375749036, -26.221553648863601 ], [ -66.150949375749036, -26.221284154278365 ], [ -66.151488364919516, -26.221284154278365 ] ] ] } },
{ "type": "Feature", "properties": { "raster_value": 1, "overlap_with_reference": 0.55555555554660419, "bofedal_id": "ebb250ab-18fb-58e9-9c0d-1fe1fe4cee55" }, "geometry": { "type": "Polygon", "coordinates": [ [ [ -66.798544864070806, -26.231255453932093 ], [ -66.798544864070806, -26.231524948517322 ], [ -66.799083853241271, -26.231524948517322 ], [ -66.799083853241271, -26.232063937687794 ], [ -66.798814358656045, -26.232063937687794 ], [ -66.798814358656045, -26.232602926858263 ], [ -66.798544864070806, -26.232602926858277 ], [ -66.798544864070806, -26.232872421443503 ], [ -66.798005874900326, -26.23287242144351 ], [ -66.798005874900326, -26.233141916028732 ], [ -66.797736380315101, -26.233141916028739 ], [ -66.797736380315101, -26.233411410613968 ], [ -66.796658401974156, -26.233411410613975 ], [ -66.796658401974156, -26.233141916028728 ], [ -66.796119412803677, -26.233141916028739 ], [ -66.796119412803677, -26.23287242144351 ], [ -66.795849918218451, -26.232872421443513 ], [ -66.795849918218451, -26.23260292685827 ], [ -66.796388907388916, -26.232602926858263 ], [ -66.796388907388916, -26.232333432273034 ], [ -66.796658401974156, -26.232333432273034 ], [ -66.796658401974156, -26.232063937687791 ], [ -66.797197391144621, -26.232063937687801 ], [ -66.797197391144621, -26.231794443102551 ], [ -66.797466885729861, -26.231794443102558 ], [ -66.797466885729861, -26.231524948517329 ], [ -66.797736380315101, -26.231524948517333 ], [ -66.797736380315101, -26.231255453932086 ], [ -66.798544864070806, -26.231255453932093 ] ] ] } },
{ "type": "Feature", "properties": { "raster_value": 1, "overlap_with_reference": 0.85714285713162497, "bofedal_id": "12d16373-98fa-57dc-b058-60fc29bd06d3" }, "geometry": { "type": "Polygon", "coordinates": [ [ [ -66.515306054987917, -26.23610635646634 ], [ -66.515306054987917, -26.236375851051569 ], [ -66.515036560402677, -26.236375851051577 ], [ -66.515036560402677, -26.236645345636806 ], [ -66.514767065817452, -26.236645345636802 ], [ -66.514767065817452, -26.236914840222045 ], [ -66.514497571232226, -26.236914840222045 ], [ -66.514497571232226, -26.237184334807282 ], [ -66.513958582061733, -26.237184334807278 ], [ -66.513958582061733, -26.236106356466333 ], [ -66.515306054987917, -26.23610635646634 ] ] ] } },
{ "type": "Feature", "properties": { "raster_value": 1, "overlap_with_reference": 0.82352941174559335, "bofedal_id": "533cbd41-480f-5d13-9d9a-65b57f04d004" }, "geometry": { "type": "Polygon", "coordinates": [ [ [ -66.31561056732815, -26.235836861881094 ], [ -66.31561056732815, -26.236375851051566 ], [ -66.31588006191339, -26.236375851051569 ], [ -66.31588006191339, -26.236645345636806 ], [ -66.31561056732815, -26.236645345636809 ], [ -66.31561056732815, -26.236914840222049 ], [ -66.315071578157671, -26.236914840222045 ], [ -66.315071578157671, -26.237184334807282 ], [ -66.314532588987205, -26.237184334807278 ], [ -66.314532588987205, -26.236375851051569 ], [ -66.314802083572445, -26.236375851051569 ], [ -66.314802083572445, -26.235836861881101 ], [ -66.31561056732815, -26.235836861881094 ] ] ] } },
{ "type": "Feature", "properties": { "raster_value": 1, "overlap_with_reference": 0.62439961575045311, "bofedal_id": "8ac89193-92fc-5ce9-ab66-45f35b2bfd00" }, "geometry": { "type": "Polygon", "coordinates": [ [ [ -66.620139448644665, -26.228830002664974 ], [ -66.620139448644665, -26.229368991835443 ], [ -66.619869954059425, -26.229368991835443 ], [ -66.619869954059425, -26.229907981005915 ], [ -66.619600459474199, -26.229907981005912 ], [ -66.619600459474199, -26.230446970176381 ], [ -66.61933096488896, -26.230446970176381 ], [ -66.61933096488896, -26.230985959346857 ], [ -66.61906147030372, -26.23098595934685 ], [ -66.61906147030372, -26.231255453932093 ], [ -66.61879197571848, -26.231255453932086 ], [ -66.61879197571848, -26.231794443102554 ], [ -66.618522481133255, -26.231794443102558 ], [ -66.618522481133255, -26.232063937687794 ], [ -66.618252986548015, -26.232063937687798 ], [ -66.618252986548015, -26.232872421443503 ], [ -66.617983491962775, -26.232872421443503 ], [ -66.617983491962775, -26.233141916028739 ], [ -66.61771399737755, -26.233141916028746 ], [ -66.61771399737755, -26.233680905199218 ], [ -66.61744450279231, -26.233680905199208 ], [ -66.61744450279231, -26.23421989436968 ], [ -66.61717500820707, -26.234219894369676 ], [ -66.61717500820707, -26.235297872710621 ], [ -66.61744450279231, -26.235297872710628 ], [ -66.61744450279231, -26.235836861881094 ], [ -66.61717500820707, -26.235836861881094 ], [ -66.61717500820707, -26.236106356466333 ], [ -66.616366524451365, -26.23610635646634 ], [ -66.616366524451365, -26.236375851051577 ], [ -66.616097029866125, -26.236375851051573 ], [ -66.616097029866125, -26.236645345636813 ], [ -66.615827535280886, -26.236645345636813 ], [ -66.615827535280886, -26.236914840222038 ], [ -66.61555804069566, -26.236914840222035 ], [ -66.61555804069566, -26.237453829392511 ], [ -66.615019051525181, -26.237453829392514 ], [ -66.615019051525181, -26.237723323977754 ], [ -66.613402084013771, -26.237723323977743 ], [ -66.613402084013771, -26.237992818562986 ], [ -66.612863094843291, -26.23799281856299 ], [ -66.612863094843291, -26.238262313148219 ], [ -66.612593600258066, -26.238262313148219 ], [ -66.612593600258066, -26.238801302318695 ], [ -66.612324105672826, -26.238801302318691 ], [ -66.612324105672826, -26.240148775244869 ], [ -66.612593600258066, -26.240148775244869 ], [ -66.612593600258066, -26.240687764415348 ], [ -66.612863094843291, -26.240687764415341 ], [ -66.612863094843291, -26.240957259000577 ], [ -66.613132589428531, -26.240957259000584 ], [ -66.613132589428531, -26.241765742756282 ], [ -66.613402084013771, -26.241765742756286 ], [ -66.613402084013771, -26.242574226511994 ], [ -66.613671578599011, -26.242574226511991 ], [ -66.613671578599011, -26.243113215682463 ], [ -66.613941073184236, -26.243113215682463 ], [ -66.613941073184236, -26.243921699438175 ], [ -66.613671578599011, -26.243921699438168 ], [ -66.613671578599011, -26.244460688608648 ], [ -66.613402084013771, -26.244460688608644 ], [ -66.613402084013771, -26.244730183193884 ], [ -66.613132589428531, -26.24473018319388 ], [ -66.613132589428531, -26.245269172364353 ], [ -66.612863094843291, -26.24526917236436 ], [ -66.612863094843291, -26.247694623631485 ], [ -66.612593600258066, -26.247694623631482 ], [ -66.612593600258066, -26.247964118216714 ], [ -66.612324105672826, -26.247964118216711 ], [ -66.612324105672826, -26.248503107387183 ], [ -66.611246127331881, -26.248503107387183 ], [ -66.611246127331881, -26.249042096557663 ], [ -66.609629159820472, -26.249042096557659 ], [ -66.609629159820472, -26.247964118216711 ], [ -66.609359665235232, -26.247964118216718 ], [ -66.609359665235232, -26.247694623631478 ], [ -66.609090170649992, -26.247694623631485 ], [ -66.609090170649992, -26.247425129046242 ], [ -66.608551181479527, -26.247425129046245 ], [ -66.608551181479527, -26.24688613987577 ], [ -66.608820676064767, -26.24688613987577 ], [ -66.608820676064767, -26.245808161534825 ], [ -66.609090170649992, -26.245808161534828 ], [ -66.609090170649992, -26.244730183193884 ], [ -66.609359665235232, -26.244730183193887 ], [ -66.609359665235232, -26.244460688608651 ], [ -66.609090170649992, -26.244460688608644 ], [ -66.609090170649992, -26.244191194023404 ], [ -66.609898654405697, -26.244191194023411 ], [ -66.609898654405697, -26.243921699438168 ], [ -66.610168148990937, -26.243921699438168 ], [ -66.610168148990937, -26.24338271026771 ], [ -66.610707138161416, -26.243382710267699 ], [ -66.610707138161416, -26.243113215682463 ], [ -66.610976632746642, -26.243113215682467 ], [ -66.610976632746642, -26.242843721097231 ], [ -66.611246127331881, -26.242843721097231 ], [ -66.611246127331881, -26.241226753585821 ], [ -66.611515621917121, -26.241226753585813 ], [ -66.611515621917121, -26.240687764415345 ], [ -66.611246127331881, -26.240687764415345 ], [ -66.611246127331881, -26.240957259000581 ], [ -66.610976632746642, -26.240957259000584 ], [ -66.610976632746642, -26.240418269830116 ], [ -66.610707138161416, -26.240418269830112 ], [ -66.610707138161416, -26.240148775244862 ], [ -66.609898654405697, -26.240148775244865 ], [ -66.609898654405697, -26.239879280659633 ], [ -66.609629159820472, -26.239879280659636 ], [ -66.609629159820472, -26.239609786074404 ], [ -66.609359665235232, -26.2396097860744 ], [ -66.609359665235232, -26.238531807733466 ], [ -66.609629159820472, -26.238531807733462 ], [ -66.609629159820472, -26.23934029148916 ], [ -66.609898654405697, -26.239340291489171 ], [ -66.609898654405697, -26.238531807733452 ], [ -66.610707138161416, -26.238531807733462 ], [ -66.610707138161416, -26.238262313148216 ], [ -66.610976632746642, -26.238262313148233 ], [ -66.610976632746642, -26.237992818562983 ], [ -66.610707138161416, -26.237992818562979 ], [ -66.610707138161416, -26.237723323977743 ], [ -66.609898654405697, -26.237723323977743 ], [ -66.609898654405697, -26.236645345636809 ], [ -66.609629159820472, -26.236645345636813 ], [ -66.609629159820472, -26.236914840222038 ], [ -66.609090170649992, -26.236914840222035 ], [ -66.609090170649992, -26.236645345636809 ], [ -66.608551181479527, -26.236645345636806 ], [ -66.608551181479527, -26.236375851051577 ], [ -66.606934213968103, -26.236375851051569 ], [ -66.606934213968103, -26.236106356466333 ], [ -66.606664719382877, -26.236106356466344 ], [ -66.606664719382877, -26.235567367295861 ], [ -66.607203708553342, -26.235567367295857 ], [ -66.607203708553342, -26.235297872710628 ], [ -66.608012192309047, -26.235297872710632 ], [ -66.608012192309047, -26.235028378125396 ], [ -66.609629159820472, -26.235028378125396 ], [ -66.609629159820472, -26.234758883540163 ], [ -66.610437643576176, -26.234758883540152 ], [ -66.610437643576176, -26.235028378125396 ], [ -66.612054611087586, -26.235028378125403 ], [ -66.612054611087586, -26.235297872710632 ], [ -66.612593600258066, -26.235297872710625 ], [ -66.612593600258066, -26.234758883540163 ], [ -66.612054611087586, -26.234758883540152 ], [ -66.612054611087586, -26.233680905199222 ], [ -66.612324105672826, -26.233680905199215 ], [ -66.612324105672826, -26.23287242144351 ], [ -66.612593600258066, -26.232872421443503 ], [ -66.612593600258066, -26.232602926858263 ], [ -66.613941073184236, -26.232602926858263 ], [ -66.613941073184236, -26.232333432273037 ], [ -66.614480062354716, -26.232333432273034 ], [ -66.614480062354716, -26.232602926858259 ], [ -66.615019051525181, -26.232602926858259 ], [ -66.615019051525181, -26.232872421443506 ], [ -66.61528854611042, -26.23287242144351 ], [ -66.61528854611042, -26.233141916028739 ], [ -66.616366524451365, -26.233141916028742 ], [ -66.616366524451365, -26.23287242144351 ], [ -66.616636019036605, -26.232872421443503 ], [ -66.616636019036605, -26.232602926858267 ], [ -66.61690551362183, -26.232602926858274 ], [ -66.61690551362183, -26.231255453932086 ], [ -66.616636019036605, -26.231255453932089 ], [ -66.616636019036605, -26.230446970176384 ], [ -66.616366524451365, -26.230446970176381 ], [ -66.616366524451365, -26.230177475591141 ], [ -66.616636019036605, -26.230177475591141 ], [ -66.616636019036605, -26.229368991835443 ], [ -66.61933096488896, -26.229368991835443 ], [ -66.61933096488896, -26.229099497250211 ], [ -66.619600459474199, -26.229099497250207 ], [ -66.619600459474199, -26.228830002664967 ], [ -66.620139448644665, -26.228830002664974 ] ] ] } },
{ "type": "Feature", "properties": { "raster_value": 1, "overlap_with_reference": 0.71428571427354037, "bofedal_id": "01582d48-f48c-5f56-9619-1baa923f6b43" }, "geometry": { "type": "Polygon", "coordinates": [ [ [ -66.318844502350984, -26.250659064069072 ], [ -66.318844502350984, -26.250928558654309 ], [ -66.31911399693621, -26.250928558654309 ], [ -66.31911399693621, -26.251198053239545 ], [ -66.31938349152145, -26.251198053239538 ], [ -66.31938349152145, -26.251737042410017 ], [ -66.31911399693621, -26.251737042410017 ], [ -66.31911399693621, -26.251467547824781 ], [ -66.318305513180505, -26.251467547824781 ], [ -66.318305513180505, -26.251198053239545 ], [ -66.318036018595265, -26.251198053239545 ], [ -66.318036018595265, -26.251467547824774 ], [ -66.31776652401004, -26.251467547824781 ], [ -66.31776652401004, -26.250928558654309 ], [ -66.318036018595265, -26.250928558654309 ], [ -66.318036018595265, -26.25065906406908 ], [ -66.318844502350984, -26.250659064069072 ] ] ] } },
{ "type": "Feature", "properties": { "raster_value": 1, "overlap_with_reference": 0.62499999996755795, "bofedal_id": "9b91dc10-2d4a-5747-870a-557272518858" }, "geometry": { "type": "Polygon", "coordinates": [ [ [ -66.494554971924757, -26.250659064069072 ], [ -66.494554971924757, -26.250928558654309 ], [ -66.494824466509996, -26.250928558654312 ], [ -66.494824466509996, -26.252276031580486 ], [ -66.494554971924757, -26.25227603158049 ], [ -66.494554971924757, -26.252006536995246 ], [ -66.494285477339517, -26.252006536995253 ], [ -66.494285477339517, -26.251737042410021 ], [ -66.494015982754291, -26.251737042410014 ], [ -66.494015982754291, -26.251198053239545 ], [ -66.493746488169052, -26.251198053239545 ], [ -66.493746488169052, -26.25065906406908 ], [ -66.494554971924757, -26.250659064069072 ] ] ] } },
{ "type": "Feature", "properties": { "raster_value": 1, "overlap_with_reference": 0.54761904760219182, "bofedal_id": "03d31c97-31ec-53ff-b3fc-dc93ced21164" }, "geometry": { "type": "Polygon", "coordinates": [ [ [ -66.36465858184107, -26.264942277086575 ], [ -66.36465858184107, -26.265211771671808 ], [ -66.36492807642631, -26.265211771671812 ], [ -66.36492807642631, -26.265481266257037 ], [ -66.365197571011549, -26.265481266257044 ], [ -66.365197571011549, -26.265750760842273 ], [ -66.365467065596775, -26.265750760842284 ], [ -66.365467065596775, -26.266020255427513 ], [ -66.365197571011549, -26.266020255427517 ], [ -66.365197571011549, -26.266289750012756 ], [ -66.36492807642631, -26.266289750012756 ], [ -66.36492807642631, -26.266559244597985 ], [ -66.36465858184107, -26.266559244597989 ], [ -66.36465858184107, -26.266828739183222 ], [ -66.364119592670605, -26.266828739183218 ], [ -66.364119592670605, -26.267098233768461 ], [ -66.3633111089149, -26.267098233768458 ], [ -66.3633111089149, -26.266289750012763 ], [ -66.36304161432966, -26.266289750012749 ], [ -66.36304161432966, -26.26575076084228 ], [ -66.363580603500125, -26.265750760842288 ], [ -66.363580603500125, -26.265481266257037 ], [ -66.363850098085365, -26.265481266257051 ], [ -66.363850098085365, -26.265211771671805 ], [ -66.364389087255844, -26.265211771671805 ], [ -66.364389087255844, -26.264942277086561 ], [ -66.36465858184107, -26.264942277086575 ] ] ] } },
{ "type": "Feature", "properties": { "raster_value": 1, "overlap_with_reference": 0.50123456790156262, "bofedal_id": "7c6798a8-93d7-5adc-9cd8-93b11d130bf6" }, "geometry": { "type": "Polygon", "coordinates": [ [ [ -66.971829882377463, -26.269254190450351 ], [ -66.971829882377463, -26.26952368503558 ], [ -66.972099376962689, -26.269523685035576 ], [ -66.972099376962689, -26.269793179620816 ], [ -66.972368871547928, -26.269793179620816 ], [ -66.972368871547928, -26.270062674206059 ], [ -66.972099376962689, -26.270062674206059 ], [ -66.972099376962689, -26.273566103814119 ], [ -66.971829882377463, -26.273566103814119 ], [ -66.971829882377463, -26.273835598399355 ], [ -66.972099376962689, -26.273835598399355 ], [ -66.972099376962689, -26.274105092984591 ], [ -66.971829882377463, -26.274105092984591 ], [ -66.971829882377463, -26.27653054425172 ], [ -66.971560387792223, -26.276530544251717 ], [ -66.971560387792223, -26.276800038836953 ], [ -66.971290893206984, -26.276800038836949 ], [ -66.971290893206984, -26.277069533422182 ], [ -66.970482409451279, -26.277069533422193 ], [ -66.970482409451279, -26.276800038836953 ], [ -66.970212914866039, -26.276800038836949 ], [ -66.970212914866039, -26.277608522592661 ], [ -66.970751904036518, -26.277608522592654 ], [ -66.970751904036518, -26.277878017177891 ], [ -66.970482409451279, -26.277878017177898 ], [ -66.970482409451279, -26.278147511763134 ], [ -66.970751904036518, -26.278147511763127 ], [ -66.970751904036518, -26.278955995518842 ], [ -66.970482409451279, -26.278955995518835 ], [ -66.970482409451279, -26.279494984689308 ], [ -66.970212914866039, -26.279494984689304 ], [ -66.970212914866039, -26.27976447927454 ], [ -66.969943420280813, -26.27976447927454 ], [ -66.969943420280813, -26.28003397385978 ], [ -66.969673925695574, -26.28003397385978 ], [ -66.969673925695574, -26.279764479274544 ], [ -66.969404431110334, -26.279764479274537 ], [ -66.969404431110334, -26.279494984689308 ], [ -66.969673925695574, -26.279494984689308 ], [ -66.969673925695574, -26.27841700634837 ], [ -66.969134936525094, -26.278417006348366 ], [ -66.969134936525094, -26.278686500933606 ], [ -66.968595947354629, -26.278686500933606 ], [ -66.968595947354629, -26.278955995518835 ], [ -66.968326452769389, -26.278955995518839 ], [ -66.968326452769389, -26.278686500933606 ], [ -66.967787463598924, -26.278686500933606 ], [ -66.967787463598924, -26.278955995518832 ], [ -66.967248474428445, -26.278955995518835 ], [ -66.967248474428445, -26.278686500933606 ], [ -66.967517969013684, -26.278686500933603 ], [ -66.967517969013684, -26.27841700634837 ], [ -66.967787463598924, -26.278417006348359 ], [ -66.967787463598924, -26.27814751176313 ], [ -66.968056958184164, -26.278147511763127 ], [ -66.968056958184164, -26.277339028007429 ], [ -66.968326452769389, -26.277339028007418 ], [ -66.968326452769389, -26.276261049666473 ], [ -66.968056958184164, -26.27626104966647 ], [ -66.968056958184164, -26.275991555081241 ], [ -66.967787463598924, -26.275991555081244 ], [ -66.967787463598924, -26.275722060496008 ], [ -66.967517969013684, -26.275722060496015 ], [ -66.967517969013684, -26.274374587569824 ], [ -66.967248474428445, -26.27437458756982 ], [ -66.967248474428445, -26.274105092984595 ], [ -66.966978979843219, -26.274105092984591 ], [ -66.966978979843219, -26.273835598399355 ], [ -66.967517969013684, -26.273835598399355 ], [ -66.967517969013684, -26.273566103814119 ], [ -66.968326452769389, -26.273566103814119 ], [ -66.968326452769389, -26.273835598399351 ], [ -66.968595947354629, -26.273835598399351 ], [ -66.968595947354629, -26.275183071325536 ], [ -66.969134936525094, -26.275183071325536 ], [ -66.969134936525094, -26.274913576740303 ], [ -66.968865441939869, -26.2749135767403 ], [ -66.968865441939869, -26.274105092984591 ], [ -66.969134936525094, -26.274105092984591 ], [ -66.969134936525094, -26.271679641717466 ], [ -66.969404431110334, -26.271679641717462 ], [ -66.969404431110334, -26.270871157961761 ], [ -66.969673925695574, -26.270871157961757 ], [ -66.969673925695574, -26.270601663376521 ], [ -66.969943420280813, -26.270601663376521 ], [ -66.969943420280813, -26.270332168791288 ], [ -66.970212914866039, -26.270332168791285 ], [ -66.970212914866039, -26.270062674206052 ], [ -66.970482409451279, -26.270062674206052 ], [ -66.970482409451279, -26.26952368503558 ], [ -66.971021398621758, -26.26952368503558 ], [ -66.971021398621758, -26.269254190450347 ], [ -66.971829882377463, -26.269254190450351 ] ] ] } },
{ "type": "Feature", "properties": { "raster_value": 1, "overlap_with_reference": 0.73333333333380213, "bofedal_id": "e49e1f1b-9358-5d32-ad49-eb0a914b7fc4" }, "geometry": { "type": "Polygon", "coordinates": [ [ [ -66.473264899691131, -26.284615381808784 ], [ -66.473264899691131, -26.285154370979249 ], [ -66.472995405105891, -26.285154370979257 ], [ -66.472995405105891, -26.285693360149729 ], [ -66.472725910520651, -26.285693360149729 ], [ -66.472725910520651, -26.285962854734958 ], [ -66.472186921350186, -26.285962854734969 ], [ -66.472186921350186, -26.284884876394027 ], [ -66.472456415935412, -26.28488487639402 ], [ -66.472456415935412, -26.284615381808788 ], [ -66.473264899691131, -26.284615381808784 ] ] ] } },
{ "type": "Feature", "properties": { "raster_value": 1, "overlap_with_reference": 0.63999999997445145, "bofedal_id": "7ca1a3a2-3673-5446-b31e-353ea17f5dcc" }, "geometry": { "type": "Polygon", "coordinates": [ [ [ -66.472995405105891, -26.308061410724306 ], [ -66.472995405105891, -26.308330905309543 ], [ -66.473264899691131, -26.30833090530955 ], [ -66.473264899691131, -26.309139389065244 ], [ -66.473534394276356, -26.309139389065251 ], [ -66.473534394276356, -26.310217367406192 ], [ -66.472995405105891, -26.310217367406192 ], [ -66.472995405105891, -26.310486861991436 ], [ -66.472725910520651, -26.310486861991432 ], [ -66.472725910520651, -26.310217367406185 ], [ -66.472186921350186, -26.310217367406196 ], [ -66.472186921350186, -26.30994787282096 ], [ -66.471917426764946, -26.30994787282096 ], [ -66.471917426764946, -26.309678378235724 ], [ -66.471378437594467, -26.309678378235716 ], [ -66.471378437594467, -26.309408883650487 ], [ -66.471647932179707, -26.309408883650484 ], [ -66.471647932179707, -26.309139389065248 ], [ -66.471378437594467, -26.309139389065248 ], [ -66.471378437594467, -26.308869894480011 ], [ -66.471647932179707, -26.308869894480011 ], [ -66.471647932179707, -26.308061410724306 ], [ -66.472186921350186, -26.308061410724303 ], [ -66.472186921350186, -26.30833090530955 ], [ -66.472456415935412, -26.308330905309546 ], [ -66.472456415935412, -26.308061410724314 ], [ -66.472995405105891, -26.308061410724306 ] ] ] } },
{ "type": "Feature", "properties": { "raster_value": 1, "overlap_with_reference": 0.55414012738883112, "bofedal_id": "8b93879e-e833-5595-8fe7-e442d0cd0b97" }, "geometry": { "type": "MultiPolygon", "coordinates": [ [ [ [ -66.432301722735275, -26.319110688718972 ], [ -66.432301722735275, -26.319380183304215 ], [ -66.432032228150035, -26.319380183304222 ], [ -66.432032228150035, -26.319919172474687 ], [ -66.432301722735275, -26.319919172474687 ], [ -66.432301722735275, -26.320188667059917 ], [ -66.432032228150035, -26.320188667059917 ], [ -66.432032228150035, -26.320458161645163 ], [ -66.431762733564796, -26.320458161645153 ], [ -66.431762733564796, -26.321266645400868 ], [ -66.432032228150035, -26.321266645400865 ], [ -66.432032228150035, -26.321536139986101 ], [ -66.43311020649098, -26.321536139986097 ], [ -66.43311020649098, -26.320727656230389 ], [ -66.433649195661459, -26.3207276562304 ], [ -66.433649195661459, -26.321266645400872 ], [ -66.433918690246685, -26.321266645400868 ], [ -66.433918690246685, -26.32018866705992 ], [ -66.434188184831925, -26.320188667059917 ], [ -66.434188184831925, -26.319919172474687 ], [ -66.433649195661459, -26.319919172474691 ], [ -66.433649195661459, -26.319649677889444 ], [ -66.43311020649098, -26.319649677889444 ], [ -66.43311020649098, -26.319380183304219 ], [ -66.43284071190574, -26.319380183304212 ], [ -66.43284071190574, -26.319110688718975 ], [ -66.432301722735275, -26.319110688718972 ] ] ], [ [ [ -66.43122374439433, -26.3147987753552 ], [ -66.430954249809091, -26.314798775355207 ], [ -66.430954249809091, -26.31533776452568 ], [ -66.430684755223865, -26.315337764525676 ], [ -66.430684755223865, -26.31506826994044 ], [ -66.430145766053386, -26.315068269940443 ], [ -66.430145766053386, -26.315607259110909 ], [ -66.430684755223865, -26.315607259110905 ], [ -66.430684755223865, -26.315876753696148 ], [ -66.430954249809091, -26.315876753696145 ], [ -66.430954249809091, -26.316146248281381 ], [ -66.430684755223865, -26.316146248281377 ], [ -66.430684755223865, -26.31641574286661 ], [ -66.430415260638625, -26.316415742866621 ], [ -66.430415260638625, -26.316954732037097 ], [ -66.43122374439433, -26.31695473203709 ], [ -66.43122374439433, -26.317224226622329 ], [ -66.43149323897957, -26.317224226622326 ], [ -66.43149323897957, -26.317493721207569 ], [ -66.431762733564796, -26.317493721207573 ], [ -66.431762733564796, -26.317224226622319 ], [ -66.432032228150035, -26.317224226622326 ], [ -66.432032228150035, -26.317763215792798 ], [ -66.432301722735275, -26.317763215792791 ], [ -66.432301722735275, -26.318302204963267 ], [ -66.432571217320515, -26.318302204963267 ], [ -66.432571217320515, -26.317224226622329 ], [ -66.43337970107622, -26.317224226622329 ], [ -66.43337970107622, -26.316146248281385 ], [ -66.433649195661459, -26.316146248281385 ], [ -66.433649195661459, -26.316415742866614 ], [ -66.434188184831925, -26.316415742866621 ], [ -66.434188184831925, -26.317224226622326 ], [ -66.434727174002404, -26.317224226622329 ], [ -66.434727174002404, -26.317493721207562 ], [ -66.434457679417164, -26.317493721207569 ], [ -66.434457679417164, -26.317763215792791 ], [ -66.434188184831925, -26.317763215792791 ], [ -66.434188184831925, -26.318032710378034 ], [ -66.433918690246685, -26.318032710378045 ], [ -66.433918690246685, -26.31830220496327 ], [ -66.434457679417164, -26.318302204963263 ], [ -66.434457679417164, -26.318032710378034 ], [ -66.434727174002404, -26.318032710378038 ], [ -66.434727174002404, -26.31830220496327 ], [ -66.435266163172869, -26.318302204963263 ], [ -66.435266163172869, -26.318571699548507 ], [ -66.435535657758109, -26.318571699548507 ], [ -66.435535657758109, -26.318302204963263 ], [ -66.435805152343335, -26.318302204963263 ], [ -66.435805152343335, -26.318032710378034 ], [ -66.436074646928574, -26.318032710378041 ], [ -66.436074646928574, -26.317763215792795 ], [ -66.436344141513814, -26.317763215792802 ], [ -66.436344141513814, -26.317224226622326 ], [ -66.436613636099054, -26.317224226622329 ], [ -66.436613636099054, -26.316685237451864 ], [ -66.436883130684279, -26.31668523745185 ], [ -66.436883130684279, -26.316146248281381 ], [ -66.437152625269519, -26.316146248281381 ], [ -66.437152625269519, -26.315876753696152 ], [ -66.437422119854759, -26.315876753696145 ], [ -66.437422119854759, -26.315607259110905 ], [ -66.437152625269519, -26.315607259110912 ], [ -66.437152625269519, -26.315337764525669 ], [ -66.437422119854759, -26.31533776452568 ], [ -66.437422119854759, -26.314529280769971 ], [ -66.436613636099054, -26.314529280769971 ], [ -66.436613636099054, -26.314798775355211 ], [ -66.43499666858763, -26.314798775355211 ], [ -66.43499666858763, -26.315068269940436 ], [ -66.434727174002404, -26.315068269940443 ], [ -66.434727174002404, -26.314798775355207 ], [ -66.43284071190574, -26.314798775355207 ], [ -66.43284071190574, -26.314529280769975 ], [ -66.43149323897957, -26.314529280769968 ], [ -66.43149323897957, -26.314259786184735 ], [ -66.43122374439433, -26.314259786184735 ], [ -66.43122374439433, -26.3147987753552 ] ] ], [ [ [ -66.430684755223865, -26.31318180784379 ], [ -66.42960677688292, -26.313181807843794 ], [ -66.42960677688292, -26.313720797014255 ], [ -66.430145766053386, -26.313720797014255 ], [ -66.430145766053386, -26.314529280769971 ], [ -66.430684755223865, -26.314529280769971 ], [ -66.430684755223865, -26.314259786184731 ], [ -66.430415260638625, -26.314259786184728 ], [ -66.430415260638625, -26.313990291599495 ], [ -66.430954249809091, -26.313990291599492 ], [ -66.430954249809091, -26.312912313258551 ], [ -66.430684755223865, -26.312912313258554 ], [ -66.430684755223865, -26.31318180784379 ] ] ] ] } },
{ "type": "Feature", "properties": { "raster_value": 1, "overlap_with_reference": 0.64285714277165584, "bofedal_id": "29539205-47fa-5366-949e-6962182273c0" }, "geometry": { "type": "Polygon", "coordinates": [ [ [ -66.766475008427733, -26.322883612912282 ], [ -66.766475008427733, -26.323153107497525 ], [ -66.765666524672028, -26.323153107497518 ], [ -66.765666524672028, -26.323422602082754 ], [ -66.765127535501577, -26.323422602082754 ], [ -66.765127535501577, -26.32369209666799 ], [ -66.764319051745844, -26.32369209666799 ], [ -66.764319051745844, -26.323153107497518 ], [ -66.764858040916323, -26.323153107497518 ], [ -66.764858040916323, -26.322883612912282 ], [ -66.766475008427733, -26.322883612912282 ] ] ] } },
{ "type": "Feature", "properties": { "raster_value": 1, "overlap_with_reference": 0.69230769230886247, "bofedal_id": "041a52c7-1687-527b-b45d-a2ffa8686cbe" }, "geometry": { "type": "Polygon", "coordinates": [ [ [ -66.819565441719206, -26.35710942523724 ], [ -66.819565441719206, -26.357378919822469 ], [ -66.819834936304431, -26.357378919822459 ], [ -66.819834936304431, -26.357648414407706 ], [ -66.820104430889671, -26.357648414407699 ], [ -66.820104430889671, -26.357917908992942 ], [ -66.820373925474911, -26.357917908992942 ], [ -66.820373925474911, -26.358187403578185 ], [ -66.820643420060136, -26.358187403578178 ], [ -66.820643420060136, -26.358456898163404 ], [ -66.820373925474911, -26.358456898163418 ], [ -66.820373925474911, -26.35872639274865 ], [ -66.819834936304431, -26.35872639274865 ], [ -66.819834936304431, -26.358187403578174 ], [ -66.819565441719206, -26.358187403578182 ], [ -66.819565441719206, -26.357648414407691 ], [ -66.819295947133966, -26.357648414407699 ], [ -66.819295947133966, -26.35710942523723 ], [ -66.819565441719206, -26.35710942523724 ] ] ] } },
{ "type": "Feature", "properties": { "raster_value": 1, "overlap_with_reference": 0.97560975608232747, "bofedal_id": "15cde799-da07-5718-a376-13136fa80b6d" }, "geometry": { "type": "Polygon", "coordinates": [ [ [ -66.421252444740603, -26.355492457725816 ], [ -66.421252444740603, -26.356031446896292 ], [ -66.420713455570151, -26.356031446896289 ], [ -66.420713455570151, -26.356300941481525 ], [ -66.420982950155363, -26.356300941481532 ], [ -66.420982950155363, -26.356570436066754 ], [ -66.420443960984898, -26.356570436066765 ], [ -66.420443960984898, -26.356839930652004 ], [ -66.420174466399658, -26.356839930652004 ], [ -66.420174466399658, -26.35710942523724 ], [ -66.419904971814418, -26.357109425237237 ], [ -66.419904971814418, -26.357378919822469 ], [ -66.419635477229207, -26.357378919822462 ], [ -66.419635477229207, -26.357917908992942 ], [ -66.419365982643953, -26.357917908992935 ], [ -66.419365982643953, -26.358187403578174 ], [ -66.419096488058713, -26.358187403578178 ], [ -66.419096488058713, -26.35872639274865 ], [ -66.418826993473488, -26.358726392748647 ], [ -66.418826993473488, -26.359265381919123 ], [ -66.418557498888262, -26.359265381919123 ], [ -66.418557498888262, -26.359534876504355 ], [ -66.418018509717768, -26.359534876504359 ], [ -66.418018509717768, -26.359804371089602 ], [ -66.417479520547317, -26.359804371089595 ], [ -66.417479520547317, -26.360073865674831 ], [ -66.417210025962063, -26.360073865674831 ], [ -66.417210025962063, -26.359534876504362 ], [ -66.417749015132543, -26.359534876504355 ], [ -66.417749015132543, -26.358995887333887 ], [ -66.418018509717768, -26.358995887333883 ], [ -66.418018509717768, -26.358726392748647 ], [ -66.418288004303008, -26.358726392748643 ], [ -66.418288004303008, -26.358456898163411 ], [ -66.418557498888262, -26.358456898163421 ], [ -66.418557498888262, -26.358187403578178 ], [ -66.418826993473488, -26.358187403578182 ], [ -66.418826993473488, -26.357917908992938 ], [ -66.419096488058713, -26.357917908992942 ], [ -66.419096488058713, -26.357648414407699 ], [ -66.419365982643953, -26.357648414407699 ], [ -66.419365982643953, -26.35710942523724 ], [ -66.419635477229207, -26.357109425237248 ], [ -66.419635477229207, -26.356839930651997 ], [ -66.419904971814418, -26.356839930651997 ], [ -66.419904971814418, -26.356300941481532 ], [ -66.420174466399658, -26.356300941481521 ], [ -66.420174466399658, -26.356031446896289 ], [ -66.420443960984898, -26.356031446896296 ], [ -66.420443960984898, -26.355761952311052 ], [ -66.420713455570151, -26.355761952311056 ], [ -66.420713455570151, -26.355492457725813 ], [ -66.421252444740603, -26.355492457725816 ] ] ] } },
{ "type": "Feature", "properties": { "raster_value": 1, "overlap_with_reference": 0.56521739134031213, "bofedal_id": "73849795-fb71-5a5f-b947-e4a4759edb6f" }, "geometry": { "type": "Polygon", "coordinates": [ [ [ -66.958355153115662, -26.359265381919119 ], [ -66.958355153115662, -26.359804371089595 ], [ -66.958624647700901, -26.359804371089592 ], [ -66.958624647700901, -26.360073865674835 ], [ -66.958894142286141, -26.360073865674821 ], [ -66.958894142286141, -26.360343360260064 ], [ -66.959163636871381, -26.360343360260064 ], [ -66.959163636871381, -26.36088234943054 ], [ -66.958624647700901, -26.36088234943054 ], [ -66.958624647700901, -26.36034336026006 ], [ -66.957277174774717, -26.36034336026006 ], [ -66.957277174774717, -26.360073865674831 ], [ -66.956468691019012, -26.360073865674824 ], [ -66.956468691019012, -26.359804371089595 ], [ -66.955390712678067, -26.359804371089599 ], [ -66.955390712678067, -26.360073865674835 ], [ -66.953773745166657, -26.360073865674831 ], [ -66.953773745166657, -26.360343360260057 ], [ -66.953234755996192, -26.36034336026006 ], [ -66.953234755996192, -26.360612854845296 ], [ -66.951348293899528, -26.3606128548453 ], [ -66.951348293899528, -26.360343360260053 ], [ -66.951887283070008, -26.36034336026006 ], [ -66.951887283070008, -26.360073865674828 ], [ -66.953234755996192, -26.360073865674831 ], [ -66.953234755996192, -26.359804371089595 ], [ -66.953773745166657, -26.359804371089599 ], [ -66.953773745166657, -26.359534876504359 ], [ -66.955121218092842, -26.359534876504355 ], [ -66.955121218092842, -26.359265381919116 ], [ -66.958355153115662, -26.359265381919119 ] ] ] } },
{ "type": "Feature", "properties": { "raster_value": 1, "overlap_with_reference": 0.67142857142077061, "bofedal_id": "7c38e6c9-6f7a-587b-8066-a2ea906c56e6" }, "geometry": { "type": "Polygon", "coordinates": [ [ [ -66.516114538743622, -26.37624354078898 ], [ -66.516114538743622, -26.377052024544682 ], [ -66.516384033328862, -26.377052024544685 ], [ -66.516384033328862, -26.377860508300394 ], [ -66.516114538743622, -26.37786050830039 ], [ -66.516114538743622, -26.379207981226578 ], [ -66.515845044158397, -26.379207981226575 ], [ -66.515845044158397, -26.379477475811814 ], [ -66.515575549573171, -26.379477475811814 ], [ -66.515575549573171, -26.379207981226571 ], [ -66.515036560402677, -26.379207981226571 ], [ -66.515036560402677, -26.378668992056102 ], [ -66.514767065817452, -26.378668992056095 ], [ -66.514767065817452, -26.378399497470866 ], [ -66.515036560402677, -26.378399497470863 ], [ -66.515036560402677, -26.37813000288563 ], [ -66.514767065817452, -26.378130002885634 ], [ -66.514767065817452, -26.377860508300401 ], [ -66.513958582061733, -26.377860508300401 ], [ -66.513958582061733, -26.377052024544689 ], [ -66.514228076646972, -26.377052024544685 ], [ -66.514228076646972, -26.37651303537422 ], [ -66.514497571232226, -26.376513035374217 ], [ -66.514497571232226, -26.37624354078898 ], [ -66.516114538743622, -26.37624354078898 ] ] ] } },
{ "type": "Feature", "properties": { "raster_value": 1, "overlap_with_reference": 0.69999999999103557, "bofedal_id": "a91f2053-1830-5b6d-adf0-4eedfe01ddad" }, "geometry": { "type": "Polygon", "coordinates": [ [ [ -66.955929701848547, -26.382441916249398 ], [ -66.955929701848547, -26.382711410834638 ], [ -66.956199196433786, -26.382711410834641 ], [ -66.956199196433786, -26.383250400005114 ], [ -66.955929701848547, -26.38325040000511 ], [ -66.955929701848547, -26.383789389175586 ], [ -66.954851723507602, -26.383789389175579 ], [ -66.954851723507602, -26.382980905419878 ], [ -66.955121218092842, -26.382980905419885 ], [ -66.955121218092842, -26.382441916249405 ], [ -66.955929701848547, -26.382441916249398 ] ] ] } },
{ "type": "Feature", "properties": { "raster_value": 1, "overlap_with_reference": 0.99999999996374689, "bofedal_id": "4e05cf76-6f51-58af-b152-c3d2d2650795" }, "geometry": { "type": "Polygon", "coordinates": [ [ [ -66.461946127111219, -26.383519894590346 ], [ -66.461946127111219, -26.384328378346055 ], [ -66.462215621696458, -26.384328378346048 ], [ -66.462215621696458, -26.384597872931295 ], [ -66.461676632525979, -26.384597872931295 ], [ -66.461676632525979, -26.384867367516524 ], [ -66.461407137940753, -26.384867367516534 ], [ -66.461407137940753, -26.385406356687003 ], [ -66.460329159599809, -26.385406356686996 ], [ -66.460329159599809, -26.384867367516527 ], [ -66.460868148770274, -26.384867367516527 ], [ -66.460868148770274, -26.384597872931288 ], [ -66.461137643355514, -26.384597872931291 ], [ -66.461137643355514, -26.384328378346055 ], [ -66.461407137940753, -26.384328378346058 ], [ -66.461407137940753, -26.383789389175583 ], [ -66.461676632525979, -26.383789389175583 ], [ -66.461676632525979, -26.383519894590343 ], [ -66.461946127111219, -26.383519894590346 ] ] ] } },
{ "type": "Feature", "properties": { "raster_value": 1, "overlap_with_reference": 0.78571428570312085, "bofedal_id": "6bd46b3f-273c-50b1-8040-ce125927a9a9" }, "geometry": { "type": "Polygon", "coordinates": [ [ [ -66.341482047510794, -26.384328378346055 ], [ -66.341482047510794, -26.384597872931284 ], [ -66.34175154209602, -26.384597872931288 ], [ -66.34175154209602, -26.38486736751652 ], [ -66.341482047510794, -26.384867367516527 ], [ -66.341482047510794, -26.385945345857465 ], [ -66.340943058340315, -26.385945345857479 ], [ -66.340943058340315, -26.386214840442705 ], [ -66.34040406916985, -26.386214840442701 ], [ -66.34040406916985, -26.385945345857476 ], [ -66.34013457458461, -26.385945345857468 ], [ -66.34013457458461, -26.385675851272236 ], [ -66.339595585414145, -26.385675851272236 ], [ -66.339595585414145, -26.385406356686996 ], [ -66.339326090828905, -26.385406356687 ], [ -66.339326090828905, -26.385136862101763 ], [ -66.340943058340315, -26.38513686210176 ], [ -66.340943058340315, -26.384597872931295 ], [ -66.341212552925555, -26.384597872931284 ], [ -66.341212552925555, -26.384328378346066 ], [ -66.341482047510794, -26.384328378346055 ] ] ] } },
{ "type": "Feature", "properties": { "raster_value": 1, "overlap_with_reference": 0.74999999995365363, "bofedal_id": "5d16f4d1-6ca7-568a-9ccf-7bdf9872002d" }, "geometry": { "type": "Polygon", "coordinates": [ [ [ -66.346871939215504, -26.384058883760815 ], [ -66.346871939215504, -26.384328378346058 ], [ -66.347410928385983, -26.384328378346058 ], [ -66.347410928385983, -26.384597872931291 ], [ -66.347949917556448, -26.384597872931284 ], [ -66.347949917556448, -26.384867367516524 ], [ -66.349027895897393, -26.38486736751652 ], [ -66.349027895897393, -26.385406356686996 ], [ -66.348758401312153, -26.385406356687 ], [ -66.348758401312153, -26.385945345857472 ], [ -66.348488906726928, -26.385945345857479 ], [ -66.348488906726928, -26.386214840442708 ], [ -66.348219412141688, -26.386214840442708 ], [ -66.348219412141688, -26.385945345857461 ], [ -66.347680422971209, -26.385945345857472 ], [ -66.347680422971209, -26.385675851272232 ], [ -66.347410928385983, -26.385675851272236 ], [ -66.347410928385983, -26.385406356686993 ], [ -66.347141433800743, -26.385406356686993 ], [ -66.347141433800743, -26.38486736751652 ], [ -66.346871939215504, -26.384867367516524 ], [ -66.346871939215504, -26.384597872931298 ], [ -66.346602444630278, -26.384597872931298 ], [ -66.346602444630278, -26.384058883760819 ], [ -66.346871939215504, -26.384058883760815 ] ] ] } },
{ "type": "Feature", "properties": { "raster_value": 1, "overlap_with_reference": 0.91999999999713178, "bofedal_id": "ee2654ed-a14b-5664-bb9f-04f50735b4c2" }, "geometry": { "type": "Polygon", "coordinates": [ [ [ -66.957546669359957, -26.390257259221237 ], [ -66.957546669359957, -26.391065742976945 ], [ -66.957816163945196, -26.391065742976949 ], [ -66.957816163945196, -26.391335237562181 ], [ -66.957546669359957, -26.391335237562192 ], [ -66.957546669359957, -26.391604732147432 ], [ -66.957277174774717, -26.391604732147432 ], [ -66.957277174774717, -26.391335237562195 ], [ -66.957007680189491, -26.391335237562199 ], [ -66.957007680189491, -26.391604732147425 ], [ -66.956738185604252, -26.391604732147417 ], [ -66.956738185604252, -26.3921437213179 ], [ -66.956468691019012, -26.392143721317904 ], [ -66.956468691019012, -26.391874226732657 ], [ -66.956199196433786, -26.391874226732654 ], [ -66.956199196433786, -26.391604732147417 ], [ -66.955929701848547, -26.391604732147421 ], [ -66.955929701848547, -26.391335237562185 ], [ -66.956199196433786, -26.391335237562192 ], [ -66.956199196433786, -26.390526753806476 ], [ -66.956468691019012, -26.390526753806473 ], [ -66.956468691019012, -26.390796248391712 ], [ -66.956738185604252, -26.390796248391712 ], [ -66.956738185604252, -26.390526753806487 ], [ -66.957007680189491, -26.39052675380648 ], [ -66.957007680189491, -26.390257259221247 ], [ -66.957546669359957, -26.390257259221237 ] ] ] } },
{ "type": "Feature", "properties": { "raster_value": 1, "overlap_with_reference": 0.69999999998325757, "bofedal_id": "7f1b2a98-a485-5981-95db-4290a32e4e4b" }, "geometry": { "type": "Polygon", "coordinates": [ [ [ -66.519617968351696, -26.39564715092596 ], [ -66.519617968351696, -26.397803107607846 ], [ -66.519348473766456, -26.397803107607849 ], [ -66.519348473766456, -26.396725129266905 ], [ -66.519078979181216, -26.396725129266912 ], [ -66.519078979181216, -26.396186140096436 ], [ -66.519348473766456, -26.396186140096436 ], [ -66.519348473766456, -26.395647150925949 ], [ -66.519617968351696, -26.39564715092596 ] ] ] } },
{ "type": "Feature", "properties": { "raster_value": 1, "overlap_with_reference": 0.99999999999999989, "bofedal_id": "8698b2fa-d9f6-5925-bcc8-198e4ab362dd" }, "geometry": { "type": "Polygon", "coordinates": [ [ [ -66.947305875120989, -26.424213576960959 ], [ -66.947305875120989, -26.425561049887147 ], [ -66.947036380535764, -26.425561049887147 ], [ -66.947036380535764, -26.425830544472376 ], [ -66.946227896780059, -26.425830544472372 ], [ -66.946227896780059, -26.425561049887147 ], [ -66.945958402194819, -26.425561049887147 ], [ -66.945958402194819, -26.425291555301911 ], [ -66.946766885950524, -26.425291555301911 ], [ -66.946766885950524, -26.425022060716675 ], [ -66.946497391365284, -26.425022060716675 ], [ -66.946497391365284, -26.424483071546192 ], [ -66.946766885950524, -26.424483071546202 ], [ -66.946766885950524, -26.424213576960966 ], [ -66.947305875120989, -26.424213576960959 ] ] ] } },
{ "type": "Feature", "properties": { "raster_value": 1, "overlap_with_reference": 0.51282051280958774, "bofedal_id": "4873b5b9-6c57-59a6-8209-8baf3a363a84" }, "geometry": { "type": "Polygon", "coordinates": [ [ [ -66.554382769847123, -26.4958991366337 ], [ -66.554382769847123, -26.496438125804172 ], [ -66.554652264432349, -26.496438125804168 ], [ -66.554652264432349, -26.496707620389408 ], [ -66.554921759017589, -26.496707620389408 ], [ -66.554921759017589, -26.496977114974644 ], [ -66.555191253602828, -26.496977114974644 ], [ -66.555191253602828, -26.497785598730356 ], [ -66.554652264432349, -26.497785598730356 ], [ -66.554652264432349, -26.498055093315589 ], [ -66.554382769847123, -26.498055093315578 ], [ -66.554382769847123, -26.498324587900825 ], [ -66.554113275261884, -26.498324587900825 ], [ -66.554113275261884, -26.498055093315589 ], [ -66.553843780676644, -26.498055093315589 ], [ -66.553843780676644, -26.497246609559877 ], [ -66.553574286091404, -26.49724660955988 ], [ -66.553574286091404, -26.496977114974644 ], [ -66.553035296920939, -26.496977114974634 ], [ -66.553035296920939, -26.496438125804172 ], [ -66.553574286091404, -26.496438125804168 ], [ -66.553574286091404, -26.4958991366337 ], [ -66.554382769847123, -26.4958991366337 ] ] ] } },
{ "type": "Feature", "properties": { "raster_value": 1, "overlap_with_reference": 0.5540540540455644, "bofedal_id": "f51e6fd2-7753-5f5e-a4ca-de4fd362e045" }, "geometry": { "type": "Polygon", "coordinates": [ [ [ -67.013871037674249, -26.559499858749362 ], [ -67.013871037674249, -26.560308342505063 ], [ -67.014949016015194, -26.560308342505067 ], [ -67.014949016015194, -26.560577837090307 ], [ -67.015488005185674, -26.560577837090303 ], [ -67.015488005185674, -26.560308342505071 ], [ -67.016296488941379, -26.560308342505067 ], [ -67.016296488941379, -26.560038847919838 ], [ -67.016565983526604, -26.560038847919831 ], [ -67.016565983526604, -26.5605778370903 ], [ -67.016835478111844, -26.560577837090314 ], [ -67.016835478111844, -26.561116826260772 ], [ -67.016565983526604, -26.561116826260779 ], [ -67.016565983526604, -26.561386320846022 ], [ -67.016296488941379, -26.561386320846015 ], [ -67.016296488941379, -26.561655815431244 ], [ -67.015488005185674, -26.561655815431248 ], [ -67.015488005185674, -26.561925310016477 ], [ -67.013871037674249, -26.561925310016484 ], [ -67.013871037674249, -26.561386320846008 ], [ -67.01360154308901, -26.561386320846008 ], [ -67.01360154308901, -26.560847331675536 ], [ -67.013332048503784, -26.560847331675543 ], [ -67.013332048503784, -26.5605778370903 ], [ -67.013062553918544, -26.560577837090307 ], [ -67.013062553918544, -26.560308342505071 ], [ -67.013332048503784, -26.560308342505063 ], [ -67.013332048503784, -26.560038847919831 ], [ -67.012793059333305, -26.560038847919831 ], [ -67.012793059333305, -26.559769353334595 ], [ -67.012523564748093, -26.559769353334595 ], [ -67.012523564748093, -26.559499858749358 ], [ -67.013871037674249, -26.559499858749362 ] ] ] } },
{ "type": "Feature", "properties": { "raster_value": 1, "overlap_with_reference": 0.60000000000057996, "bofedal_id": "49ea58c5-0fc4-5d6a-967a-1f4fff3e42f2" }, "geometry": { "type": "Polygon", "coordinates": [ [ [ -66.467336018815942, -26.584293360591065 ], [ -66.467336018815942, -26.585101844346774 ], [ -66.467605513401168, -26.585101844346774 ], [ -66.467605513401168, -26.58537133893201 ], [ -66.467875007986407, -26.58537133893201 ], [ -66.467875007986407, -26.585640833517239 ], [ -66.467605513401168, -26.585640833517235 ], [ -66.467605513401168, -26.586179822687711 ], [ -66.466797029645463, -26.586179822687715 ], [ -66.466797029645463, -26.585910328102486 ], [ -66.466527535060223, -26.585910328102486 ], [ -66.466527535060223, -26.584293360591051 ], [ -66.467336018815942, -26.584293360591065 ] ] ] } },
{ "type": "Feature", "properties": { "raster_value": 1, "overlap_with_reference": 0.77777777775841028, "bofedal_id": "18f0baef-4af8-5a96-b3ff-b13474c1427b" }, "geometry": { "type": "Polygon", "coordinates": [ [ [ -66.467336018815942, -26.590761230636723 ], [ -66.467336018815942, -26.591030725221959 ], [ -66.467875007986407, -26.591030725221962 ], [ -66.467875007986407, -26.591300219807199 ], [ -66.468683491742112, -26.591300219807195 ], [ -66.468683491742112, -26.591569714392428 ], [ -66.468952986327352, -26.591569714392428 ], [ -66.468952986327352, -26.591839208977664 ], [ -66.468683491742112, -26.591839208977667 ], [ -66.468683491742112, -26.5921087035629 ], [ -66.468413997156873, -26.5921087035629 ], [ -66.468413997156873, -26.591839208977664 ], [ -66.468144502571647, -26.591839208977664 ], [ -66.468144502571647, -26.592108703562896 ], [ -66.467875007986407, -26.5921087035629 ], [ -66.467875007986407, -26.591839208977664 ], [ -66.467336018815942, -26.591839208977671 ], [ -66.467336018815942, -26.591569714392435 ], [ -66.467066524230702, -26.591569714392435 ], [ -66.467066524230702, -26.590761230636723 ], [ -66.467336018815942, -26.590761230636723 ] ] ] } },
{ "type": "Feature", "properties": { "raster_value": 1, "overlap_with_reference": 0.61111111109145899, "bofedal_id": "33e92807-e7a6-5b46-ba8e-34ce630e5190" }, "geometry": { "type": "Polygon", "coordinates": [ [ [ -66.633883672491706, -26.613937764966998 ], [ -66.633883672491706, -26.614207259552241 ], [ -66.634153167076931, -26.614207259552249 ], [ -66.634153167076931, -26.614476754137485 ], [ -66.634422661662171, -26.614476754137478 ], [ -66.634422661662171, -26.614207259552241 ], [ -66.634961650832651, -26.614207259552241 ], [ -66.634961650832651, -26.61501574330795 ], [ -66.635231145417876, -26.615015743307953 ], [ -66.635231145417876, -26.616093721648891 ], [ -66.634961650832651, -26.616093721648898 ], [ -66.634961650832651, -26.616632710819367 ], [ -66.634692156247397, -26.61663271081936 ], [ -66.634692156247397, -26.6169022054046 ], [ -66.634153167076931, -26.6169022054046 ], [ -66.634153167076931, -26.616632710819363 ], [ -66.633883672491706, -26.616632710819363 ], [ -66.633883672491706, -26.616093721648898 ], [ -66.633614177906466, -26.616093721648895 ], [ -66.633614177906466, -26.615554732478412 ], [ -66.633344683321226, -26.615554732478412 ], [ -66.633344683321226, -26.615285237893193 ], [ -66.633075188735987, -26.615285237893179 ], [ -66.633075188735987, -26.615015743307957 ], [ -66.633344683321226, -26.615015743307943 ], [ -66.633344683321226, -26.614476754137478 ], [ -66.633614177906466, -26.614476754137478 ], [ -66.633614177906466, -26.613937764966998 ], [ -66.633883672491706, -26.613937764966998 ] ] ] } },
{ "type": "Feature", "properties": { "raster_value": 1, "overlap_with_reference": 0.52777777775507151, "bofedal_id": "2acfdedd-f136-51df-b870-765d218112be" }, "geometry": { "type": "Polygon", "coordinates": [ [ [ -66.620408943229904, -26.632263396763037 ], [ -66.620408943229904, -26.632532891348283 ], [ -66.620947932400369, -26.63253289134828 ], [ -66.620947932400369, -26.632802385933523 ], [ -66.621486921570849, -26.63280238593352 ], [ -66.621486921570849, -26.633071880518752 ], [ -66.622025910741314, -26.633071880518742 ], [ -66.622025910741314, -26.633341375103988 ], [ -66.622564899911794, -26.633341375103996 ], [ -66.622564899911794, -26.633610869689221 ], [ -66.623103889082259, -26.633610869689221 ], [ -66.623103889082259, -26.634419353444933 ], [ -66.622025910741314, -26.63441935344493 ], [ -66.622025910741314, -26.634149858859686 ], [ -66.621486921570849, -26.63414985885969 ], [ -66.621486921570849, -26.633880364274457 ], [ -66.621217426985609, -26.633880364274464 ], [ -66.621217426985609, -26.633610869689225 ], [ -66.61933096488896, -26.633610869689218 ], [ -66.61933096488896, -26.633341375103981 ], [ -66.618522481133255, -26.633341375103988 ], [ -66.618522481133255, -26.633071880518752 ], [ -66.617983491962775, -26.633071880518752 ], [ -66.617983491962775, -26.632532891348276 ], [ -66.61879197571848, -26.63253289134828 ], [ -66.61879197571848, -26.632263396763037 ], [ -66.620408943229904, -26.632263396763037 ] ] ] } },
{ "type": "Feature", "properties": { "raster_value": 1, "overlap_with_reference": 0.63038548751648815, "bofedal_id": "ee2fedf0-ba8d-5152-8596-082452311463" }, "geometry": { "type": "Polygon", "coordinates": [ [ [ -66.634692156247397, -26.635497331785871 ], [ -66.634692156247397, -26.635766826371114 ], [ -66.635231145417876, -26.635766826371103 ], [ -66.635231145417876, -26.636575310126812 ], [ -66.636309123758821, -26.636575310126823 ], [ -66.636309123758821, -26.637114299297284 ], [ -66.63657861834406, -26.637114299297284 ], [ -66.63657861834406, -26.637383793882528 ], [ -66.637656596684991, -26.637383793882531 ], [ -66.637656596684991, -26.638731266808701 ], [ -66.637387102099765, -26.638731266808698 ], [ -66.637387102099765, -26.639000761393952 ], [ -66.63711760751454, -26.639000761393941 ], [ -66.63711760751454, -26.63927025597917 ], [ -66.637387102099765, -26.639270255979177 ], [ -66.637387102099765, -26.639809245149646 ], [ -66.637656596684991, -26.639809245149646 ], [ -66.637656596684991, -26.641695707246296 ], [ -66.637387102099765, -26.641695707246296 ], [ -66.637387102099765, -26.640617728905355 ], [ -66.63711760751454, -26.640617728905351 ], [ -66.63711760751454, -26.640348234320122 ], [ -66.635770134588341, -26.640348234320118 ], [ -66.635770134588341, -26.640887223490584 ], [ -66.635500640003116, -26.640887223490591 ], [ -66.635500640003116, -26.641156718075827 ], [ -66.635231145417876, -26.64115671807583 ], [ -66.635231145417876, -26.641695707246299 ], [ -66.635500640003116, -26.641695707246303 ], [ -66.635500640003116, -26.641965201831532 ], [ -66.635770134588341, -26.641965201831532 ], [ -66.635770134588341, -26.641695707246296 ], [ -66.636309123758821, -26.641695707246296 ], [ -66.636309123758821, -26.642234696416768 ], [ -66.636039629173595, -26.642234696416772 ], [ -66.636039629173595, -26.642504191002004 ], [ -66.636309123758821, -26.642504191002004 ], [ -66.636309123758821, -26.642773685587247 ], [ -66.636848112929286, -26.642773685587244 ], [ -66.636848112929286, -26.64304318017248 ], [ -66.637387102099765, -26.64304318017248 ], [ -66.637387102099765, -26.643582169342956 ], [ -66.637656596684991, -26.643582169342949 ], [ -66.637656596684991, -26.643851663928185 ], [ -66.637926091270231, -26.643851663928185 ], [ -66.637926091270231, -26.644121158513418 ], [ -66.63846508044071, -26.644121158513418 ], [ -66.63846508044071, -26.644929642269137 ], [ -66.639004069611175, -26.644929642269126 ], [ -66.639004069611175, -26.645199136854366 ], [ -66.639273564196429, -26.645199136854373 ], [ -66.639273564196429, -26.645738126024838 ], [ -66.639543058781655, -26.645738126024838 ], [ -66.639543058781655, -26.646007620610078 ], [ -66.639273564196429, -26.646007620610074 ], [ -66.639273564196429, -26.647355093536245 ], [ -66.639543058781655, -26.647355093536245 ], [ -66.639543058781655, -26.647624588121484 ], [ -66.63981255336688, -26.647624588121488 ], [ -66.63981255336688, -26.647894082706713 ], [ -66.639543058781655, -26.647894082706724 ], [ -66.639543058781655, -26.64816357729196 ], [ -66.639273564196429, -26.648163577291957 ], [ -66.639273564196429, -26.648433071877189 ], [ -66.639004069611175, -26.648433071877193 ], [ -66.639004069611175, -26.648702566462429 ], [ -66.638734575025936, -26.648702566462436 ], [ -66.638734575025936, -26.647624588121481 ], [ -66.63846508044071, -26.647624588121484 ], [ -66.63846508044071, -26.647355093536252 ], [ -66.637926091270231, -26.647355093536255 ], [ -66.637926091270231, -26.647624588121481 ], [ -66.638195585855485, -26.647624588121484 ], [ -66.638195585855485, -26.647894082706717 ], [ -66.637656596684991, -26.647894082706721 ], [ -66.637656596684991, -26.647355093536248 ], [ -66.637387102099765, -26.647355093536241 ], [ -66.637387102099765, -26.646816104365779 ], [ -66.63711760751454, -26.646816104365776 ], [ -66.63711760751454, -26.646546609780547 ], [ -66.636848112929286, -26.64654660978055 ], [ -66.636848112929286, -26.646007620610074 ], [ -66.63657861834406, -26.646007620610071 ], [ -66.63657861834406, -26.645738126024838 ], [ -66.636309123758821, -26.645738126024835 ], [ -66.636309123758821, -26.64492964226913 ], [ -66.636039629173595, -26.644929642269133 ], [ -66.636039629173595, -26.644660147683901 ], [ -66.635770134588341, -26.64466014768389 ], [ -66.635770134588341, -26.644390653098657 ], [ -66.635500640003116, -26.644390653098654 ], [ -66.635500640003116, -26.643851663928185 ], [ -66.635231145417876, -26.643851663928185 ], [ -66.635231145417876, -26.643582169342949 ], [ -66.634961650832651, -26.643582169342945 ], [ -66.634961650832651, -26.64304318017248 ], [ -66.634422661662171, -26.643043180172477 ], [ -66.634422661662171, -26.642504191002004 ], [ -66.634153167076931, -26.642504191002004 ], [ -66.634153167076931, -26.641965201831535 ], [ -66.633883672491706, -26.641965201831535 ], [ -66.633883672491706, -26.641695707246296 ], [ -66.633614177906466, -26.641695707246303 ], [ -66.633614177906466, -26.640348234320115 ], [ -66.633883672491706, -26.640348234320122 ], [ -66.633883672491706, -26.640078739734882 ], [ -66.634692156247397, -26.640078739734886 ], [ -66.634692156247397, -26.639809245149653 ], [ -66.634961650832651, -26.63980924514965 ], [ -66.634961650832651, -26.639539750564417 ], [ -66.634692156247397, -26.63953975056442 ], [ -66.634692156247397, -26.639270255979177 ], [ -66.634153167076931, -26.639270255979184 ], [ -66.634153167076931, -26.638731266808712 ], [ -66.633614177906466, -26.638731266808701 ], [ -66.633614177906466, -26.638461772223469 ], [ -66.633344683321226, -26.638461772223469 ], [ -66.633344683321226, -26.638192277638232 ], [ -66.632536199565521, -26.638192277638236 ], [ -66.632536199565521, -26.637922783052993 ], [ -66.630919232054097, -26.637922783052993 ], [ -66.630919232054097, -26.637383793882528 ], [ -66.632266704980282, -26.637383793882531 ], [ -66.632266704980282, -26.637114299297288 ], [ -66.633075188735987, -26.637114299297291 ], [ -66.633075188735987, -26.636844804712052 ], [ -66.633344683321226, -26.636844804712066 ], [ -66.633344683321226, -26.636575310126815 ], [ -66.633883672491706, -26.636575310126819 ], [ -66.633883672491706, -26.636305815541579 ], [ -66.634153167076931, -26.636305815541579 ], [ -66.634153167076931, -26.635766826371114 ], [ -66.634422661662171, -26.635766826371107 ], [ -66.634422661662171, -26.635497331785867 ], [ -66.634692156247397, -26.635497331785871 ] ], [ [ -66.637926091270231, -26.644390653098657 ], [ -66.63711760751454, -26.644390653098654 ], [ -66.63711760751454, -26.645468631439602 ], [ -66.637387102099765, -26.645468631439599 ], [ -66.637387102099765, -26.645738126024838 ], [ -66.637926091270231, -26.645738126024845 ], [ -66.637926091270231, -26.646277115195307 ], [ -66.638195585855485, -26.646277115195307 ], [ -66.638195585855485, -26.646816104365783 ], [ -66.63846508044071, -26.646816104365776 ], [ -66.63846508044071, -26.645468631439602 ], [ -66.638195585855485, -26.645468631439602 ], [ -66.638195585855485, -26.644660147683894 ], [ -66.637926091270231, -26.64466014768389 ], [ -66.637926091270231, -26.644390653098657 ] ] ] } },
{ "type": "Feature", "properties": { "raster_value": 1, "overlap_with_reference": 0.59448818897314204, "bofedal_id": "2a031c4e-d5ee-5fa4-a009-37e2e7267fda" }, "geometry": { "type": "MultiPolygon", "coordinates": [ [ [ [ -66.589147571342536, -26.688857259662573 ], [ -66.589147571342536, -26.689126754247809 ], [ -66.588878076757311, -26.689126754247805 ], [ -66.588878076757311, -26.689396248833042 ], [ -66.588608582172071, -26.689396248833042 ], [ -66.588608582172071, -26.689665743418274 ], [ -66.588339087586832, -26.689665743418278 ], [ -66.588339087586832, -26.689935238003518 ], [ -66.588069593001606, -26.689935238003521 ], [ -66.588069593001606, -26.690204732588754 ], [ -66.587800098416366, -26.690204732588747 ], [ -66.587800098416366, -26.690743721759226 ], [ -66.587530603831127, -26.690743721759215 ], [ -66.587530603831127, -26.691552205514935 ], [ -66.586452625490182, -26.691552205514924 ], [ -66.586452625490182, -26.691821700100174 ], [ -66.586183130904942, -26.691821700100171 ], [ -66.586183130904942, -26.692091194685403 ], [ -66.585374647149237, -26.6920911946854 ], [ -66.585374647149237, -26.69236068927064 ], [ -66.585644141734477, -26.69236068927064 ], [ -66.585644141734477, -26.692899678441112 ], [ -66.585913636319717, -26.692899678441105 ], [ -66.585913636319717, -26.693977656782064 ], [ -66.586183130904942, -26.693977656782053 ], [ -66.586183130904942, -26.693708162196824 ], [ -66.586722120075422, -26.69370816219682 ], [ -66.586722120075422, -26.693438667611591 ], [ -66.586991614660661, -26.693438667611584 ], [ -66.586991614660661, -26.693169173026337 ], [ -66.587530603831127, -26.693169173026348 ], [ -66.587530603831127, -26.692899678441112 ], [ -66.587800098416366, -26.692899678441119 ], [ -66.587800098416366, -26.692630183855883 ], [ -66.588339087586832, -26.692630183855876 ], [ -66.588339087586832, -26.692360689270643 ], [ -66.588608582172071, -26.692360689270643 ], [ -66.588608582172071, -26.692091194685403 ], [ -66.588878076757311, -26.6920911946854 ], [ -66.588878076757311, -26.691821700100167 ], [ -66.589147571342536, -26.691821700100174 ], [ -66.589147571342536, -26.691282710929698 ], [ -66.589686560513016, -26.691282710929698 ], [ -66.589686560513016, -26.691013216344459 ], [ -66.590225549683481, -26.691013216344459 ], [ -66.590225549683481, -26.690474227173986 ], [ -66.589956055098256, -26.690474227173993 ], [ -66.589956055098256, -26.690204732588754 ], [ -66.589147571342536, -26.690204732588757 ], [ -66.589147571342536, -26.689935238003518 ], [ -66.589686560513016, -26.689935238003514 ], [ -66.589686560513016, -26.689126754247802 ], [ -66.589956055098256, -26.689126754247805 ], [ -66.589956055098256, -26.688857259662576 ], [ -66.589147571342536, -26.688857259662573 ] ] ], [ [ [ -66.590495044268721, -26.688857259662569 ], [ -66.590495044268721, -26.689126754247805 ], [ -66.591303528024426, -26.689126754247809 ], [ -66.591303528024426, -26.689396248833049 ], [ -66.5910340334392, -26.689396248833038 ], [ -66.5910340334392, -26.689665743418285 ], [ -66.590764538853961, -26.689665743418285 ], [ -66.590764538853961, -26.69020473258875 ], [ -66.591573022609666, -26.690204732588757 ], [ -66.591573022609666, -26.689935238003525 ], [ -66.592112011780131, -26.689935238003518 ], [ -66.592112011780131, -26.689665743418281 ], [ -66.59265100095061, -26.689665743418278 ], [ -66.59265100095061, -26.689396248833042 ], [ -66.593189990121076, -26.689396248833038 ], [ -66.593189990121076, -26.689126754247805 ], [ -66.593728979291555, -26.689126754247805 ], [ -66.593728979291555, -26.688857259662569 ], [ -66.59426796846202, -26.688857259662573 ], [ -66.59426796846202, -26.688587765077333 ], [ -66.59453746304726, -26.688587765077344 ], [ -66.59453746304726, -26.6883182704921 ], [ -66.595076452217725, -26.688318270492104 ], [ -66.595076452217725, -26.688048775906864 ], [ -66.595615441388205, -26.688048775906864 ], [ -66.595615441388205, -26.687779281321632 ], [ -66.59615443055867, -26.687779281321628 ], [ -66.59615443055867, -26.687509786736392 ], [ -66.596693419729149, -26.687509786736396 ], [ -66.596693419729149, -26.687240292151152 ], [ -66.597232408899615, -26.687240292151156 ], [ -66.597232408899615, -26.686970797565916 ], [ -66.597501903484854, -26.68697079756592 ], [ -66.597501903484854, -26.68670130298068 ], [ -66.597771398070094, -26.686701302980691 ], [ -66.597771398070094, -26.686431808395454 ], [ -66.596962914314389, -26.686431808395447 ], [ -66.596962914314389, -26.686162313810211 ], [ -66.596693419729149, -26.686162313810215 ], [ -66.596693419729149, -26.686431808395451 ], [ -66.59615443055867, -26.686431808395444 ], [ -66.59615443055867, -26.686701302980683 ], [ -66.595884935973444, -26.686701302980687 ], [ -66.595884935973444, -26.686970797565923 ], [ -66.595076452217725, -26.686970797565923 ], [ -66.595076452217725, -26.687240292151156 ], [ -66.59453746304726, -26.687240292151159 ], [ -66.59453746304726, -26.687509786736403 ], [ -66.593728979291555, -26.687509786736392 ], [ -66.593728979291555, -26.687779281321632 ], [ -66.59265100095061, -26.687779281321635 ], [ -66.59265100095061, -26.688048775906868 ], [ -66.592381506365371, -26.688048775906861 ], [ -66.592381506365371, -26.687779281321625 ], [ -66.591842517194905, -26.687779281321628 ], [ -66.591842517194905, -26.688048775906861 ], [ -66.5910340334392, -26.688048775906861 ], [ -66.5910340334392, -26.688318270492104 ], [ -66.590495044268721, -26.6883182704921 ], [ -66.590495044268721, -26.688587765077344 ], [ -66.589956055098256, -26.688587765077333 ], [ -66.589956055098256, -26.688857259662576 ], [ -66.590495044268721, -26.688857259662569 ] ] ] ] } },
{ "type": "Feature", "properties": { "raster_value": 1, "overlap_with_reference": 0.67441860463797609, "bofedal_id": "0ab374f5-5521-5367-ac8f-8b239a5a1897" }, "geometry": { "type": "Polygon", "coordinates": [ [ [ -66.588339087586832, -26.716076212771394 ], [ -66.588339087586832, -26.716345707356627 ], [ -66.588608582172071, -26.716345707356634 ], [ -66.588608582172071, -26.716615201941863 ], [ -66.589147571342536, -26.716615201941863 ], [ -66.589147571342536, -26.716884696527107 ], [ -66.589417065927776, -26.716884696527099 ], [ -66.589417065927776, -26.717423685697575 ], [ -66.589686560513016, -26.717423685697572 ], [ -66.589686560513016, -26.717693180282811 ], [ -66.589956055098256, -26.717693180282808 ], [ -66.589956055098256, -26.717962674868051 ], [ -66.590225549683481, -26.717962674868044 ], [ -66.590225549683481, -26.71850166403852 ], [ -66.590495044268721, -26.718501664038524 ], [ -66.590495044268721, -26.719040653208989 ], [ -66.589686560513016, -26.719040653208989 ], [ -66.589686560513016, -26.71850166403852 ], [ -66.589417065927776, -26.718501664038527 ], [ -66.589417065927776, -26.718232169453277 ], [ -66.588878076757311, -26.71823216945328 ], [ -66.588878076757311, -26.717962674868048 ], [ -66.588608582172071, -26.717962674868048 ], [ -66.588608582172071, -26.717693180282811 ], [ -66.588339087586832, -26.717693180282808 ], [ -66.588339087586832, -26.717423685697579 ], [ -66.588069593001606, -26.717423685697575 ], [ -66.588069593001606, -26.716884696527099 ], [ -66.587800098416366, -26.716884696527103 ], [ -66.587800098416366, -26.716345707356631 ], [ -66.588069593001606, -26.716345707356631 ], [ -66.588069593001606, -26.716076212771394 ], [ -66.588339087586832, -26.716076212771394 ] ] ] } },
{ "type": "Feature", "properties": { "raster_value": 1, "overlap_with_reference": 0.61904761904437566, "bofedal_id": "605e0cd2-ce7c-5779-921b-de4ba45117f0" }, "geometry": { "type": "Polygon", "coordinates": [ [ [ -66.835735116833348, -26.871574588452489 ], [ -66.835735116833348, -26.871844083037729 ], [ -66.836004611418588, -26.871844083037715 ], [ -66.836004611418588, -26.87265256679343 ], [ -66.835465622248122, -26.872652566793434 ], [ -66.835465622248122, -26.872922061378659 ], [ -66.834657138492403, -26.872922061378656 ], [ -66.834657138492403, -26.872652566793434 ], [ -66.834387643907178, -26.872652566793423 ], [ -66.834387643907178, -26.872113577622962 ], [ -66.834657138492403, -26.872113577622958 ], [ -66.834657138492403, -26.871844083037718 ], [ -66.835465622248122, -26.871844083037718 ], [ -66.835465622248122, -26.871574588452479 ], [ -66.835735116833348, -26.871574588452489 ] ] ] } },
{ "type": "Feature", "properties": { "raster_value": 1, "overlap_with_reference": 0.72727272722838499, "bofedal_id": "5593ebda-d360-52a5-81c7-bd997fe050c4" }, "geometry": { "type": "Polygon", "coordinates": [ [ [ -67.263423023602655, -26.95161448026753 ], [ -67.263423023602655, -26.95188397485277 ], [ -67.263962012773121, -26.951883974852766 ], [ -67.263962012773121, -26.952153469438006 ], [ -67.2645010019436, -26.952153469438002 ], [ -67.2645010019436, -26.952422964023231 ], [ -67.26477049652884, -26.952422964023228 ], [ -67.26477049652884, -26.952692458608482 ], [ -67.265039991114065, -26.952692458608482 ], [ -67.265039991114065, -26.952961953193707 ], [ -67.265309485699305, -26.952961953193711 ], [ -67.265309485699305, -26.953231447778951 ], [ -67.26477049652884, -26.953231447778947 ], [ -67.26477049652884, -26.952961953193714 ], [ -67.263692518187895, -26.952961953193714 ], [ -67.263692518187895, -26.952692458608468 ], [ -67.263153529017416, -26.952692458608475 ], [ -67.263153529017416, -26.95161448026753 ], [ -67.263423023602655, -26.95161448026753 ] ] ] } },
{ "type": "Feature", "properties": { "raster_value": 1, "overlap_with_reference": 0.64285714285186302, "bofedal_id": "cdf0278c-13d4-5f9b-9f8f-ae3ea941082d" }, "geometry": { "type": "Polygon", "coordinates": [ [ [ -65.908673743622003, -26.956195888216541 ], [ -65.908673743622003, -26.95673487738701 ], [ -65.908943238207243, -26.956734877387014 ], [ -65.908943238207243, -26.957004371972246 ], [ -65.908404249036764, -26.957004371972253 ], [ -65.908404249036764, -26.957543361142726 ], [ -65.908134754451538, -26.957543361142715 ], [ -65.908134754451538, -26.957004371972253 ], [ -65.907595765281059, -26.957004371972261 ], [ -65.907595765281059, -26.956195888216541 ], [ -65.907865259866298, -26.956195888216538 ], [ -65.907865259866298, -26.956465382801788 ], [ -65.908134754451538, -26.956465382801781 ], [ -65.908134754451538, -26.956195888216545 ], [ -65.908673743622003, -26.956195888216541 ] ] ] } },
{ "type": "Feature", "properties": { "raster_value": 1, "overlap_with_reference": 0.66666666662028251, "bofedal_id": "f93b5903-387e-5a51-85e5-6ff1366a97a1" }, "geometry": { "type": "Polygon", "coordinates": [ [ [ -67.354242698827136, -26.993116646393858 ], [ -67.354242698827136, -26.993925130149563 ], [ -67.35262573131574, -26.99392513014956 ], [ -67.35262573131574, -26.993655635564327 ], [ -67.352356236730486, -26.993655635564323 ], [ -67.352356236730486, -26.993386140979087 ], [ -67.352895225900966, -26.993386140979091 ], [ -67.352895225900966, -26.993116646393858 ], [ -67.354242698827136, -26.993116646393858 ] ] ] } }
]
}
